CustomerId,Age,CreditScore,Tenure,TransactionFrequency,AvgTransactionAmount,ComplaintsFiled,CustomerSatisfaction,HasLoan,Balance,Churn
15634602,42,619,2,7,2173.57,4,3,0,1000,1
15647311,41,608,1,27,47136.49,1,3,0,83807.86,0
15619304,42,502,8,27,49700.37,3,5,0,159660.8,1
15701354,39,699,1,16,18492.24,1,2,1,1000,0
15737888,43,850,2,29,5138.65,3,5,0,125510.82,0
15574012,44,645,8,17,32773.05,4,4,0,113755.78,1
15592531,50,822,7,22,18148.02,0,2,1,1000,0
15656148,29,376,4,4,22837.3,0,1,0,115046.74,1
15792365,44,501,4,29,12514.49,3,3,0,142051.07,0
15592389,27,684,2,45,45631.07,4,2,0,134603.88,0
15767821,31,528,6,29,35408.56,5,5,0,102016.72,0
15737173,24,497,3,34,27130.99,0,4,1,1000,0
15632264,34,476,10,23,23117.95,1,1,1,1000,0
15691483,25,549,5,40,36987.3,0,5,0,1000,0
15600882,35,635,7,10,36844.77,0,3,1,1000,0
15643966,45,616,3,21,15998.53,3,2,1,143129.41,0
15737452,58,653,1,24,10295.1,1,5,0,132602.88,1
15788218,24,549,9,12,37266.77,5,5,1,1000,0
15661507,45,587,6,7,27420.43,0,5,1,1000,0
15568982,24,726,6,15,19196.31,2,2,1,1000,0
15577657,41,732,8,11,29508.09,4,4,0,1000,0
15597945,32,636,8,3,20188.29,0,4,0,1000,0
15699309,38,510,4,24,31315.01,2,1,0,1000,1
15725737,46,669,3,7,37719.32,3,4,1,1000,0
15625047,38,846,5,35,22054.26,5,1,1,1000,0
15738191,25,577,3,23,37144.78,1,1,1,1000,0
15736816,36,756,2,33,41324.61,2,5,0,136815.64,0
15700772,44,571,9,14,27805.61,0,3,0,1000,0
15728693,43,574,3,12,22065.02,2,5,0,141349.43,0
15656300,29,411,0,9,12851.97,2,2,1,59697.17,0
15589475,39,591,3,21,29421.67,4,3,0,1000,1
15706552,36,533,7,27,48141.36,0,3,0,85311.7,0
15750181,41,553,9,3,47582.84,1,1,1,110112.54,0
15659428,42,520,6,8,561.49,4,4,1,1000,0
15732963,29,722,9,1,17985.44,5,1,1,1000,0
15794171,45,475,0,21,35448.2,0,1,1,134264.04,1
15788448,31,490,3,20,43392.1,5,1,1,145260.23,0
15729599,33,804,7,39,40573.23,3,5,1,76548.6,0
15717426,36,850,7,29,33301,3,1,1,1000,0
15585768,41,582,6,28,15927.63,4,4,0,70349.48,0
15619360,40,472,4,32,15334.39,5,4,1,1000,0
15738148,51,465,8,23,34811.17,2,3,0,122522.32,1
15687946,61,556,2,19,1526.31,5,2,0,117419.35,0
15755196,49,834,2,39,17672.76,0,3,1,131394.56,1
15684171,61,660,5,42,23455.07,4,4,0,155931.11,0
15754849,32,776,4,41,3495.14,5,5,0,109421.13,0
15602280,27,829,9,11,33018.27,1,2,0,112045.67,1
15771573,39,637,9,39,42325.8,4,4,1,137843.8,1
15766205,38,550,2,50,19293.69,3,2,1,103391.38,0
15771873,37,776,2,49,29162.1,0,2,0,103769.22,0
15616550,44,698,10,30,40550.06,0,2,1,116363.37,0
15768193,36,585,5,1,48604.98,4,5,1,146050.97,0
15683553,33,788,5,33,5570.42,0,2,0,1000,0
15702298,41,655,8,11,43123.23,0,3,0,125561.97,1
15569590,42,601,1,31,46909.18,0,4,1,98495.72,1
15760861,43,619,1,28,47579.74,1,3,0,125211.92,0
15630053,45,656,5,41,17301.27,2,2,0,127864.4,0
15647091,19,725,0,5,11022.51,5,1,0,75888.2,0
15623944,66,511,4,9,47945.27,5,3,0,1000,1
15804771,51,614,4,30,10023.18,4,3,1,40685.92,0
15651280,35,742,5,13,46216.6,0,3,0,136857,0
15773469,27,687,9,15,11140.81,2,1,0,152328.88,0
15702014,33,555,1,17,31220.6,0,2,1,56084.69,0
15751208,56,684,8,29,14663.95,0,3,1,78707.16,0
15592461,26,603,4,23,8552.88,0,2,0,109166.37,0
15789484,36,751,6,35,2192.56,1,5,1,169831.46,0
15696061,34,581,1,19,34462.5,4,2,1,101633.04,0
15641582,43,735,10,21,18712.02,2,2,1,123180.01,0
15638424,35,661,5,23,14640.72,4,2,0,150725.53,0
15755648,21,675,8,43,29838.94,2,3,1,98373.26,0
15703793,58,738,2,31,38408.82,2,1,0,133745.44,1
15620344,29,813,6,31,48293.29,1,5,0,1000,0
15812518,37,657,0,30,31995.51,3,1,1,163607.18,0
15779052,25,604,5,12,46562.41,1,4,0,157780.84,0
15770811,36,519,9,41,3848.44,4,5,1,1000,0
15780961,21,735,1,24,19043.8,3,5,0,178718.19,0
15614049,55,664,8,24,28461.76,3,5,1,1000,0
15662085,32,678,9,38,28014.48,3,1,0,1000,0
15575185,33,757,5,7,33323.16,3,4,0,77253.22,0
15803136,41,416,10,36,46932.63,5,2,1,122189.66,0
15706021,34,665,1,2,23189.3,3,4,0,96645.54,0
15663706,32,777,2,37,11056.21,4,5,0,1000,1
15641732,36,543,3,28,14473.47,0,2,0,1000,0
15701164,34,506,4,11,49883.3,2,5,0,90307.62,0
15738751,46,493,4,12,40565.47,0,5,1,1000,0
15805254,75,652,10,2,22623.21,0,5,0,1000,0
15762418,22,750,3,23,352.99,0,3,0,121681.82,1
15625759,30,729,9,9,17833.79,4,2,0,1000,0
15622897,46,646,4,32,9226.48,1,2,0,1000,1
15767954,28,635,3,36,38480.25,4,2,1,81623.67,0
15757535,44,647,5,41,37339.04,4,5,0,1000,1
15731511,45,808,7,49,43495.84,0,3,0,118626.55,0
15809248,36,524,10,38,21928.21,5,1,1,1000,0
15640635,29,769,8,49,2203.1,1,1,0,1000,0
15676966,42,730,4,21,45005.85,5,1,0,1000,0
15699461,35,515,10,1,42462.17,4,4,1,176273.95,0
15738721,41,773,9,41,41284.79,4,3,1,102827.44,0
15693683,29,814,8,8,41670.62,5,2,0,97086.4,0
15604348,22,710,8,42,45329.4,5,1,1,1000,0
15633059,34,413,9,49,24306.5,1,1,0,1000,0
15808582,40,665,6,19,18886.87,4,5,0,1000,0
15743192,44,623,6,22,15093.15,5,5,1,1000,0
15580146,31,738,9,18,48600.32,0,5,0,82674.15,0
15776605,36,528,7,33,35576.52,0,2,0,1000,0
15804919,65,670,1,15,38007.04,2,2,1,1000,1
15613854,46,622,4,37,8863.12,5,5,1,107073.27,1
15599195,32,582,1,20,32169.94,2,5,1,88938.62,0
15812878,36,785,2,41,1301.06,1,1,0,99806.85,0
15602312,33,605,5,46,21957.27,3,1,0,150092.8,0
15744689,35,479,9,41,41197.24,4,4,0,92833.89,1
15803526,30,685,3,32,35377.38,0,1,1,90536.81,0
15665790,39,538,7,14,39294.96,4,4,1,108055.1,0
15715951,42,562,2,18,3462.65,5,5,1,100238.35,0
15591100,36,675,9,48,22642.68,3,4,1,106190.55,0
15609618,28,721,9,34,44832.17,4,2,0,154475.54,1
15675522,30,628,9,50,6892.26,1,1,0,132351.29,0
15705512,37,668,6,31,23234.91,4,2,0,167864.4,0
15698028,41,506,1,47,1653.97,3,1,1,1000,0
15661670,31,524,8,43,40653.81,4,4,1,107818.63,1
15600781,34,699,4,27,3436.61,3,4,0,185173.81,0
15682472,34,828,8,31,19773.49,0,3,1,129433.34,0
15580203,39,674,6,12,22349.74,5,5,0,120193.42,0
15690673,39,656,6,35,44744.61,1,4,1,1000,0
15760085,48,684,10,50,4287.33,2,5,0,126384.42,0
15779659,28,625,3,35,329.44,0,3,0,1000,0
15627360,42,432,9,20,27046.94,5,1,1,152603.45,1
15671137,52,549,1,5,24608.09,3,5,0,1000,1
15782688,56,625,0,7,7980.5,4,3,0,148507.24,1
15575492,41,828,7,34,38106.74,5,4,1,1000,0
15591607,24,770,9,28,43640.02,3,4,0,101827.07,0
15740404,34,758,3,30,49823.48,1,4,1,1000,0
15718369,33,795,9,36,2793.3,1,1,0,130862.43,0
15677871,38,687,9,37,24034.53,0,4,0,122570.87,0
15642004,25,686,1,7,49936.07,3,5,0,1000,0
15712543,39,789,7,9,7467.09,0,4,0,124828.46,0
15584518,50,589,5,2,7001.3,3,1,0,144895.05,0
15802381,34,461,5,3,9508.58,0,4,1,63663.93,0
15610156,40,637,2,38,48173.93,4,2,1,133463.1,0
15594408,48,584,2,34,40879.83,2,3,1,213146.2,1
15640905,35,579,1,10,29069.82,3,4,1,129490.36,1
15698932,44,756,10,46,19865.95,0,1,0,137452.09,0
15724944,34,663,7,40,43575.65,0,3,0,1000,0
15628145,43,682,5,38,28852.25,1,3,1,125851.93,0
15713483,52,793,2,11,22634.38,2,1,0,1000,1
15612350,31,691,5,29,259.78,2,2,0,40915.55,1
15800703,21,485,5,28,49349.58,1,4,1,113157.22,0
15705707,29,635,8,11,37915.72,4,1,0,138296.94,0
15754105,37,650,5,41,6592.62,1,2,1,106967.18,0
15703264,44,735,9,8,31875.82,5,1,1,120681.63,0
15794413,32,416,0,24,36661.77,2,5,0,1000,0
15650237,32,754,7,11,4349.37,2,1,0,1000,0
15759618,48,535,9,8,38826.5,1,1,1,1000,1
15811589,42,716,8,42,29621.6,5,3,1,1000,0
15689044,37,539,2,4,39442.72,1,1,0,127609.59,0
15709368,43,614,6,13,35540.53,1,2,1,1000,0
15679145,57,706,7,47,37778.21,1,5,1,1000,1
15655007,33,758,7,16,19612.86,2,1,1,1000,0
15623595,28,586,2,50,4304.89,3,5,1,1000,0
15589975,73,646,6,13,22527.55,0,1,0,97259.25,0
15804017,33,631,4,5,164.77,2,2,0,123246.7,0
15692132,22,717,6,30,31908.84,3,2,1,101060.25,0
15641122,30,684,2,30,10675.93,2,3,0,1000,0
15630910,49,800,7,33,1716.24,2,1,1,108007.36,0
15680772,36,721,2,21,41110.82,0,1,0,1000,0
15658929,29,683,0,46,20534.71,2,3,1,133702.89,1
15585388,31,660,9,22,38593.89,4,2,1,125189.75,0
15724623,24,704,7,17,47796.92,1,3,1,113034.22,1
15588537,41,615,9,5,40961.33,5,5,0,109013.23,0
15574692,39,667,2,35,9509.61,0,4,0,1000,1
15611325,24,682,9,33,38037.6,5,4,1,57929.81,0
15587562,29,484,4,34,47712.5,1,5,1,130114.39,0
15613172,27,628,5,1,38065.11,5,3,0,95826.49,0
15651022,44,480,10,28,13999.06,3,4,0,129608.57,1
15586310,30,578,4,41,32006.16,3,1,1,169462.09,0
15625524,40,512,5,16,16910.57,3,5,1,1000,0
15755209,35,484,7,10,15753.44,0,2,1,133868.21,0
15645248,30,510,0,22,47256.91,1,3,0,1000,0
15790355,36,606,5,9,23323.79,0,2,0,190479.48,0
15762615,40,597,8,47,9969.74,0,3,0,101993.12,0
15625426,55,754,3,35,21234.43,1,4,0,161608.81,1
15716334,45,850,2,18,5536.65,0,3,1,122311.21,0
15789669,65,510,2,25,38199.45,0,2,1,1000,0
15621075,45,778,1,4,44321.95,5,3,0,162150.42,0
15810845,42,636,2,28,17787.68,4,5,0,1000,0
15719377,50,804,4,11,40360.23,2,3,1,1000,1
15654506,32,514,8,43,49079.78,5,2,1,1000,0
15771977,39,730,1,4,1081.99,0,5,1,99010.67,0
15708710,37,525,0,31,12047.79,4,3,1,1000,0
15726676,30,616,5,44,35795.64,5,4,1,1000,0
15587421,34,687,7,25,18812.4,2,2,1,111388.18,0
15726931,41,715,8,19,7186.32,1,5,0,56214.85,1
15771086,36,512,3,2,38798.26,0,3,0,84327.77,0
15756850,40,479,1,33,19119.77,3,5,0,1000,0
15702741,32,601,8,31,42154.41,5,4,1,93012.89,0
15679200,29,580,9,7,24219.37,5,2,0,61710.44,0
15594815,35,807,3,8,18978.36,1,2,1,174790.15,0
15635905,32,616,6,4,49098.15,0,1,1,1000,0
15777892,37,721,3,14,13762.87,2,1,0,107720.64,0
15656176,57,501,10,29,15120.35,1,4,0,1000,0
15811127,35,521,6,50,10709.82,2,5,0,96423.84,0
15604482,30,850,2,47,40996.15,1,2,1,141040.01,0
15622911,42,759,4,35,234.11,0,3,1,105420.18,0
15600974,50,516,5,41,13937.14,5,3,0,1000,1
15727868,38,711,2,12,34913.33,1,5,1,129022.06,1
15627801,33,512,3,30,46116.71,3,4,0,176666.62,0
15773039,37,550,3,14,28803.55,3,4,0,1000,0
15755262,41,608,3,33,41389.37,4,3,1,89763.84,1
15679531,34,618,5,50,47473.04,3,5,0,134954.53,0
15684181,45,643,5,39,40657.33,2,4,1,1000,1
15612087,45,671,2,50,35860.63,0,4,0,106376.85,0
15752047,33,689,2,25,11584.5,1,2,0,161814.64,0
15624592,31,603,8,6,25576.67,0,3,0,1000,0
15573152,41,620,9,21,22810.17,3,3,0,1000,0
15594917,34,676,1,3,10721.27,3,2,0,63095.01,0
15785542,26,572,4,15,40691.18,3,3,0,118287.01,0
15723488,47,668,7,28,12588.22,1,3,0,106854.21,1
15680920,46,695,7,14,1176.08,0,4,0,49512.55,0
15786308,33,730,9,16,5900.78,2,1,0,1000,0
15659366,43,807,1,1,21059.44,2,4,0,105799.32,1
15774854,54,592,8,25,34854.06,5,3,0,1000,1
15725311,31,726,9,7,8936.95,1,1,0,114722.05,0
15787155,30,514,7,4,45276.04,2,2,1,1000,0
15727829,42,567,2,4,23697.81,5,3,1,1000,0
15733247,33,850,10,6,33858.05,1,4,0,1000,1
15568748,45,671,6,46,28727.02,2,4,0,99564.22,1
15699029,37,670,4,22,34921.4,0,4,0,170557.91,0
15774393,30,694,9,3,25636,5,1,0,1000,0
15676895,39,547,6,39,40491.92,3,2,1,74596.15,1
15637753,50,751,2,21,27064.14,0,1,0,96888.39,1
15605461,29,594,3,5,15332.1,2,2,0,130830.22,0
15808473,72,673,1,36,15687.13,0,5,1,1000,0
15627000,40,610,0,4,4804.36,3,5,1,1000,0
15787174,37,512,1,22,28452.75,4,5,0,1000,0
15723886,20,767,3,33,28271.4,3,5,1,119714.25,0
15704769,67,585,5,44,17938.04,3,2,0,113978.97,0
15772896,42,763,6,21,41985.41,4,5,0,100160.75,1
15711540,29,712,2,37,26604.43,0,5,0,1000,0
15764866,43,539,3,10,946.57,4,3,0,116220.5,1
15794056,46,668,2,41,43506.62,2,5,0,1000,1
15795149,28,703,2,42,10967.91,3,2,1,81173.83,0
15812009,38,662,4,27,42004.56,3,3,1,1000,0
15651001,39,725,5,50,27141.05,1,5,0,116803.8,0
15813844,37,703,8,31,10257.66,1,4,1,105961.68,0
15596175,67,659,6,45,28932.82,1,1,1,117411.6,1
15576269,34,523,7,14,29868.55,3,2,1,1000,0
15797219,40,635,10,3,13419.95,1,2,1,123497.58,1
15685500,26,772,7,10,38980.94,4,5,1,152400.51,0
15599792,26,545,1,40,32752.74,4,3,1,1000,0
15657566,24,634,8,15,44636.82,5,1,0,103097.85,0
15772423,54,739,8,27,31873.6,2,5,1,126418.14,1
15628112,36,771,5,39,15547.55,4,5,1,77846.9,0
15753754,34,587,1,36,30873.39,0,4,1,1000,0
15793726,79,681,0,23,39920.72,5,2,1,1000,0
15694717,37,544,2,9,40079.44,3,2,0,79731.91,0
15665834,28,696,8,50,13090,0,4,0,1000,0
15765297,41,766,0,14,20006.9,1,3,0,1000,0
15636684,34,727,10,45,32986.85,2,4,1,1000,0
15592979,34,671,6,49,18253.31,5,1,0,37266.67,0
15750803,30,693,6,16,47254.13,5,2,1,127992.25,0
15607178,38,850,3,26,6105.93,4,1,1,54901.01,0
15713853,42,732,9,37,14518.96,1,3,0,108748.08,0
15673481,48,726,6,43,14015.39,3,4,1,99906.19,0
15686776,32,557,6,49,45967.49,5,4,0,184686.41,0
15673693,26,682,0,38,38063.9,5,4,0,110654.02,0
15700696,31,738,9,8,45009.71,0,3,1,79019.8,0
15813163,36,531,9,15,31341.97,3,5,1,99240.51,0
15653857,34,498,2,24,5691.1,2,4,1,1000,0
15777076,36,651,7,43,14930.91,4,1,1,1000,0
15717398,39,549,7,14,26465.1,1,2,1,1000,1
15799217,35,791,7,1,49025.19,5,1,0,52436.2,0
15787071,41,650,9,36,32337.82,4,4,1,1000,0
15619955,34,733,3,43,32124.46,4,4,0,100337.96,1
15796505,34,811,1,13,42794.49,3,2,1,149297.19,0
15725166,30,707,8,20,22073.33,2,2,1,1000,0
15800116,28,712,4,44,12673.61,0,3,1,145605.44,0
15758685,37,706,7,31,24426.87,0,3,0,1000,0
15694456,62,756,3,2,23174.48,1,4,0,1000,1
15767339,53,777,10,50,45859.6,0,5,0,1000,0
15683562,35,646,6,3,22768.97,0,3,0,84026.86,0
15782210,46,714,1,12,37242.43,0,2,1,1000,1
15668893,39,782,8,20,24225.6,5,4,0,1000,0
15669169,29,775,10,43,35558.24,1,2,0,1000,0
15643024,35,479,4,46,43616.53,4,1,1,138718.92,1
15699389,42,807,7,34,12862.24,0,3,0,118274.71,0
15708608,22,799,8,34,12016.49,1,1,0,174185.98,0
15626144,40,675,7,16,31951.41,4,3,1,113208.86,0
15573112,29,602,5,49,10147.2,0,5,1,103907.28,0
15790678,32,475,8,34,2358.51,5,1,0,119023.28,0
15727556,26,744,5,35,16436.89,0,2,0,166297.89,0
15697307,34,588,10,37,28421.74,3,4,0,1000,0
15652266,42,703,9,32,48744.5,1,5,1,63227,0
15607098,41,747,5,21,349.2,2,3,1,94521.17,0
15655774,27,583,7,37,9304.04,4,1,0,1000,0
15590241,34,750,9,31,20903.95,3,3,0,112822.26,1
15785819,38,681,3,22,22408.18,0,4,0,1000,0
15723654,25,773,2,10,37375.99,2,4,0,135903.33,0
15774510,31,714,4,39,5703.36,4,2,0,125169.26,0
15684173,44,687,7,8,33863.18,3,1,1,1000,1
15650068,58,511,0,33,47712.37,3,5,1,149117.31,0
15811490,33,627,5,37,35566.15,5,5,1,1000,0
15803976,31,694,10,42,15972.52,5,2,0,1000,0
15682541,36,616,6,4,31319.28,4,4,0,132311.71,0
15695699,35,687,8,23,27494.61,3,1,0,1000,0
15624188,33,712,6,15,21831.32,2,4,0,1000,0
15812191,33,553,4,19,8059.65,2,5,0,118082.89,0
15636673,31,667,1,17,4261.99,0,2,1,119266.69,0
15594898,43,731,2,25,37603.67,0,1,0,1000,1
15660211,35,629,7,4,42369.74,4,2,0,156847.29,0
15773972,50,614,4,34,4543.51,0,1,0,137104.47,1
15746726,31,438,8,3,9231.27,0,3,1,78398.69,0
15712287,80,652,4,23,20919.92,3,5,0,1000,0
15702919,30,729,6,5,22045.41,3,5,0,63669.42,0
15674398,38,642,3,39,36213.23,1,1,1,1000,0
15797960,59,806,0,42,38056.46,3,1,1,135296.33,0
15631868,36,744,2,29,28291.69,5,3,0,153804.44,0
15581539,37,474,3,14,952.32,0,1,1,1000,0
15662736,49,559,2,37,21913.85,2,2,0,147069.78,1
15666252,42,706,9,20,2307.68,3,4,1,1000,0
15677512,22,628,3,6,6270.89,0,4,1,1000,0
15626114,24,429,4,42,45013.89,3,1,1,95741.75,0
15810834,57,525,2,28,1524.99,3,5,0,145965.33,0
15678910,30,680,8,31,42465.13,4,5,1,141441.75,0
15694408,40,749,1,34,557.08,4,5,1,139290.41,1
15585215,31,763,4,34,41296.22,3,5,0,1000,0
15682757,30,734,3,13,17981.12,1,3,0,1000,0
15736601,35,716,4,25,2791.02,4,4,1,144428.87,0
15601848,35,594,2,28,3075.58,4,4,1,1000,0
15736008,46,644,9,21,46999.43,5,2,1,95441.27,1
15669064,35,671,1,8,30862.6,2,1,1,144848.74,0
15624528,26,664,7,4,45750.63,1,2,1,116244.14,0
15598493,50,656,7,14,28411.56,2,1,0,1000,0
15601274,40,667,1,23,19742.3,0,1,1,146502.07,0
15702669,44,663,2,13,44654.74,2,5,0,117028.6,0
15728669,30,584,8,6,20362.72,0,1,0,112013.81,1
15742668,37,626,6,43,23073.88,2,4,1,108269.37,0
15697441,29,485,7,23,4621.32,3,5,1,182123.79,1
15740476,32,659,3,8,2011.55,1,3,1,150923.74,0
15648064,33,649,2,31,42798.31,0,5,1,1000,0
15636624,39,805,5,37,19557.42,0,5,1,165272.13,1
15807923,39,716,10,48,11925.82,1,3,0,115301.31,1
15745844,40,642,6,1,28689.64,0,3,0,129502.49,1
15786170,31,659,4,17,16571.71,2,5,0,118342.26,0
15681081,47,545,5,43,48259.7,2,3,0,1000,0
15684484,22,543,8,24,5290.71,0,4,1,1000,0
15785869,25,718,7,23,43605.15,1,5,0,1000,0
15763859,43,840,7,13,21169.55,2,3,1,1000,0
15658935,34,630,9,11,27806.91,4,4,0,106937.05,0
15747358,59,643,3,46,24571.25,3,3,1,170331.37,0
15735203,32,654,1,38,31763.7,4,3,1,114510.85,0
15576256,39,582,5,43,26770.71,0,3,0,1000,0
15659420,32,659,3,4,36696.78,2,5,0,107594.11,0
15593365,39,762,2,22,16381.68,4,5,0,81273.13,0
15777352,32,568,7,21,17725.73,5,1,0,169399.6,0
15812007,25,670,6,21,48165.35,5,5,0,1000,0
15625461,45,613,1,11,4563.85,1,4,0,187841.99,0
15739438,30,539,0,29,5041.92,0,4,1,1000,0
15611759,57,850,8,35,33858.83,2,4,0,126776.3,0
15661629,34,522,9,29,39762.94,5,3,1,126436.29,1
15633950,41,737,1,5,22630.77,2,4,1,101960.74,0
15592386,58,520,3,10,5850.81,2,2,0,1000,0
15803716,28,706,3,22,48516.5,0,1,0,1000,0
15696674,45,643,2,2,3170.19,5,3,1,150842.93,1
15706365,50,648,9,37,1650.76,2,1,1,102535.57,0
15745088,29,443,9,28,23980.93,5,5,1,99027.61,0
15676715,68,640,9,6,9157.64,4,3,0,1000,0
15613085,33,628,3,1,27216.38,2,4,1,1000,0
15633537,42,540,9,46,23372.3,3,1,1,87271.41,0
15594720,35,460,8,50,39914.99,1,2,0,102742.91,0
15684042,34,636,2,9,49011.66,3,1,0,40105.51,0
15583303,29,593,2,26,45879.03,4,2,0,152265.43,0
15611579,42,801,4,35,6157.5,1,3,0,141947.67,0
15774696,75,640,1,1,38107.02,5,1,1,106307.91,0
15694506,31,611,0,18,44502.88,1,4,1,107884.81,0
15688074,31,802,1,47,24383,0,1,0,125013.72,0
15759537,35,717,7,49,32878.5,2,4,1,58469.37,0
15758449,39,769,8,34,29882.17,1,4,1,1000,0
15583456,45,745,10,21,45084.84,2,1,0,117231.63,1
15667871,35,572,4,20,17174.6,3,5,1,152390.26,0
15677371,30,629,2,16,6548.8,4,3,0,34013.63,0
15629677,39,687,2,31,35275.33,3,3,0,1000,1
15713578,50,483,9,2,42223.53,4,2,0,1000,0
15591509,36,690,7,17,41473.59,5,2,0,101583.11,0
15568240,30,492,10,45,16587.62,5,5,0,77168.87,0
15622993,28,709,8,8,9919.42,2,4,1,124695.72,0
15689294,44,705,3,29,24535.42,0,5,1,105934.96,0
15720910,66,560,9,18,13910.38,1,5,1,1000,0
15721181,46,611,6,1,36372.7,0,5,1,1000,0
15776433,62,730,2,31,27455.37,3,4,1,1000,0
15748936,45,709,2,19,36961.71,2,4,1,1000,0
15717225,21,544,10,37,46495.65,2,2,0,161525.96,0
15685226,29,712,7,42,7550.03,3,2,1,147199.07,0
15785611,38,752,3,47,27783.76,5,1,1,183102.29,0
15573456,46,648,9,17,8234.14,5,5,1,127209,1
15684548,38,556,8,27,33195.11,4,1,0,1000,1
15620505,24,594,0,47,14774.97,4,3,1,97378.54,0
15807432,37,645,2,42,11286.14,3,3,0,136925.09,0
15584766,33,557,3,44,11011.97,1,1,1,54503.55,0
15612187,32,547,8,26,29145.37,2,1,1,155726.85,0
15762218,39,701,9,14,37805.71,0,2,1,1000,0
15646372,66,616,1,36,29380.28,5,3,0,135842.41,1
15690452,52,605,1,21,44105.05,2,5,1,63349.75,0
15747795,38,593,4,9,41972.26,5,5,0,129499.42,0
15781589,52,751,8,41,15861.76,5,5,0,1000,0
15732674,36,443,6,23,1480.63,5,4,1,70438.01,0
15642291,23,685,8,46,4910.88,1,2,0,1000,0
15692761,36,718,9,6,31710.18,1,5,0,1000,0
15578045,49,538,9,31,4140.19,5,1,0,141434.04,1
15745354,37,611,4,16,6453.78,0,4,1,1000,0
15701376,37,668,10,49,5339.39,4,5,1,152958.29,0
15691625,41,537,3,28,38235.49,3,5,1,138306.34,0
15566594,23,709,10,47,27336.34,2,2,0,1000,0
15760431,38,850,1,39,31152.52,1,4,1,1000,0
15686302,31,745,3,28,34805.43,5,4,1,124328.84,0
15801559,41,693,9,38,16545.93,0,5,0,181461.48,1
15810432,35,795,8,17,19750.49,3,1,1,1000,0
15809616,26,626,8,22,23710.25,0,1,0,1000,0
15720559,61,487,5,47,10632.93,0,5,0,110368.03,1
15695632,39,556,9,25,45222.65,1,3,0,89588.35,0
15659843,46,643,6,38,45362.99,3,4,0,1000,0
15615624,28,605,6,22,6942.63,3,3,0,1000,0
15810418,60,756,3,43,24588.03,2,1,1,115924.89,1
15716186,38,586,2,14,27626.79,3,2,1,1000,0
15674551,40,535,7,9,46457.46,3,5,1,111756.5,1
15622834,35,678,4,26,42566,5,4,1,1000,0
15566111,39,596,9,16,39240.63,4,4,1,1000,0
15784597,26,648,9,46,48639.92,2,4,1,162923.85,0
15652883,39,492,10,39,3639.05,4,2,1,124576.65,0
15806964,45,702,0,24,25547.05,3,2,1,80793.58,0
15576313,40,486,9,49,2674.36,4,3,0,71340.09,0
15806467,40,568,1,38,46986.71,3,1,0,99282.63,1
15597602,57,619,3,19,16159.51,4,1,1,137946.39,1
15743040,41,724,2,9,32193.54,0,4,0,127892.57,0
15705521,33,548,0,2,42521.06,5,2,0,101084.36,0
15595039,37,545,8,7,9275.95,1,3,0,114754.08,1
15799384,33,683,8,10,385.37,1,3,1,1000,0
15581197,51,762,3,45,21865.66,0,5,0,99286.98,0
15693737,30,627,4,38,28992.99,3,1,1,79871.02,0
15624623,35,516,10,47,35941.12,2,5,0,104088.59,0
15783501,38,800,2,33,33720.23,3,5,1,168190.33,0
15690134,42,464,3,41,19861.05,5,4,0,85679.25,0
15782735,35,626,3,23,29213.46,5,3,1,1000,0
15611088,31,790,9,29,36287.25,0,5,0,1000,0
15672145,34,534,7,42,15104.21,4,1,1,121551.58,0
15732628,46,745,2,7,18095.94,3,5,1,122220.19,0
15787470,47,553,3,26,3963.36,4,3,1,116528.15,1
15803406,26,748,1,25,33787.56,5,2,0,77780.29,0
15730460,37,722,2,47,30930.52,5,1,0,1000,0
15644572,40,501,4,34,5908.44,3,1,1,125832.2,0
15694860,38,675,6,44,42262.38,5,3,1,68065.8,1
15658169,47,778,6,48,13006.28,5,4,1,127299.34,0
15794396,38,494,7,49,45221.41,3,1,1,174937.64,0
15785798,40,850,9,33,26502.54,2,3,0,1000,0
15710825,31,592,7,7,429.59,3,2,1,110071.1,0
15668444,44,590,3,3,25689.45,4,2,0,139432.37,0
15726631,39,758,6,2,44691.97,1,2,1,127357.76,0
15733797,36,506,5,10,11789.91,3,3,1,1000,0
15747960,33,733,3,31,48910.03,4,1,0,1000,0
15634632,38,711,3,13,27228,5,5,0,1000,0
15707362,43,514,1,5,31631.83,3,4,0,95556.31,1
15662976,37,637,8,25,35384.31,3,2,0,1000,0
15732778,29,468,1,18,13596.78,2,3,1,111681.98,0
15718443,39,539,3,29,36258.49,5,5,0,1000,0
15670039,25,509,3,21,49580.8,1,2,0,108738.71,0
15773792,32,662,4,9,37713.63,2,3,0,133950.37,1
15613786,26,818,4,4,17078.12,1,3,1,1000,0
15726032,33,608,9,21,4990.69,4,4,1,89968.69,0
15663252,32,850,9,27,25817.77,5,2,0,1000,0
15593782,38,816,5,13,13477.65,4,5,0,130878.75,1
15633283,35,536,8,35,18569.91,5,5,1,1000,0
15749167,35,753,3,15,18290.21,4,3,1,1000,0
15759298,27,631,10,29,38779.28,4,3,0,134169.62,0
15683625,37,703,1,32,47254.29,3,5,1,149762.08,1
15635367,26,774,2,32,31026.51,0,3,1,93844.69,0
15681705,28,785,8,16,39300.92,3,3,0,1000,0
15603156,33,571,1,23,47660.19,3,5,1,1000,0
15591986,46,621,6,48,33864.16,2,3,0,141078.37,1
15798888,31,605,1,6,9217.88,4,4,0,117992.59,0
15809722,40,611,8,33,36856.59,2,4,1,100812.33,0
15677538,38,569,7,6,41766.74,4,1,0,1000,0
15797736,29,658,4,45,41041.33,3,2,1,80262.6,0
15695585,34,788,6,44,24200.86,4,5,1,156478.62,0
15744398,23,525,5,3,15745.31,4,5,0,1000,0
15750658,37,798,8,2,36538.4,0,1,1,1000,0
15578186,37,486,9,42,32109.29,3,2,0,115217.99,0
15676519,61,615,9,7,45703.81,3,1,1,1000,1
15637954,35,730,0,12,47486.74,2,2,1,155470.55,0
15758639,37,641,7,26,25137.36,1,3,1,1000,0
15613772,39,542,3,40,1769.22,3,4,1,135096.77,1
15731744,30,692,2,46,34167.34,2,3,1,1000,0
15807709,55,714,9,23,44653.63,0,1,0,180075.22,0
15714689,29,591,1,11,4424.77,2,2,1,97541.24,0
15699005,41,710,2,44,33373.4,3,2,1,156067.05,0
15624170,38,639,4,49,45558.45,2,2,1,81550.94,0
15725679,47,531,6,31,27629.67,3,2,0,1000,1
15585865,38,673,2,21,6071.11,1,4,1,170061.92,1
15804256,36,765,8,49,28556.7,3,3,1,92310.54,0
15662403,32,622,6,21,37953.27,5,2,1,169089.38,0
15733616,40,806,5,23,49823.34,4,5,1,80613.93,0
15591995,26,757,8,45,37456.03,2,2,0,121581.56,0
15677020,58,570,8,19,43475.16,5,3,0,1000,1
15727688,32,555,4,34,1919.15,2,5,1,1000,0
15715941,54,692,5,33,14777.43,2,4,0,1000,0
15714485,60,774,5,45,30153.62,1,5,0,85891.55,1
15730059,44,638,9,3,8561.61,3,4,1,77637.35,0
15715527,41,543,4,31,7164.83,5,4,0,1000,0
15576623,31,584,5,37,20592.88,1,3,0,1000,0
15805565,30,691,7,2,35408.7,2,5,1,116927.89,0
15677307,40,684,6,30,1524.27,1,1,1,137326.65,0
15773890,22,733,5,37,43414.7,4,5,1,1000,0
15598883,37,599,2,33,32700.84,0,3,0,1000,0
15568506,31,524,10,49,44303.08,2,2,1,67238.98,0
15761043,38,632,6,27,8274.56,3,2,1,86569.76,0
15782236,34,735,5,49,33441.58,2,1,0,1000,0
15593601,34,734,6,21,7086.52,4,2,0,133598.4,0
15682048,51,605,3,4,5968.95,1,3,1,136188.78,1
15746902,38,793,9,14,1635.93,2,4,0,1000,0
15752081,56,468,10,35,5309.62,3,2,1,1000,1
15781307,37,779,7,6,27609.98,5,3,0,120092.52,0
15775912,48,698,4,38,33446.37,1,5,0,101238.24,1
15745417,58,707,6,3,6037.19,2,2,1,89685.92,0
15671256,35,850,1,39,15190.42,0,2,1,211774.31,1
15653547,56,850,7,33,32017.39,5,5,1,131317.48,0
15595766,37,527,5,12,8463.1,5,3,0,93722.73,0
15742358,32,696,8,44,1492.47,2,2,0,101160.99,0
15763274,48,661,3,18,21777.22,4,3,0,120320.54,0
15786063,31,776,2,43,37243.17,1,5,0,1000,0
15600258,43,701,2,13,10228.03,5,5,1,1000,0
15573318,26,610,8,6,9490.59,4,3,0,1000,0
15653849,48,572,3,6,15862.83,5,2,0,152827.99,1
15694272,30,673,1,13,4070.78,0,5,0,64097.75,0
15736112,57,519,2,36,1591.32,0,5,0,119035.35,0
15749851,26,702,4,25,5312.78,2,3,1,135219.57,0
15663478,32,729,6,19,48461.03,3,5,0,93694.42,0
15592300,35,543,10,27,43026.94,2,1,0,59408.63,0
15567832,40,550,7,38,29999.14,5,3,0,114354.95,0
15776780,59,608,1,48,48651.58,1,1,1,1000,1
15592846,35,639,10,10,9408.84,5,2,1,128173.9,0
15739803,34,686,9,39,2533.26,3,1,0,1000,0
15794142,62,564,5,12,40241.67,2,5,1,114931.35,1
15762729,28,745,1,27,42956.07,1,3,0,111071.36,1
15667896,37,833,8,50,44348.12,2,3,1,151226.18,0
15626578,26,622,9,19,34869.49,4,4,0,1000,0
15776223,42,597,4,35,22381.09,5,3,0,64740.12,0
15705953,51,721,0,6,22222.21,1,1,0,169312.13,1
15802593,49,504,7,3,21974.13,0,1,0,1000,1
15615457,44,842,2,19,7110.11,3,1,1,112652.08,0
15708916,38,587,0,5,24318.83,3,3,0,1000,0
15720187,30,479,7,36,26380.56,3,5,1,143964.36,0
15595440,49,508,7,44,35517.47,2,4,0,122451.46,0
15600651,24,749,1,23,470.4,0,2,0,1000,0
15750141,36,721,3,43,12563.64,3,4,1,65253.07,0
15657284,47,674,6,37,13256.4,1,4,1,106901.94,1
15763063,25,685,10,19,49423.7,2,5,1,128509.63,0
15709324,34,417,7,37,44125.43,0,3,0,1000,0
15711309,33,574,3,17,11470.56,5,4,0,129834.67,0
15775318,51,590,3,22,10752.13,5,2,1,154962.99,1
15705515,40,587,5,22,16886.61,5,5,1,138241.9,0
15634844,41,598,3,12,33283.5,0,1,0,91536.93,1
15717046,53,741,3,6,35991.37,0,1,1,1000,0
15571816,70,850,5,18,9612.36,1,2,0,1000,0
15670080,29,584,7,17,37046.66,2,1,1,105204.01,0
15800440,61,650,1,22,36595.63,5,1,1,152968.73,0
15665678,36,607,8,39,9823.29,5,1,0,158261.68,0
15665956,46,509,1,14,30184.14,5,1,1,1000,1
15788126,38,689,6,37,22315.89,5,2,0,121021.05,0
15811773,36,543,4,12,30635.59,2,3,1,1000,0
15651674,54,438,2,16,46842.79,4,3,1,1000,1
15689614,63,687,1,31,31514.35,0,2,1,137715.66,0
15795564,31,737,5,48,19766.49,5,2,0,121192.22,0
15706647,31,761,7,19,41097.31,4,3,0,1000,0
15728505,44,601,1,7,29810.79,4,2,1,100486.18,0
15730076,45,651,1,14,20927.68,4,5,0,1000,1
15622003,35,745,9,4,19097.7,2,3,1,92566.53,0
15607312,49,648,10,7,30352.65,4,5,0,1000,1
15644753,40,848,3,20,47946.21,3,3,0,110929.96,0
15653620,27,546,8,15,41982.2,3,2,1,1000,0
15761986,32,439,3,40,48105.77,4,5,0,138901.61,0
15633922,30,755,4,22,43550.33,2,2,1,123217.66,0
15734674,41,593,6,36,45160.12,4,3,1,1000,0
15658032,39,701,2,45,25052.11,0,2,0,1000,0
15692671,36,701,8,48,1356.54,1,2,0,1000,0
15737741,33,607,2,32,19415.16,1,2,0,108431.87,1
15576352,57,586,3,38,15659.94,0,2,0,1000,0
15753719,30,547,9,36,40458.99,4,1,1,72392.41,0
15803689,51,647,1,43,21964.03,0,3,1,119741.77,1
15718057,51,760,2,5,5888.6,0,4,1,100946.71,1
15722010,53,621,9,31,45323.31,3,2,0,170491.84,1
15680998,44,725,5,20,11063.37,3,3,0,1000,0
15614782,36,526,1,9,11864.44,2,1,0,1000,0
15591047,47,519,6,24,23847.77,3,3,0,157296.02,1
15788291,38,713,7,27,19584.69,0,1,0,144606.22,1
15604044,38,700,8,19,34763.85,5,1,1,134811.3,0
15679587,34,666,9,12,14365.54,4,1,1,115897.12,0
15775153,32,630,4,2,7444.21,1,3,1,82034,0
15603925,26,779,4,14,39292.57,1,3,1,174318.13,0
15680970,41,611,2,28,37168.86,4,2,1,114206.84,0
15697183,43,685,9,37,37769,4,4,1,1000,0
15567446,39,646,9,30,35437.01,2,3,1,111574.41,0
15637476,57,683,5,32,49383.99,4,4,1,162448.69,1
15714939,34,484,4,37,9808.98,3,1,0,148249.54,0
15683503,43,601,8,11,21236.35,0,1,0,1000,1
15645569,26,762,7,14,42550.95,3,1,0,123709.46,0
15782569,72,687,9,5,42580.02,3,4,0,1000,0
15592387,30,566,5,50,4523.96,4,3,1,1000,1
15609286,37,702,10,1,14961.67,0,4,1,150525.8,0
15814035,29,601,9,48,23538.62,0,2,1,1000,0
15661249,53,699,4,10,1634.69,5,1,1,1000,0
15629117,28,584,10,28,16014.39,2,2,1,1000,0
15607170,35,699,5,43,9705.65,4,3,0,1000,0
15586585,51,698,2,28,30134.83,5,4,0,111018.98,0
15686611,30,495,10,2,2237.95,2,1,1,129755.99,0
15603203,27,650,6,18,47936.95,5,1,0,1000,0
15619857,64,605,2,7,37937.26,3,1,0,129555.7,0
15805062,38,667,1,42,27233.89,1,1,0,87202.38,0
15660271,26,688,8,34,26491.53,1,3,1,146133.39,0
15745295,31,727,0,45,5812.26,4,2,0,1000,1
15719352,39,754,6,17,14411.12,3,2,0,170184.99,0
15766575,62,612,8,4,8038.19,1,2,1,140745.33,1
15594594,42,546,7,38,1564.15,0,4,0,139070.51,0
15646161,37,673,8,24,6547.95,4,2,0,1000,0
15682585,35,593,9,21,43783.69,2,2,1,114193.24,0
15603134,40,656,10,19,39740.25,3,3,0,167878.5,0
15636444,53,535,5,21,27307.73,0,4,1,141616.55,0
15773456,36,678,3,5,40102.53,1,5,1,145747.67,0
15745307,48,477,2,21,781.19,1,5,1,129120.64,0
15604119,35,850,7,5,12425.2,0,4,0,110349.82,0
15626900,29,427,1,8,28478.72,5,4,1,141325.56,0
15605447,49,752,2,38,46130.05,2,5,0,78653.84,0
15589030,47,649,1,7,22532.41,4,5,0,1000,0
15692463,28,799,3,7,26196.24,5,5,1,142253.65,0
15712403,61,589,1,46,16521.63,0,4,0,1000,1
15811762,54,583,6,27,24517.12,3,5,0,115988.86,1
15718673,33,839,10,49,49892.89,3,4,0,75592.43,0
15724282,44,540,3,2,11324.01,1,5,1,164113.04,0
15738181,31,850,6,26,24067.04,4,4,0,67996.23,1
15633648,51,696,5,14,31970.17,5,1,1,1000,0
15603323,33,660,1,27,13984.46,2,1,1,1000,0
15583725,48,682,1,40,19495.05,0,4,1,138778.15,0
15588350,43,744,10,17,45851.04,1,5,1,147832.15,0
15798398,36,785,4,40,42161.91,5,3,1,135438.4,0
15784844,48,752,5,9,8528.06,4,5,1,116060.08,1
15580684,29,706,5,31,25114.1,4,2,1,112564.62,0
15809663,27,583,1,50,4924.56,3,3,1,125406.58,0
15640078,39,660,5,21,47018.55,4,3,1,135134.99,1
15698786,39,819,9,19,18515.55,2,3,0,133102.92,1
15569807,34,673,8,17,26906.32,1,3,1,42157.08,1
15730830,30,752,3,42,16875.59,2,5,1,1000,0
15805112,38,578,7,28,49031.67,3,5,0,82259.29,0
15633064,36,438,4,21,22512.72,5,2,1,1000,0
15703119,38,652,6,43,4412.1,1,1,1,1000,0
15730447,49,629,4,24,31703.05,5,5,1,1000,0
15813850,52,720,7,34,5067.86,0,3,0,1000,0
15711889,42,668,3,34,13113.94,5,1,0,150461.07,0
15664610,48,459,4,41,48613.32,0,2,1,133994.52,1
15751710,31,729,8,47,29930.33,0,1,0,164870.81,0
15692926,25,498,8,26,20783.58,2,4,0,121702.73,0
15813741,25,549,6,9,39297.95,4,2,1,193858.2,0
15698474,54,601,1,18,33688.9,1,3,0,131039.97,0
15568595,64,544,9,25,37883.44,3,4,0,113829.45,0
15603065,30,751,6,47,685.74,5,2,1,1000,0
15592937,41,632,3,38,19895.24,2,4,0,81877.38,0
15699637,57,694,8,39,44233.59,0,5,0,116326.07,0
15667215,31,678,2,46,19943.98,4,4,1,1000,0
15788659,46,695,4,8,8334.41,1,5,0,1000,0
15763218,41,661,1,46,33465.65,3,4,1,1000,0
15645772,33,661,9,7,15037.29,2,4,0,1000,0
15725511,31,559,3,25,11504.2,5,3,0,127070.73,0
15575024,29,503,3,45,22944.49,0,5,0,1000,0
15640825,46,695,3,35,31664.57,3,1,0,122549.64,0
15662397,42,640,5,16,47042.25,4,1,0,176099.13,0
15576368,48,624,3,7,25122.62,1,5,1,122388.38,0
15674991,42,667,9,8,46952,2,5,1,1000,0
15721024,26,642,0,22,45984.97,5,1,0,1000,0
15745621,32,640,6,13,2489.47,3,1,1,118879.35,0
15642394,35,529,5,31,16028.25,4,3,1,1000,0
15754605,39,563,5,32,18252.9,1,3,0,1000,0
15607040,38,593,4,38,46126.53,1,3,1,88736.44,0
15715142,45,739,7,44,2109,2,3,1,102703.62,1
15810978,70,788,1,14,31517.41,1,4,1,1000,0
15668886,38,684,3,36,3324.09,5,1,0,1000,0
15780804,55,482,5,4,48898.43,4,5,1,97318.25,0
15613880,58,591,5,5,6060.73,3,2,0,128468.69,0
15775238,41,651,4,19,14178.09,5,3,1,133432.59,0
15786905,40,749,8,6,6024.25,3,4,1,141782.57,0
15747867,24,583,9,24,23605.52,5,2,0,135125.28,0
15600337,42,661,2,13,1229.13,2,4,0,178820.91,1
15801277,31,715,2,21,45366.34,5,5,0,112212.14,0
15579334,45,769,5,3,46597.29,3,3,1,126674.81,1
15802741,51,625,7,36,13229.5,3,5,1,136294.97,1
15720649,36,641,5,1,21431.77,4,1,0,66392.64,0
15589493,27,716,1,30,49770.27,2,2,0,122552.34,0
15688251,43,767,1,50,24037.32,5,1,0,76408.85,0
15665238,36,745,8,24,33267.32,2,5,0,145071.24,0
15740900,34,589,6,3,10384.94,4,3,0,1000,0
15681068,45,796,2,47,5214.05,3,2,0,109730.22,0
15748625,57,664,6,38,18328.12,2,5,0,1000,0
15727299,62,445,1,35,2148.74,1,4,0,64119.38,1
15620204,57,543,1,10,49943.97,3,3,1,106138.33,1
15669516,36,746,2,49,31364.77,1,1,1,1000,0
15736534,33,742,0,21,44970.19,4,4,0,181656.51,0
15803457,32,750,5,45,31860.42,0,2,1,1000,0
15659098,30,669,7,40,13288.43,1,4,1,95128.86,0
15603436,49,594,2,30,14194.01,4,3,1,126615.94,0
15566292,36,574,1,16,48850.18,1,5,1,1000,0
15808621,36,659,2,38,23932.55,3,4,1,76190.48,0
15580148,40,750,5,31,20673.46,0,1,0,168286.81,1
15776231,35,626,4,36,48534.86,5,4,1,88109.81,0
15773809,42,620,4,47,49194.06,4,3,0,1000,0
15649423,35,580,8,46,27364.55,4,5,1,1000,0
15734886,34,686,3,13,26740.1,2,1,0,123971.51,0
15722548,48,540,0,6,49718.87,4,5,0,148116.48,0
15650288,35,634,6,21,24332.77,4,1,1,116269.01,0
15629448,38,632,1,13,35884.62,3,5,1,120599.21,0
15716164,41,501,3,4,371.81,4,3,1,144260.5,0
15807609,25,650,3,7,40382.53,4,4,1,86605.5,1
15578977,34,786,9,20,5917.59,5,1,0,1000,0
15677369,37,554,4,45,1400.23,2,4,1,58629.97,0
15804072,42,701,5,45,27274.46,4,4,1,1000,0
15696859,45,474,10,24,29659.75,0,3,1,1000,0
15653780,43,621,5,19,39655.44,0,3,1,1000,0
15721658,56,672,2,6,29942.41,5,1,0,209767.31,1
15578761,42,459,6,42,29001.42,0,3,1,129634.25,1
15736879,23,669,1,41,22883.2,3,5,1,1000,0
15571973,38,776,2,1,17287.83,0,5,1,169824.46,0
15626742,36,694,3,27,15584.93,5,2,0,97530.25,0
15672692,42,787,10,18,49152.4,0,1,1,145988.65,0
15673570,37,580,9,8,29699.95,5,5,0,1000,0
15767432,25,711,7,19,20141.72,2,2,1,1000,0
15654238,40,673,5,5,46696.56,1,5,0,137494.28,0
15612525,57,499,1,17,35959.08,1,3,1,1000,1
15812750,24,591,6,15,45370.18,1,5,1,147360,0
15790757,25,769,10,2,9347.15,0,3,0,1000,0
15723873,31,657,3,37,47713.19,3,2,0,125167.02,0
15744607,43,738,9,22,31917.44,1,4,1,121152.05,1
15612966,60,545,7,26,16102.86,4,4,0,128981.07,1
15784209,47,497,6,41,27121.13,0,4,0,1000,0
15794278,67,816,6,17,16860.64,0,4,0,151858.98,0
15766741,36,525,2,16,26895.07,3,4,0,114628.4,0
15661036,46,725,6,24,38564.17,1,5,1,1000,0
15705639,28,692,8,13,8584.49,3,4,1,95059.02,0
15637414,24,618,7,50,7681.77,5,1,1,128736.39,0
15716835,24,546,8,6,16502.19,0,3,0,156325.38,0
15696231,29,635,7,22,35234.06,0,3,1,105405.97,0
15641675,49,611,2,32,29814.79,0,4,1,88915.37,1
15670755,60,650,8,18,45904.73,0,3,1,1000,0
15640059,40,606,5,36,47358.94,2,5,0,1000,0
15787619,18,844,2,19,41558.31,1,3,1,160980.03,0
15587535,46,450,5,43,30655.41,3,3,1,177619.71,0
15813034,38,727,2,1,13315.73,0,5,1,62276.99,0
15698839,46,460,4,14,19897.98,1,3,1,127559.97,0
15790314,41,649,0,32,20496.25,3,3,1,1000,0
15634245,47,758,9,48,25520.14,1,2,0,95523.16,0
15677305,35,490,7,33,20598,1,2,1,107749.03,0
15661526,37,815,2,31,16251.44,5,4,0,110777.26,0
15685997,39,838,5,5,31493.93,0,2,1,166733.92,0
15660101,31,803,9,50,9621.69,0,3,1,157120.86,0
15637979,36,664,2,10,31090.36,0,5,1,127160.78,0
15815364,28,736,2,19,27918.93,1,4,1,1000,0
15647099,37,633,9,8,15890.08,3,2,0,156091.97,0
15625944,58,664,5,31,21196.23,0,4,0,98668.18,0
15583212,43,600,5,28,15826.83,4,3,0,134022.06,0
15582741,35,693,5,48,16569.21,5,1,1,124151.09,1
15637876,36,663,6,39,22751.39,2,5,1,77253.5,1
15622750,21,742,1,4,49714.37,4,4,1,114292.48,0
15672056,43,710,2,18,37938.92,0,4,1,140080.32,1
15812351,27,710,2,50,13861.04,0,3,1,135277.96,0
15810864,82,700,2,45,48402.39,3,3,0,1000,0
15677921,60,720,9,5,13225.36,1,4,1,115920.62,1
15724296,41,684,2,37,30092.77,4,2,1,119782.72,0
15685329,63,531,1,43,33598.48,3,1,0,114715.71,1
15584091,36,742,2,8,7714.66,2,1,0,129748.54,1
15640442,31,717,4,24,43881.35,4,5,0,129722.57,0
15639314,32,589,2,12,22956.45,1,1,0,1000,0
15685320,36,767,3,43,26320.42,2,1,0,139180.2,0
15789158,49,636,6,50,9017.9,1,5,0,113599.74,1
15752137,33,648,7,20,37802.34,4,2,0,134944,0
15712551,58,622,7,24,2844.82,1,1,1,116922.25,1
15628936,28,692,9,15,31764.39,5,2,1,118945.09,1
15797227,28,754,8,27,36427.38,4,4,0,1000,0
15769974,35,679,8,47,31406.46,4,4,0,119182.73,0
15737051,27,639,8,25,32506.76,3,4,0,1000,0
15585595,28,774,1,2,45230.25,2,5,0,71264.02,0
15654060,41,517,2,34,28225.11,2,4,1,1000,0
15745196,35,571,8,33,3077.19,3,2,1,1000,0
15571221,58,747,7,32,33037.66,5,4,1,116313.57,1
15660155,36,792,5,48,14002.59,5,4,0,92140.15,0
15605284,26,688,1,24,9423.11,3,4,1,1000,0
15694366,42,714,2,17,15182.55,5,3,1,177640.09,0
15600739,35,562,0,50,35700.72,2,3,0,1000,0
15653253,48,704,8,5,20883.74,3,1,1,167997.6,0
15763431,36,698,2,32,40653.75,2,5,0,82275.35,0
15643696,49,611,3,37,18137.78,1,1,0,1000,0
15707473,48,850,6,28,22859.58,0,2,1,111962.99,0
15769504,34,743,1,28,3297.04,0,5,1,131736.88,0
15776807,29,654,1,17,37110.45,1,4,0,1000,0
15686870,36,761,8,3,17803.61,1,1,1,108239.11,0
15668747,46,702,9,46,20516.04,3,2,1,98444.19,0
15766908,32,488,3,2,44588.26,4,2,1,114540.38,0
15570134,35,683,6,1,33425.37,1,2,1,187530.66,0
15567367,42,601,9,42,41342.73,1,1,0,133636.16,0
15747542,52,605,7,20,35224.1,1,3,1,1000,0
15762238,44,671,0,38,11341.99,2,1,0,84745.03,0
15681554,31,614,7,38,24260.77,0,3,0,120599.38,0
15712825,29,511,9,11,39465.65,5,1,1,1000,0
15640280,39,850,4,14,18989.08,3,5,1,127771.35,0
15756026,46,790,9,36,25280.12,0,5,1,1000,1
15613319,33,793,0,37,27594.62,4,5,1,1000,0
15798906,69,628,5,40,3118.1,3,4,1,1000,0
15708917,53,598,10,25,19852.57,0,1,1,167772.96,0
15778463,37,657,6,29,41366.96,1,2,1,95845.6,0
15699430,35,618,10,39,35739.62,1,5,0,1000,0
15649992,65,681,7,21,18662.97,4,4,0,134714.7,0
15578980,33,516,3,46,33825.87,0,5,0,1000,0
15775306,28,421,8,38,2112.47,4,2,1,122384.22,1
15641655,26,700,2,7,5913.95,3,5,0,1000,0
15619708,25,745,5,16,29146.67,0,4,1,157993.15,0
15734565,29,696,8,5,19996.1,0,2,1,1000,0
15806438,42,580,2,35,9085.05,4,5,0,123331.36,1
15591969,27,497,9,8,42198.16,2,3,1,75263.16,0
15747807,43,720,6,15,28759.04,0,1,0,137824.03,0
15596939,36,659,4,43,38918.73,1,5,1,132578.92,0
15716155,36,841,5,4,46625.94,3,5,1,156021.31,0
15765311,34,642,8,29,43476.97,4,5,1,1000,0
15757811,69,732,9,19,28280.43,4,3,1,137453.43,1
15603830,36,600,4,25,35229.99,1,2,1,1000,0
15660602,33,464,8,27,48288.41,4,1,0,164284.72,0
15660535,47,680,5,9,282.01,0,5,0,1000,0
15666633,56,758,1,14,3067.56,1,3,0,1000,0
15596914,31,630,2,39,13885.31,3,2,1,112373.49,0
15639788,39,577,10,34,11110.95,4,3,1,1000,0
15695846,34,684,6,33,10359.62,3,1,1,1000,0
15726234,41,708,5,19,36135.93,1,4,0,1000,0
15797964,29,732,1,13,7849.96,2,5,1,154333.82,0
15625881,37,634,3,38,13820.2,1,2,0,111432.77,0
15780628,30,633,6,31,9095.35,5,2,1,1000,0
15575883,34,559,2,50,11902.48,1,1,0,137390.11,0
15585036,37,694,3,30,26538.46,5,3,1,1000,0
15589488,56,686,5,7,49888.02,5,3,1,111642.08,0
15585888,48,553,3,46,26938.97,4,1,1,1000,1
15727915,36,507,4,12,33080.14,0,1,1,83543.37,0
15707567,50,732,6,32,25900.52,2,4,1,145338.76,1
15737792,31,818,1,31,40694.22,3,2,1,186796.37,0
15599433,35,660,8,21,5955.51,2,2,1,58641.43,0
15672012,41,773,5,39,27006,2,1,0,1000,1
15806983,44,640,3,21,4881.81,5,2,1,137148.68,0
15592222,49,505,7,50,24186.96,4,1,0,80001.23,0
15608968,21,714,6,48,35123.23,1,4,0,86402.52,0
15586959,42,468,5,28,43510.51,2,4,0,1000,0
15646558,51,611,1,6,9940.62,4,5,0,122874.74,0
15725811,25,705,0,20,4103.26,2,3,1,97544.29,0
15572265,46,646,1,12,6705.04,3,5,0,170826.55,0
15794048,48,667,1,1,25548.26,4,1,0,97133.92,1
15677610,41,511,8,49,39134.22,1,1,0,153895.65,0
15745012,43,653,6,19,8306.05,5,2,0,1000,0
15601589,57,675,8,7,14111.93,5,4,0,1000,0
15686436,32,523,4,43,29241.66,3,1,0,1000,0
15693864,49,567,5,10,24756.97,2,5,1,134956.02,1
15760550,39,741,7,35,9092.13,0,3,1,143637.58,0
15686137,32,456,9,45,29500.83,2,5,0,147506.25,0
15809087,64,598,1,17,49343.03,3,4,0,1000,1
15807663,43,667,8,7,11843.05,2,3,0,190227.46,1
15809100,32,548,2,37,34407.82,0,4,1,172448.77,1
15794916,41,725,7,50,15890.18,2,4,1,113980.21,0
15614215,53,717,6,29,8722.57,5,4,1,1000,0
15805449,38,594,4,11,22683.96,2,2,1,1000,0
15686983,25,678,10,5,16169.31,3,3,0,76968.12,0
15808017,38,545,1,19,34001.71,0,2,1,88293.13,0
15756804,48,636,1,15,15597.99,4,1,1,170833.46,1
15646810,44,603,6,21,27552.85,1,5,1,108122.39,1
15710424,36,435,4,49,49619.18,0,1,0,1000,0
15799422,40,535,8,41,794.92,2,5,1,1000,0
15692750,45,629,7,41,668.78,2,5,0,129818.39,1
15794549,35,722,2,15,17608.85,2,2,0,163943.89,0
15803764,28,561,7,13,369.57,5,2,0,1000,0
15674840,38,645,5,4,17019.1,0,3,1,101430.3,0
15653762,39,501,9,22,561.7,4,1,1,117301.66,0
15581229,32,502,1,26,11402.1,0,4,1,173340.83,0
15800228,42,652,4,28,12144.75,0,5,1,1000,0
15656333,33,574,3,45,7268.39,0,1,0,134348.57,0
15697497,45,518,9,30,31749.49,4,3,0,105525.65,0
15585362,60,749,6,11,11843.01,5,5,1,1000,1
15571928,43,679,4,1,2618.61,2,5,0,1000,1
15785519,36,565,6,10,21954.07,4,4,0,106192.1,0
15743007,45,643,4,7,14331.16,1,2,1,45144.43,1
15777211,65,515,7,46,2726.41,2,5,1,92113.61,0
15721935,25,521,7,29,25353.07,5,3,1,1000,0
15591711,38,739,0,2,23888.95,4,4,1,128366.44,0
15625021,42,585,2,13,31992.9,4,5,1,1000,0
15702968,74,733,3,34,26019.93,1,2,0,106545.53,0
15600462,43,542,8,48,3793.01,2,4,0,145618.37,0
15768104,37,788,8,14,9508.16,3,3,1,141541.25,0
15780140,32,435,2,25,35375.88,5,5,1,57017.06,0
15585255,42,577,9,38,34211.2,1,2,0,1000,0
15772781,51,703,3,41,5122.06,3,4,0,1000,1
15669987,35,728,8,49,34818.83,2,1,1,125884.95,1
15697000,32,728,5,1,13636.45,4,5,0,61825.5,0
15733119,35,718,8,15,4723.93,1,1,0,1000,0
15782390,40,621,6,8,7667.78,0,1,1,1000,0
15654700,40,523,2,13,31497.45,3,4,0,102967.41,1
15632210,25,657,2,30,22497.91,2,5,0,171770.55,0
15642041,40,727,1,46,34551.98,3,4,1,93051.64,1
15709737,36,643,7,33,29504.39,4,5,1,161064.64,0
15792388,48,645,7,44,43776.91,4,1,0,90612.34,0
15786014,28,568,5,22,3540.3,4,2,0,145105.64,0
15794580,58,599,4,13,25366.74,2,5,0,1000,1
15675964,45,672,9,12,41260.71,5,4,1,1000,1
15814275,33,685,6,11,17141.21,2,4,0,174912.72,0
15724848,46,516,1,27,29661.31,2,2,0,104947.72,1
15754713,31,685,10,18,40187.8,1,4,0,135213.71,0
15693814,25,806,7,50,26072.24,2,2,1,1000,0
15599660,36,604,6,25,37373.95,0,4,1,116229.85,0
15746490,53,648,6,16,49375.53,3,5,0,111201.41,0
15566091,32,545,4,8,42863.31,2,2,0,1000,0
15655961,27,756,1,46,41165.17,3,1,1,131899,0
15710404,35,569,10,37,36101.3,3,3,0,124525.52,0
15775625,47,596,6,26,9078.71,1,2,0,1000,0
15792328,39,475,6,17,20562.84,2,1,1,1000,1
15719856,45,646,3,20,18610.11,3,2,0,47134.75,0
15593773,35,784,3,21,27289.58,3,5,0,1000,0
15733114,45,552,9,38,13430.02,2,1,0,1000,0
15797748,44,729,5,16,9484.77,4,3,1,1000,0
15743411,61,609,1,32,21496.91,5,1,1,1000,1
15753337,51,555,5,42,15702.14,3,3,1,1000,1
15601026,19,572,1,17,45829.67,5,1,0,138657.08,0
15658485,34,785,9,21,37578.49,5,3,1,70302.48,0
15636731,36,714,1,10,18306.13,3,5,1,101609.01,0
15628303,35,738,3,10,26387.79,2,1,1,1000,0
15633461,38,639,5,1,45774.48,4,3,0,130170.82,0
15677135,61,520,8,26,4446.31,0,1,0,133802.29,0
15590876,24,764,7,11,19318.96,0,3,1,106234.02,0
15790782,39,661,6,7,45263.92,5,3,0,132628.98,0
15700476,41,564,9,17,13045.66,3,4,1,103522.75,0
15634141,42,708,8,13,7674.59,2,2,0,192390.52,0
15737795,36,512,1,45,37617.74,0,5,1,1000,1
15790299,37,592,9,18,6637.26,3,4,0,1000,0
15675316,38,619,3,8,32082.62,1,2,0,1000,0
15613630,52,775,8,33,29600.67,1,3,1,109922.61,1
15662100,44,850,5,44,30203.02,0,2,1,128605.32,0
15668032,37,577,4,16,40227.08,4,4,0,1000,0
15599289,37,724,10,27,15940.43,4,4,1,68598.56,0
15754084,35,710,1,25,22980.81,4,5,0,106518.52,0
15676521,31,696,8,19,11842.88,2,3,0,1000,0
15804586,46,376,6,22,46881.71,3,2,1,1000,1
15781465,29,675,8,1,6308.84,5,3,0,121326.42,0
15729362,36,745,8,2,35874.06,1,5,0,67226.37,0
15709295,25,697,5,19,33593.17,4,4,1,82931.85,0
15745324,39,599,4,2,4694.09,5,1,1,1000,1
15741336,38,715,5,39,580.54,5,4,1,118590.41,1
15783659,67,659,4,2,20174.44,3,2,1,145981.87,0
15620981,48,684,3,35,43336.33,5,3,1,73309.38,1
15630328,48,635,8,19,46823.19,5,1,1,130796.33,0
15785899,33,789,8,1,49879.45,1,5,0,151607.56,0
15606149,66,571,9,5,3109,1,2,0,111577.01,0
15671139,39,694,0,22,3947.6,3,1,1,107042.74,0
15660429,42,665,2,11,11265.4,0,4,1,156371.61,1
15571002,44,706,4,5,6758.91,2,1,0,129605.99,0
15631681,43,807,0,35,48487.07,5,5,1,1000,0
15731522,67,771,8,42,15643.73,4,4,0,1000,0
15619529,27,531,8,49,29288.68,3,3,0,132576.25,0
15628034,37,629,6,48,43816.36,5,1,1,129101.3,0
15686164,31,850,1,35,35441,5,5,1,108822.4,0
15582797,35,685,4,4,30340.65,1,5,0,137948.51,0
15753831,32,642,7,35,6701.87,3,3,1,100433.8,0
15731815,63,529,4,43,1027.43,2,5,1,96134.11,1
15580956,43,683,4,38,39836.13,1,3,1,115888.04,1
15602084,42,663,5,50,43150.96,5,1,1,124626.07,0
15589805,34,563,6,48,38416.94,1,3,0,139810.34,0
15720893,34,637,9,5,37953.99,2,2,1,1000,0
15641009,37,544,3,21,35539.91,0,3,1,84496.71,0
15605926,70,649,9,35,8078.19,2,1,1,116854.71,0
15805955,48,638,10,49,19458.62,4,1,0,138333.03,0
15801488,25,723,3,48,33828.66,3,2,1,1000,0
15605918,43,635,5,11,11401.86,0,2,0,78992.75,0
15779711,38,750,7,21,49980.37,1,4,1,97257.41,0
15705620,34,730,5,39,15799.34,2,4,0,122453.37,0
15685357,36,750,8,21,33942.89,2,2,1,112940.07,0
15570060,43,586,8,23,34092.27,2,3,1,132558.26,1
15582616,38,520,4,24,39908.24,0,5,0,1000,0
15799515,48,652,8,17,45306.38,1,4,0,133297.24,0
15642937,46,550,7,46,45560.5,5,1,1,1000,0
15624729,27,594,0,11,14844.19,5,2,0,197041.8,0
15566156,44,749,0,14,8321.81,1,5,0,71497.79,0
15792360,32,668,7,34,30032.94,5,5,0,1000,0
15807008,35,614,6,15,30835.93,1,1,1,128100.28,1
15704770,25,773,1,39,17805.1,0,4,1,124532.78,0
15756475,31,551,9,50,15299.86,3,1,1,82293.82,0
15655339,36,566,1,29,4867.21,2,1,1,142120.91,0
15613749,34,569,0,20,39475.15,3,1,0,151839.26,1
15664521,31,659,7,43,16211.78,2,3,0,149620.88,0
15681206,49,722,3,37,16522.56,2,3,1,168197.66,1
15745527,37,655,5,21,261.55,1,1,1,93147,0
15806926,35,615,2,50,12746.79,0,3,0,97440.02,0
15724563,42,752,3,16,48913.32,2,3,1,65046.08,0
15782899,28,661,7,49,5223.81,2,1,1,95357.49,0
15623521,43,838,9,14,3219.19,2,4,1,123105.88,0
15810218,29,610,9,45,28431.02,4,1,1,1000,0
15645621,44,811,3,31,20727.98,4,5,1,1000,0
15608114,62,587,7,50,16557.66,0,3,0,121286.27,0
15659557,28,811,4,13,40150.51,3,1,1,167738.82,0
15787772,38,759,1,18,28663.92,2,4,0,104091.29,0
15691111,42,648,8,16,832.72,1,4,1,121980.56,0
15592089,43,788,10,16,43384.73,3,3,0,1000,0
15633897,39,725,1,49,19813.9,5,1,1,50880.98,0
15701301,42,646,3,19,5345.72,1,4,1,175159.9,1
15723685,26,601,7,21,25256.53,0,3,1,105514.69,0
15701602,52,521,5,11,42301.99,5,3,0,116497.31,1
15739189,33,561,6,28,48419.51,4,1,1,1000,0
15573086,42,564,7,31,15916.26,0,3,0,99824.45,0
15569050,45,444,6,15,5413.45,0,4,0,1000,1
15750765,71,650,0,23,10116.16,0,5,0,1000,0
15799811,40,724,10,46,28628.91,1,2,0,1000,1
15698442,35,719,3,25,27333.53,3,3,1,122964.88,0
15655274,29,548,4,8,19049.94,5,4,0,1000,0
15603594,24,635,4,49,28660.06,4,3,0,1000,0
15585961,43,496,3,9,3041.14,2,2,1,1000,0
15686936,37,676,5,44,10637.13,4,2,0,89634.69,1
15770424,40,541,7,5,38459.57,2,5,0,95710.11,0
15587451,41,778,7,33,43167.75,3,3,1,139706.31,0
15602010,45,850,5,9,31768.92,4,5,1,103909.86,1
15600583,31,633,1,17,24275.45,3,2,1,1000,0
15654673,49,625,6,28,9724.42,2,1,0,173434.9,1
15717164,32,485,6,34,6342.78,5,3,0,102238.01,0
15765014,48,547,1,27,39307.57,4,2,1,179380.74,0
15682639,32,642,3,22,47520.9,4,1,1,1000,0
15729279,25,718,4,18,36436.87,1,1,1,108691.95,0
15759805,32,582,4,47,41869.47,4,1,1,1000,0
15767864,33,628,6,29,27610.62,0,2,0,1000,0
15769948,35,737,0,32,3728.81,3,3,1,133377.8,0
15686345,34,828,9,49,13568.13,1,2,0,1000,0
15688071,53,609,10,44,13640.39,5,1,0,1000,0
15681174,39,730,1,36,2029.64,2,2,1,116537.6,0
15667521,22,631,3,49,20481.09,2,2,1,1000,0
15750243,40,830,4,36,2333.29,4,3,0,1000,0
15695475,29,645,1,18,26020.12,1,1,0,130131.08,0
15689176,46,663,3,45,48879.3,1,2,0,1000,0
15652955,30,678,0,5,45623.86,5,2,1,1000,0
15668958,30,521,2,20,49818.93,4,4,0,107316.09,0
15631054,24,625,1,49,29966.37,3,2,1,1000,0
15581479,30,523,1,43,25536.01,0,3,1,83181.29,0
15577478,72,714,3,14,10098.38,5,3,0,1000,0
15780870,67,580,3,45,11920.4,1,1,0,153946.14,0
15692317,30,722,5,39,9294.56,1,5,0,1000,0
15593969,39,630,7,42,2338.82,4,4,0,135483.17,1
15570417,35,579,1,35,3615.02,1,5,1,1000,0
15779059,38,670,4,15,31763.76,1,1,1,119624.54,0
15785980,34,588,6,1,24435.34,4,5,1,121132.26,0
15644200,42,807,1,3,36394.29,2,4,0,1000,1
15793949,48,726,4,44,43869.96,0,4,0,1000,1
15645103,25,812,5,42,27874.82,5,2,0,54817.55,0
15705860,40,631,3,24,19005.11,2,4,1,107949.45,1
15623828,30,682,4,7,29548.97,1,3,1,1000,0
15715003,49,625,2,50,39934.68,3,2,1,80816.45,0
15623471,38,607,3,29,17178.69,1,2,1,98205.77,0
15798348,50,600,6,8,35261.85,4,4,1,94684.27,0
15743016,22,602,7,25,28507.82,2,3,0,141604.76,0
15769499,74,545,3,20,36287.78,5,3,1,1000,0
15798521,33,675,3,18,8106.91,2,5,1,1000,0
15706534,47,581,1,42,31594.48,3,2,0,122949.14,1
15706186,33,640,8,2,12356.33,1,1,0,81677.22,0
15812197,38,850,7,23,6621.95,5,1,1,80293.98,0
15650933,48,490,8,19,49413.47,2,4,1,155413.06,0
15692991,38,710,4,30,49813.54,4,3,1,1000,0
15631189,38,613,9,3,15785.67,3,3,0,67111.65,1
15762198,34,812,5,12,42132.84,3,3,1,103818.43,0
15699598,20,723,4,32,34699.3,2,1,1,1000,0
15692744,36,512,4,45,2137.16,5,1,0,152169.12,1
15688963,52,731,10,39,49943.94,4,1,1,1000,1
15599131,26,650,4,45,24456.44,1,1,1,214346.96,0
15680303,57,594,6,8,41538.46,5,3,0,1000,1
15628674,40,844,7,10,25314.49,2,3,0,113348.14,1
15648075,47,686,5,31,27417.64,4,2,1,170935.94,1
15586970,52,695,8,20,49254.67,2,5,0,103023.26,0
15625698,23,624,6,4,16789.47,1,1,0,1000,0
15790497,37,503,6,12,227.39,3,5,1,1000,0
15682618,31,535,7,26,41252.52,0,1,0,111855.04,0
15762937,32,743,6,47,29483.9,3,4,0,140348.56,0
15750929,39,702,8,37,1784.97,3,3,0,1000,0
15729832,29,658,3,29,5988.02,1,3,1,145512.84,0
15633650,41,677,8,44,36822.25,0,4,1,146720.98,0
15748856,32,664,10,41,9624.72,5,2,1,107209.73,0
15589195,38,766,7,9,22750.93,2,4,0,130933.74,0
15699911,35,461,8,31,6734.7,5,5,1,1000,0
15663438,36,688,0,41,23934.15,5,5,0,89772.3,1
15692583,32,678,5,1,6867.59,3,4,0,1000,0
15591257,24,796,8,27,2576.54,4,3,1,1000,0
15646513,42,803,5,11,644.34,2,3,1,1000,1
15708063,36,712,2,45,2853.58,3,2,1,100749.5,1
15696098,31,498,10,42,30931.47,4,4,1,1000,0
15645517,22,850,2,6,42115.15,5,2,0,1000,0
15649744,51,628,3,17,36581.57,3,5,0,123981.31,0
15604304,34,539,4,45,18287.74,1,3,1,91622.42,0
15784092,36,732,7,31,2056.49,4,4,1,126195.81,0
15585198,41,715,4,38,7085.16,4,3,1,94267.9,1
15624347,40,651,4,4,38598.99,1,5,1,1000,0
15621687,34,813,0,19,46691.32,3,1,1,1000,0
15689081,29,692,4,5,25145.34,2,2,0,1000,1
15813168,39,756,3,1,14530.83,1,2,0,100717.85,1
15604295,36,543,6,44,1626.79,5,3,1,1000,0
15724127,26,790,4,29,22200.43,5,1,1,141581.71,0
15673055,38,494,7,42,24133.12,4,2,0,1000,0
15768201,39,850,2,12,40943.24,5,2,0,148586.64,0
15782219,29,703,9,6,19386.68,2,2,0,1000,0
15746410,38,432,7,22,49519.16,3,2,1,1000,0
15780144,32,512,2,7,48208.69,5,3,0,123403.85,0
15590476,28,589,7,40,17351.45,2,2,1,1000,0
15624293,46,514,3,45,23361.36,1,5,0,106511.85,0
15618182,38,678,2,33,29069.53,2,2,1,1000,0
15660316,34,420,1,18,8211.3,4,4,0,135549.9,1
15678886,38,679,7,10,16741.02,5,4,1,110555.37,0
15616330,31,595,4,36,15892.31,0,4,1,1000,0
15592229,52,713,0,34,47493.11,5,2,0,185891.54,1
15798424,59,833,1,27,16475.27,0,1,1,130854.59,1
15714750,42,690,3,8,14409.5,4,4,0,92578.14,0
15648800,21,731,8,27,18791.67,2,3,0,132312.06,1
15626147,62,608,8,6,7324.69,0,1,0,144976.5,1
15626608,48,479,5,21,9130.59,3,4,1,87070.23,0
15723250,42,519,8,46,9804.19,1,3,1,1000,0
15592583,47,731,1,42,3564.21,1,2,0,115414.19,1
15759381,61,617,7,50,21034.61,3,4,0,91070.43,0
15585241,29,756,2,15,28732.71,2,2,0,117412.19,0
15589358,31,848,4,33,32261.03,3,1,0,90018.45,0
15672704,24,809,4,17,32976.81,5,4,1,1000,0
15789955,56,698,1,22,11990.68,0,5,0,112414.81,1
15596800,33,779,1,25,18254.41,2,1,1,158456.76,1
15627305,35,606,7,46,33710.92,1,5,0,1000,1
15645316,58,612,1,25,9618.03,5,5,0,149641.53,0
15593973,33,663,8,18,39732.27,4,1,1,122528.18,0
15647301,45,549,3,43,9576.83,5,1,0,143734.01,0
15750258,32,675,2,44,31987.42,0,1,1,155663.31,0
15685309,35,669,7,8,18911.59,0,2,1,1000,1
15628205,34,571,1,43,3683.99,0,4,0,101736.66,0
15733974,37,500,9,3,19240.28,2,3,1,125822.21,0
15762110,37,628,0,25,38020.62,4,2,0,1000,0
15706899,34,559,4,17,21507.29,1,4,0,1000,0
15732660,27,769,2,13,35418.62,2,5,1,1000,0
15656121,31,733,6,50,39705.18,4,1,0,157791.07,0
15614220,22,750,5,33,26579.46,2,1,0,1000,0
15645269,42,583,4,35,34722.4,4,5,1,1000,0
15698510,42,468,9,9,8438.14,0,5,0,181627.14,0
15569247,57,727,1,50,40665.79,1,4,0,109679.72,0
15566251,37,618,5,9,28724.14,4,2,1,96652.86,1
15716134,40,617,5,14,2622,2,2,1,190008.32,0
15763625,41,793,9,27,8637.82,2,5,0,1000,0
15605965,43,630,9,48,25567.6,2,4,0,1000,0
15694821,43,765,4,24,17006.2,3,2,1,148962.76,1
15601688,28,546,8,2,12315.33,3,2,0,1000,0
15575581,30,614,3,48,25661.23,3,3,0,131344.52,0
15671209,29,593,5,17,37520.39,3,4,1,101713.84,0
15616529,34,613,3,22,8031.91,4,3,0,1000,0
15773906,38,655,4,23,46238.35,5,3,1,1000,0
15722993,27,700,6,19,42909.03,3,3,1,137963.07,0
15752463,29,826,4,29,22343.39,2,5,0,129938.07,0
15589754,45,652,2,18,39878.69,5,1,0,151421.44,0
15669899,45,755,7,48,9526.41,5,2,0,135643,1
15766887,39,538,2,36,7432.55,2,4,1,122773.5,0
15768006,34,729,3,23,2873.94,3,4,0,152303.8,0
15741295,49,615,3,39,15708.33,2,2,0,1000,0
15811327,54,700,1,49,44719.46,5,2,0,79415.67,0
15690007,58,434,9,29,9606.7,4,5,1,125801.03,1
15690664,37,729,10,28,15606.71,5,4,0,1000,0
15719348,35,513,8,5,45713.46,3,3,1,1000,1
15781802,41,755,6,15,39163.26,3,2,1,104817.41,1
15752731,30,615,9,17,41798.65,2,3,0,1000,0
15600997,32,747,5,16,21021.44,0,1,1,67495.04,0
15750776,36,850,0,35,12535.19,1,2,0,164850.54,0
15723907,49,712,5,27,33606.9,0,1,0,154776.42,0
15633419,28,622,1,9,6263.92,4,2,0,143124.63,0
15702430,35,548,10,42,4240.78,2,3,1,1000,0
15710456,27,607,2,38,16405.6,5,2,1,1000,0
15650351,38,653,8,18,12027.55,5,1,0,102133.38,0
15590820,26,699,6,38,7464.62,1,5,1,79932.41,0
15640454,40,693,0,23,36251.63,1,3,1,120711.73,1
15697789,43,647,3,43,34292.94,3,1,1,122717.53,0
15808182,36,478,3,40,24677.89,0,1,1,92363.3,0
15588670,40,705,5,13,18124.65,3,1,1,203715.15,1
15721292,39,719,5,6,33387.22,0,2,0,1000,0
15604217,34,726,9,9,34361.92,2,3,1,1000,0
15651369,21,626,1,25,29360.77,2,3,0,1000,0
15782454,49,552,4,12,48602.39,3,2,1,1000,1
15814032,31,807,1,21,32666.96,5,3,0,93460.47,0
15570326,34,621,6,30,370.03,2,4,0,1000,0
15624428,24,651,7,21,3987.67,3,4,0,40224.7,0
15755638,43,673,5,39,11556.87,5,5,1,168069.73,1
15600992,36,652,1,32,31425.32,5,1,0,1000,0
15755649,47,584,7,44,848.4,1,3,0,130538.77,0
15795228,37,756,3,38,8044.51,0,4,0,132623.6,0
15589257,35,670,3,18,45221.03,3,5,0,103465.02,0
15719302,50,765,9,33,6352.88,0,3,0,126547.8,1
15639882,30,528,2,30,15257.16,2,4,0,128262.72,0
15791279,40,701,5,27,18531.91,3,5,0,169742.64,1
15636935,29,797,1,42,19578.76,3,3,1,1000,0
15686909,27,639,3,37,7092.81,3,4,0,150795.81,0
15589572,61,785,4,16,32934.41,5,3,0,129855.72,1
15779947,28,363,6,12,26134.54,0,5,1,146098.43,1
15573769,24,764,7,30,14222.28,5,5,0,1000,0
15578866,43,676,2,15,37917.6,1,4,1,1000,0
15739131,28,718,4,22,35343.64,0,3,1,65643.3,0
15813444,34,590,6,18,24567.51,3,5,1,1000,0
15678058,38,584,9,36,3394.89,4,5,1,104584.16,0
15769169,41,645,7,38,49515.37,0,3,0,1000,0
15804602,30,772,6,34,32648.06,2,1,0,99785.28,0
15651052,46,399,2,17,47319.79,1,5,1,127655.22,1
15724334,22,529,5,32,37789,5,3,1,1000,0
15569451,35,463,2,32,29932.33,4,4,0,101257.16,0
15650098,40,630,7,32,27388.73,1,1,1,1000,0
15724307,76,780,10,50,3653.28,5,4,0,121313.88,0
15599268,32,584,5,37,38470.36,4,5,1,1000,0
15594864,30,752,4,33,12851.3,5,5,1,81523.38,0
15616451,47,697,6,19,27081.42,3,3,0,128252.66,0
15715667,32,850,7,41,32069.52,2,2,1,1000,0
15658969,51,711,7,11,43082.08,1,3,0,1000,1
15738174,32,452,5,22,26491.16,0,5,1,1000,0
15813590,42,610,6,8,36885.29,1,3,1,1000,1
15624229,22,694,4,42,27888.87,1,2,1,1000,0
15674148,33,579,6,15,3937.19,1,4,0,1000,1
15625080,54,745,8,49,44259.63,2,4,1,1000,1
15682528,33,572,5,31,33867.76,0,4,1,1000,0
15696900,29,505,3,42,7981.95,5,1,0,145541.56,0
15730038,23,706,5,29,17198.47,1,2,0,1000,1
15812272,44,693,5,38,40986.71,3,1,0,124601.58,1
15654654,33,725,7,28,48591.76,4,2,0,115182.84,0
15697625,37,791,2,42,36601.66,1,3,1,163789.49,0
15616280,46,536,1,48,26829.14,0,3,0,65733.41,0
15654229,47,699,1,32,520.4,4,5,1,1000,0
15628298,47,500,8,29,48594.15,4,5,0,128486.11,0
15733387,53,707,6,24,49197,0,2,0,109663.47,0
15775572,42,531,6,32,38774.41,1,2,0,88324.31,0
15613844,28,557,7,34,24949.49,0,1,1,146445.24,0
15578515,38,659,3,10,3092.93,4,5,0,1000,0
15607598,31,575,6,39,34806.63,1,1,0,1000,0
15742480,36,775,2,20,35409.36,1,1,0,109949.05,0
15749482,30,772,4,49,13437.51,5,5,0,78653.05,0
15607537,46,587,9,19,36998.41,0,1,1,107850.82,1
15575410,39,667,4,17,45035.71,3,2,0,83765.35,0
15684865,66,771,7,29,21370.49,0,5,0,143773.07,0
15600700,63,523,6,26,4130.76,0,3,0,116227.27,0
15774155,33,662,0,7,4753.23,3,5,0,103471.52,0
15634267,42,717,5,8,27345.88,0,5,1,1000,0
15619626,24,746,3,16,40882.22,3,5,1,137492.35,0
15660422,28,569,7,29,32396.05,5,1,0,1000,0
15617934,36,579,9,18,42394.94,1,3,1,129829.59,0
15760774,21,519,1,23,44329.19,2,3,0,146329.57,0
15813132,30,696,4,20,18335.46,5,4,1,114027.7,0
15593331,25,693,6,7,2087.35,1,1,0,146580.69,0
15616709,38,587,0,34,36371.06,0,3,0,132122.42,0
15658052,44,626,10,36,30104.29,5,2,0,81553.93,1
15721189,66,666,7,50,17765.02,0,3,1,1000,0
15711288,24,512,6,28,48709.46,2,5,0,1000,0
15770030,28,689,3,25,6821.05,0,4,1,1000,0
15803681,26,803,4,9,28428.16,2,5,0,1000,0
15702789,32,548,5,19,45195.87,5,3,0,175214.71,0
15814930,40,588,10,29,20164.47,5,5,1,125534.51,1
15658306,68,693,4,30,44324.21,4,1,0,97705.99,0
15699523,55,499,4,4,10750.42,1,4,1,126817.65,0
15610383,46,628,1,21,22760.91,1,1,1,46870.43,1
15615032,46,624,3,40,26297.62,2,4,0,1000,0
15781989,42,733,9,5,8477.03,5,3,0,120094.93,0
15647402,38,628,3,23,30970.85,4,3,1,1000,0
15740494,33,633,3,29,46093.49,2,1,0,1000,0
15701265,36,559,1,47,45545.85,2,2,0,104356.94,0
15743532,27,704,5,14,8715.52,1,1,1,147004.34,1
15794870,38,744,6,50,31113.67,4,5,0,73023.17,0
15747591,40,665,1,20,23645.62,2,2,0,173432.55,0
15726557,42,638,7,46,20308.84,5,2,0,165679.92,0
15732199,31,837,9,49,21863.2,3,5,0,104678.62,0
15662291,55,534,8,39,38352.1,0,3,1,116973.26,1
15749050,36,548,3,33,44392.43,5,3,1,1000,0
15781586,38,837,2,43,33865.91,2,3,1,126732.85,0
15617078,44,658,6,35,27699.85,4,1,0,148481.09,0
15723339,38,554,4,37,48991.61,3,5,1,137654.05,0
15671322,30,724,7,28,33787.8,3,4,0,115315.04,0
15793854,42,723,2,34,9414.25,3,3,0,99095.73,0
15756539,39,585,7,7,46779.05,2,5,0,165610.41,0
15612064,33,474,5,49,17186.65,4,2,1,1000,1
15625916,32,562,6,23,35229.28,3,5,0,161628.66,0
15683195,32,719,9,41,5597.04,2,4,0,146605.27,0
15690182,37,635,5,25,30355.19,5,5,1,113488.68,1
15721719,42,743,7,35,26814.48,5,2,0,77002.2,0
15641690,67,681,7,45,15167.54,1,1,0,1000,0
15634896,39,521,6,17,23528.76,4,5,1,1000,0
15671590,25,741,4,33,219.41,3,2,0,1000,0
15779182,46,790,8,36,1964.58,5,2,0,182364.53,1
15778287,35,622,8,47,34744.63,0,2,0,1000,0
15609510,45,669,7,9,13660.46,5,5,1,149364.58,0
15742229,59,583,7,24,18674.33,4,1,1,127450.14,0
15658532,63,520,5,5,9140.98,2,3,0,162278.32,0
15590993,37,579,5,45,2569.9,2,1,1,152212.88,0
15565701,39,698,9,11,21976.09,1,1,0,161993.89,0
15597239,39,548,7,27,43033.83,0,1,0,131468.44,0
15688880,40,672,10,35,16168.97,1,2,1,102980.44,1
15813917,31,653,9,43,653.58,5,1,0,143321.97,0
15679611,37,734,2,9,14778.76,0,1,1,130404.92,0
15636589,41,794,7,32,12512.49,2,2,0,1000,0
15687752,30,641,2,39,28565.13,0,1,0,87505.47,0
15584363,30,824,0,39,42273.9,0,4,1,133634.02,0
15737748,33,534,3,38,18033.55,0,3,0,151233.62,0
15803365,55,653,2,13,19730.18,0,5,1,70263.83,0
15793247,34,498,5,49,3408.5,1,1,1,1000,0
15572360,30,683,10,2,38634.71,5,1,1,57657.49,0
15795166,42,618,8,48,3237.52,1,2,0,153572.31,0
15724620,37,538,1,22,10200.75,3,5,0,134752.08,0
15800856,34,643,3,8,28128.05,3,4,0,83132.09,0
15671097,31,428,2,12,34307.88,0,5,0,1000,0
15683930,32,593,9,31,19064.97,2,2,0,134096.53,1
15749004,31,718,0,23,26951.42,2,4,0,118100.59,0
15800434,52,811,10,48,32052.71,2,1,0,76915.4,1
15709117,46,823,3,15,24316.84,0,2,1,81576.75,1
15638806,49,645,2,15,31455.18,1,4,1,1000,0
15662294,33,710,10,8,8104.27,3,2,1,118327.17,0
15690079,30,591,8,1,44976.03,4,2,1,124857.69,0
15759317,27,748,2,3,13623.35,1,1,0,90971.85,0
15750497,37,850,7,49,4196.18,2,1,0,153147.75,0
15596181,38,542,8,41,46902.04,0,5,0,65942.26,1
15576602,38,809,3,29,10880.05,5,1,0,1000,0
15644833,54,675,2,13,42499.53,5,5,1,1000,1
15734634,27,607,5,37,24218.32,2,1,1,100912.19,0
15808689,31,850,4,3,16877.5,3,1,1,1000,0
15720702,37,789,3,43,27186.08,1,5,1,1000,1
15665077,43,598,5,46,43537.99,5,2,0,1000,1
15763612,41,756,2,39,7303.11,1,1,0,124439.49,0
15596493,47,687,7,23,24882.39,3,4,0,1000,0
15704483,40,724,6,11,32013.58,4,2,0,1000,0
15598846,44,700,2,11,25608.72,4,5,0,58781.76,0
15629244,50,635,7,3,14862.38,4,1,1,159453.64,1
15765537,26,687,2,7,20824.85,2,5,0,142721.52,0
15729975,46,613,8,6,2872.18,5,1,1,167795.6,0
15682773,38,781,3,20,13220.38,1,1,1,128345.69,0
15688007,20,703,3,40,7763.68,0,1,1,165260.98,0
15574331,62,593,3,38,12968.12,0,2,0,118233.81,1
15645572,40,743,6,48,6126.83,0,2,0,1000,1
15742854,46,640,8,5,46709.81,4,1,0,1000,0
15575417,37,849,7,22,34395.46,1,3,0,143452.74,0
15796721,38,778,3,9,24510.69,2,3,1,145018.49,0
15734942,38,539,8,20,36805.28,4,2,1,82407.51,0
15664772,28,489,1,39,15988.6,0,5,1,79460.98,0
15576683,43,568,9,16,33478.15,5,3,1,1000,1
15682563,38,618,5,9,19223.57,0,3,1,126473.99,0
15650889,30,710,10,13,37582.07,5,1,0,133537.1,0
15612108,52,625,5,28,12668.19,3,4,1,164978.01,0
15761132,46,682,7,34,13590.15,4,2,1,128029.72,0
15645511,43,727,2,48,306.1,2,3,1,97403.18,1
15609824,41,794,7,48,38435.93,3,1,0,176845.41,1
15640268,71,652,4,36,30769.72,4,5,0,1000,0
15645778,42,670,3,36,20224.77,3,4,1,81589.04,0
15691104,40,460,6,18,39430.89,1,3,0,119507.58,1
15714567,26,568,6,37,33479.78,4,4,1,1000,0
15777826,30,643,5,50,35803.03,0,2,1,94443.77,0
15668445,37,521,2,50,6262.39,4,5,0,1000,0
15576162,32,615,7,24,19915.01,2,2,1,92199.84,0
15778135,43,575,3,31,39857.61,2,4,1,1000,0
15613141,41,717,3,2,27096.85,3,2,0,135756.96,0
15635435,54,648,9,6,30394.05,1,1,1,120633.42,1
15596552,48,535,5,45,23545.31,3,2,1,134542.73,1
15623644,29,626,7,9,29192.82,5,5,0,1000,0
15683403,52,611,7,20,3389.31,1,1,1,1000,1
15615029,39,734,6,43,11038.9,0,4,1,1000,0
15769005,49,709,4,49,33159.9,5,5,0,154344.49,0
15746326,43,591,3,29,1748.18,1,3,0,1000,0
15722364,43,664,9,47,16240.68,0,1,0,189026.53,0
15704954,37,431,0,46,16498.32,5,2,0,120764.08,0
15694409,22,647,3,24,28746.08,5,1,1,97975.82,0
15754068,32,578,4,43,5848.34,5,5,1,1000,0
15683841,41,555,10,31,23966.3,1,2,0,113270.2,0
15789095,30,775,4,46,30317.84,0,3,1,1000,0
15719958,39,850,3,31,34798.12,3,1,1,124548.99,0
15689514,43,625,8,19,26691.71,1,4,0,201696.07,1
15621353,37,645,7,46,10016.13,5,1,1,1000,0
15627232,44,608,7,24,36880.61,3,5,1,114203.47,1
15745843,31,689,4,3,26532.33,4,1,0,1000,0
15722902,50,652,8,43,47175.81,0,5,0,125437.64,1
15791767,26,769,7,50,11547.98,5,3,1,1000,0
15792722,43,611,8,2,35083.27,2,2,1,64897.75,0
15723006,38,489,8,11,33448.33,1,5,0,1000,0
15771942,46,528,9,7,24066.47,1,2,1,135555.66,1
15774738,44,632,3,20,41447.9,1,1,0,107764.75,0
15574004,27,429,6,44,35206.54,1,4,0,117307.44,0
15587233,41,457,8,31,11663.19,3,5,0,73700.12,1
15808228,44,768,6,2,5482.05,1,2,1,60603.4,0
15682834,35,715,4,19,6172.26,0,5,0,40169.88,0
15571752,32,668,10,47,15612.79,4,4,0,92041.87,0
15743067,26,625,3,37,6000.81,4,3,1,130483.95,0
15714466,41,846,5,10,39072.17,0,3,0,1000,1
15617982,42,661,3,37,46515.9,1,5,0,1000,0
15696637,23,571,10,32,20503.86,2,4,1,151097.28,0
15690647,46,582,8,2,16808.19,4,4,0,67563.31,1
15672756,35,716,8,33,20855.69,0,5,0,112808.18,0
15704586,42,758,7,21,28748.01,4,1,0,1000,0
15674526,66,725,4,41,21032.18,4,2,1,86459.8,0
15775295,40,630,0,37,18864.81,4,1,1,118633.08,1
15684196,55,627,2,15,597.42,3,1,1,159441.27,1
15727281,27,653,9,16,9103.93,1,3,0,1000,0
15787835,38,775,4,43,6882.08,1,2,0,125212.65,1
15730540,45,794,8,39,44961.52,2,4,1,88656.37,0
15646276,32,831,2,5,25711.66,1,2,0,146033.62,0
15582180,29,561,9,35,17159.14,0,3,1,120268.13,0
15697095,46,705,7,32,31372.92,2,1,0,1000,0
15748797,33,636,0,22,9222.69,5,4,0,1000,1
15754796,46,487,4,30,24070.96,3,3,0,135070.58,1
15628947,38,693,3,11,45183.93,4,1,0,1000,1
15775546,29,517,5,32,41797.3,4,5,0,1000,0
15670481,27,684,9,23,11702.88,2,2,0,122550.05,0
15619029,43,620,2,2,40178.52,2,2,1,1000,0
15613282,29,757,8,30,157.56,3,3,1,130306.49,0
15721487,27,739,6,46,23519.08,1,5,1,1000,0
15797276,41,662,4,20,21935.9,4,5,0,90350.77,1
15612494,44,359,6,40,13349.54,2,3,1,128747.69,1
15629617,23,572,2,21,27802.07,2,3,0,126873.52,0
15600821,69,721,2,9,1567.31,5,2,1,108424.19,0
15579062,32,707,9,10,45993.7,1,4,0,1000,0
15814268,40,444,5,43,11236.5,4,4,0,84350.07,0
15710164,73,523,7,3,4068.07,0,2,1,1000,1
15693904,30,685,4,42,9791.12,4,5,0,84958.6,0
15588986,29,673,4,50,47776.49,4,3,0,99097.36,0
15797733,30,503,10,27,11453.43,2,3,1,136622.55,0
15620507,30,485,5,36,17645.4,2,4,1,156771.68,0
15685150,28,799,7,22,1114.53,3,2,0,167658.33,0
15667651,33,585,8,26,19835.3,3,1,0,1000,0
15774166,24,607,2,2,18762.47,4,2,0,109483.54,0
15649280,40,521,9,23,34506.91,2,5,1,134504.78,0
15705657,44,535,2,30,38052,3,2,1,114427.86,0
15753969,45,724,5,44,32685.21,0,4,1,83888.54,0
15742378,32,520,5,48,31656.95,4,3,1,110029.77,0
15794874,41,696,9,40,40684.6,3,2,1,127523.75,0
15589221,30,657,1,39,17254.6,0,3,0,139762.13,0
15596671,42,603,8,24,34792.19,0,3,0,91611.12,1
15583668,42,726,2,8,24708.5,4,1,1,109471.79,0
15710206,39,591,4,18,25928.58,5,3,1,150500.64,0
15799966,59,792,9,40,7877.76,1,1,1,101609.77,1
15794560,57,550,5,4,18527.31,0,4,0,1000,0
15626485,26,601,8,6,13468.65,3,1,0,78892.23,0
15703143,29,820,3,23,13146.34,2,3,0,82344.84,0
15809772,48,667,2,44,33367.36,5,5,0,1000,0
15687959,44,573,4,15,9456.04,5,3,0,1000,0
15585282,62,755,1,3,17514.13,5,2,1,127706.33,0
15714993,41,552,9,12,15961.08,4,5,1,124349.34,0
15596021,44,598,8,13,1042.32,3,5,1,1000,0
15646615,28,576,1,10,9744.15,1,2,0,119336.29,0
15742632,31,670,9,33,14620.55,1,3,1,1000,0
15574068,56,504,9,33,621.92,3,4,1,104217.3,1
15806967,65,778,7,17,43121.96,0,4,0,1000,0
15796334,39,558,10,22,10510.61,1,4,1,144757.02,1
15688713,44,627,6,20,18097.22,0,4,0,1000,0
15796179,43,683,8,1,38449.28,5,5,0,1000,0
15598751,43,556,6,16,47386.2,2,3,0,1000,1
15703019,38,583,10,28,13423.78,1,4,1,1000,0
15646302,24,705,7,20,11692.98,5,3,0,100169.51,0
15680855,33,637,2,28,194.37,1,3,0,145731.83,0
15697311,56,697,5,14,17320.14,1,1,0,110802.03,1
15585367,46,555,4,19,16768.66,3,3,1,120392.99,1
15726556,26,594,6,39,12264.63,5,3,1,135067.52,0
15676242,31,632,3,16,23796.37,4,4,0,136556.44,1
15684198,38,551,10,35,18502.08,1,5,0,1000,0
15774882,35,687,3,18,431.35,5,1,0,99587.43,1
15714227,53,672,7,28,11593.12,5,3,1,1000,0
15608653,34,521,7,40,24547.42,4,1,1,70731.07,1
15784280,35,686,2,23,10439.95,2,1,1,109342.82,0
15789546,28,639,8,46,17412.82,2,1,0,1000,0
15590320,66,850,4,34,10307.72,0,4,0,1000,0
15678385,25,465,2,10,26449.59,5,2,1,78247.31,0
15571778,55,817,10,14,3451.16,1,2,0,117561.49,1
15657085,23,578,10,5,44994.78,4,1,0,88980.32,0
15640627,34,611,4,31,12795.38,2,1,1,1000,0
15566211,41,616,1,3,10252.32,0,2,1,103560.57,1
15669293,37,517,5,25,10430.82,0,5,1,113308.84,0
15595067,40,637,6,23,4191.97,5,5,0,1000,0
15753566,32,806,3,11,19091.91,1,3,1,63763.49,0
15650391,29,633,7,36,28070.75,0,4,0,169988.35,0
15681843,35,624,0,3,20697.86,1,1,0,180303.24,0
15814846,52,691,3,15,8881.17,4,4,1,1000,1
15670374,49,819,1,26,8643.85,4,4,0,120656.86,1
15762332,31,568,1,18,10019.52,5,3,0,61592.14,0
15700223,48,806,4,32,45312.37,3,5,1,164701.68,0
15729956,26,726,1,11,35115.21,4,2,1,80780.16,0
15594862,36,552,8,41,18734.92,2,5,1,1000,0
15598782,30,755,6,46,24152.71,0,3,1,154221.37,0
15745080,26,634,8,9,30358.3,0,2,0,1000,0
15703399,26,756,5,41,43938.21,0,5,0,101641.14,0
15732175,37,776,2,18,24800.14,1,2,0,1000,0
15630725,45,649,5,48,13505.34,3,5,1,92786.66,1
15640260,32,595,8,7,12363.18,3,2,0,131081.66,0
15716822,30,646,5,42,26589.69,3,4,0,98014.74,0
15583748,38,592,8,35,49592.97,3,2,0,1000,0
15605968,26,574,8,33,38967.91,2,2,1,97460.1,0
15790683,36,850,1,32,40099.13,1,2,1,104077.19,0
15607713,29,850,1,48,9974.18,0,2,0,1000,0
15700212,46,475,10,41,13920.58,0,5,0,1000,1
15626710,39,642,4,6,34415.92,0,4,1,1000,0
15716491,51,710,4,6,29965.59,3,5,1,93656.95,1
15625824,30,596,6,44,35255.73,1,1,0,121345.88,1
15617705,39,609,8,27,42267.34,4,1,0,141675.23,0
15761976,31,797,8,35,35095.52,5,1,1,1000,0
15634891,43,504,7,40,13240.76,2,2,0,102365.49,1
15744517,50,735,9,7,30361.86,4,2,0,1000,1
15686963,30,680,3,45,44792.26,3,5,1,1000,0
15808189,52,449,6,37,6560.55,3,5,0,1000,0
15580845,57,685,7,33,1400.54,3,1,1,101868.51,0
15799156,38,569,8,46,6515.06,3,2,1,1000,0
15694296,35,631,9,16,27030.55,1,2,1,112392.45,0
15677049,25,595,7,2,28810.01,3,1,0,106570.34,0
15583595,28,461,8,47,49328.52,0,4,0,1000,0
15590146,50,630,1,34,29893.85,5,5,0,81947.76,1
15801548,31,661,7,47,21669.29,2,5,1,144162.3,0
15660833,39,796,5,31,4253.64,1,3,1,86350.87,0
15762277,47,710,5,4,1173.96,1,2,0,158623.14,1
15791302,32,741,8,26,6500.65,2,2,0,1000,0
15798975,48,606,4,35,27404.84,1,4,1,132403.56,1
15599956,27,747,10,42,40686.71,4,2,1,1000,0
15577274,43,549,3,1,29385.16,2,5,0,134985.66,0
15701200,36,576,6,43,18487.73,2,5,0,1000,0
15638149,37,528,6,7,13772.71,5,1,1,103772.45,0
15786199,33,535,2,22,20753.98,1,5,0,133040.32,0
15701765,37,575,0,10,29554.14,2,2,0,1000,0
15586974,39,656,10,7,46971.02,3,4,0,1000,0
15729040,42,440,2,10,47477.37,3,5,0,1000,0
15788676,38,539,8,16,21227.67,5,1,0,71460.67,0
15602497,39,850,6,44,16413.82,0,3,1,133214.13,0
15701333,37,646,7,12,19741.07,1,3,1,96558.66,0
15812071,54,744,6,11,29261.27,3,1,1,93806.31,0
15634375,36,710,8,4,12004.04,5,4,1,1000,0
15738267,64,544,3,19,42660.32,5,3,1,124043.8,1
15786800,52,723,5,37,49592.1,2,4,1,131694.97,1
15591130,29,507,6,36,5911.88,3,4,0,1000,0
15720662,35,787,1,37,7273.44,4,4,0,106266.8,0
15751531,41,598,8,11,15356.39,5,3,0,1000,0
15653595,51,796,6,19,47448.11,0,2,0,1000,0
15568360,41,569,4,35,9105.82,4,2,1,139840.36,0
15781210,34,711,8,43,2871.94,5,3,1,1000,0
15668058,35,661,8,40,29378.82,0,4,1,124098.54,0
15597131,32,415,5,47,3212.83,4,5,0,145807.59,0
15697283,23,578,8,18,17908.37,4,5,0,1000,0
15640953,26,611,2,7,14952.2,0,1,1,107508.93,0
15715031,28,600,6,40,31144.4,2,3,1,1000,0
15589660,32,661,1,1,49174.53,3,4,0,145980.23,0
15769818,37,850,3,38,14738.82,0,4,0,212778.2,0
15782736,47,573,4,11,48381.88,2,3,0,152522.47,1
15614818,33,764,9,13,12716.72,1,4,0,168964.77,0
15794014,34,838,8,29,28863.93,4,2,1,1000,0
15732448,28,821,8,20,19424.6,2,4,0,1000,0
15723411,36,607,4,29,28342.77,5,2,1,98266.3,0
15797686,38,558,8,23,36263.4,1,3,0,113000.92,0
15605950,23,530,1,32,23475.62,1,1,0,137060.88,0
15812497,37,654,5,35,17670.78,1,3,0,112146.12,0
15690678,33,530,4,8,35722.26,5,2,1,129307.32,0
15747677,69,656,6,48,935.25,0,3,1,163975.09,0
15618926,43,520,7,21,26517.68,2,3,1,1000,0
15673908,42,602,6,6,6710.39,5,2,0,158414.85,0
15727944,48,701,1,39,26208.86,5,4,1,92072.68,0
15807294,30,653,2,47,2204.36,1,2,1,88243.29,0
15618581,25,668,8,1,15826.82,1,5,1,1000,0
15584364,48,652,4,3,42667.24,5,3,0,59486.31,1
15599552,54,639,2,14,29948.57,2,1,1,1000,0
15749177,52,730,7,7,18058.8,4,3,1,1000,0
15718779,34,780,1,50,41384.95,3,5,1,1000,0
15568106,38,592,8,50,15501.56,3,1,0,119278.01,0
15779481,34,628,4,31,44722.4,4,5,1,158741.43,0
15709994,40,658,7,7,42176.84,4,3,1,140596.95,1
15772777,29,850,10,4,34560.17,5,1,0,1000,0
15706815,37,515,2,4,16589.88,4,5,1,90432.92,1
15618018,35,571,1,25,21519.24,1,5,1,104783.81,0
15671032,42,760,0,50,44995.87,3,4,1,77992.97,0
15634281,43,720,10,35,2653.24,5,1,1,110822.9,0
15766374,42,632,4,13,32759.27,2,3,0,119624.6,0
15600991,31,694,6,34,25560.51,3,2,0,109052.59,1
15777576,40,559,5,33,20965.57,5,2,1,139129.44,0
15742613,42,773,8,15,45123.03,4,1,1,152324.66,0
15649523,38,581,1,31,32844.63,3,4,0,1000,0
15651063,37,524,9,1,41396,0,4,0,127480.58,0
15683124,53,713,6,22,14865.92,1,4,0,115029.4,1
15618314,40,676,8,6,2118.31,3,5,0,114005.78,0
15670823,42,651,1,36,42547.91,3,4,0,116646.76,1
15607133,49,717,1,39,30386.14,5,5,1,110864.38,1
15615012,23,594,5,20,45630.24,0,4,1,156267.59,0
15725141,44,716,3,36,39216.9,1,2,1,109528.28,1
15623560,35,668,6,44,13864.23,0,1,1,102482.76,0
15693018,23,678,10,24,46477.07,0,5,0,115563.71,0
15636756,23,545,2,35,44305.22,5,4,1,1000,0
15647474,40,613,9,47,9462.78,2,5,1,95624.36,0
15576714,21,687,8,48,24047.66,5,5,1,1000,0
15585047,28,715,7,26,24101.24,4,1,0,160376.61,0
15743976,41,618,8,18,41725.64,3,5,0,37702.79,0
15793881,35,721,6,41,46471.61,5,5,0,118273.83,0
15576517,34,445,7,32,13121.23,3,5,0,131082.17,0
15631072,38,690,1,33,2157.92,2,3,1,94456,0
15730394,43,709,8,2,22179.61,3,2,1,1000,1
15631460,42,671,3,19,6358.44,0,2,0,1000,0
15692002,33,538,6,12,41031.13,5,1,1,93791.38,0
15595282,33,735,4,42,195.31,1,3,1,1000,0
15789548,37,592,7,35,35060.1,2,1,1,1000,0
15758035,61,747,7,28,15694.71,1,3,1,155973.13,0
15617518,36,675,7,43,37066.48,3,2,1,89409.95,0
15651802,39,632,5,11,37466.23,3,2,1,97854.37,0
15631813,39,621,6,33,9012.56,2,4,0,1000,0
15729668,29,521,3,49,13382.37,0,5,1,60280.62,0
15741728,36,591,7,37,11273.95,1,5,0,135216.8,0
15576676,28,706,6,32,19961.85,5,3,1,124923.35,0
15711378,38,677,4,35,28964.96,0,2,0,1000,0
15765520,27,769,7,25,30386.57,2,5,0,188614.07,0
15656726,32,771,5,13,39928.13,4,2,1,62321.62,0
15647842,48,601,8,24,5657.82,1,4,0,120782.7,1
15719309,42,670,1,24,19112.56,1,1,1,115961.58,0
15748718,28,517,2,10,33725.51,1,4,0,115062.61,0
15594404,49,834,8,1,2843.84,5,5,1,160602.25,0
15751158,42,571,4,30,31626.38,1,2,0,108825.34,1
15593470,36,576,8,14,584.7,0,4,0,166287.85,0
15695129,31,718,1,19,38474.62,0,3,1,152663.77,0
15640865,31,636,9,2,44261.21,5,4,1,80844.69,0
15714080,40,566,2,41,15378.31,1,5,0,97001.36,0
15648721,64,711,4,38,46437.53,0,3,1,1000,0
15801466,39,574,2,3,25190.28,1,4,0,122524.61,0
15750248,35,619,8,27,1121.44,2,1,1,132292.63,0
15758726,24,588,0,1,15910.57,0,2,0,1000,0
15781553,49,760,9,38,34868.23,0,3,1,91502.99,1
15649121,52,665,3,22,46730.69,5,4,0,1000,1
15674811,29,739,3,33,23975.02,2,4,1,59385.98,0
15646037,77,641,9,3,38800.36,3,5,0,1000,0
15722578,21,685,6,27,8715.05,0,1,1,97956.5,0
15665695,49,594,4,26,31766.6,0,2,0,1000,0
15801062,40,557,4,2,23274.31,0,1,0,1000,0
15662955,27,697,8,21,29784.74,3,2,0,141223.68,0
15770309,18,656,10,10,38959.48,2,3,1,151762.74,0
15657386,43,712,1,15,49904.14,1,5,0,141749.74,0
15777797,38,689,5,48,10562.7,2,1,0,75075.14,1
15783955,25,697,4,31,41316.27,4,1,0,165686.11,0
15804516,38,589,2,29,49243.46,1,1,1,1000,0
15681758,25,525,10,34,45146.69,2,2,1,1000,0
15630321,44,680,3,33,22445.73,4,2,1,1000,0
15588248,28,617,0,48,41495.75,3,5,0,1000,1
15591932,32,680,5,50,6706.26,4,5,1,92961.61,0
15810347,30,662,9,38,17078.84,1,2,1,1000,0
15595303,46,736,5,14,13030.38,0,4,0,130812.91,1
15634950,57,657,8,9,16113.62,1,5,1,107174.58,1
15685372,54,350,1,15,22805.46,4,1,0,152677.48,1
15745827,30,617,3,32,7496.61,0,3,1,132005.77,0
15755868,35,562,7,17,46114.42,1,3,1,1000,0
15735222,23,705,5,19,40252.27,0,3,0,1000,0
15604804,33,516,7,25,40209.84,2,2,1,127305.5,0
15718944,37,573,6,50,5376.79,3,3,0,1000,0
15678626,31,538,0,21,49935.39,5,2,1,1000,0
15571550,39,699,9,24,49511.74,5,5,1,1000,0
15723053,32,504,8,34,18069.51,3,4,1,170291.22,0
15661528,47,583,5,49,10731.18,2,4,1,102562.23,0
15754177,53,712,2,2,27066.08,0,3,1,111061.01,0
15683544,62,626,3,2,49675.43,3,5,1,1000,0
15708048,34,631,4,46,22837.21,1,4,0,124379.14,0
15701109,37,663,7,21,34078.85,2,1,0,1000,0
15600110,41,506,3,15,33661.62,2,3,0,57745.76,0
15651533,50,570,5,20,23506.24,1,5,0,129293.74,1
15777904,45,703,7,40,47314.72,0,1,0,1000,0
15655574,40,698,8,42,13897.02,5,1,0,150777.1,0
15569423,41,731,4,36,38779.3,4,5,1,1000,0
15718106,34,625,6,46,26543.79,5,2,0,1000,0
15585067,31,634,9,31,46399.79,4,2,0,108632.48,1
15675501,59,616,5,31,49084.43,0,4,1,153861.1,0
15633233,56,500,1,41,45611.02,1,2,1,100374.58,1
15667134,32,446,8,37,9048.91,2,2,1,1000,0
15659105,47,669,9,29,35863.11,5,5,0,61196.54,0
15575409,31,581,6,13,22427.59,5,3,1,116891.72,0
15752342,54,704,6,50,3989.91,5,3,0,133656.91,1
15654851,44,748,2,40,36641.15,0,3,0,92911.52,0
15741429,31,680,9,50,10391.17,1,3,1,119825.75,0
15682356,37,655,7,14,21813.45,5,2,1,111852.84,0
15806447,32,690,0,40,37082.76,3,3,0,106683.52,0
15800229,40,695,7,17,12268.78,1,1,1,139022.24,0
15663441,40,700,4,2,24297.5,2,1,0,148571.07,1
15791991,52,773,4,39,25656.75,1,4,1,1000,0
15775082,42,749,1,36,21844.1,0,4,0,129776.72,0
15579706,46,611,5,29,26440.78,0,2,1,1000,1
15718247,46,606,8,24,38144.84,4,2,1,1000,0
15755722,24,554,10,49,18287.86,2,2,1,1000,0
15582259,37,567,7,24,31702.97,0,5,0,1000,0
15716994,24,559,3,42,18801.01,0,2,0,114739.92,1
15586880,41,594,2,44,27558.36,5,2,1,122545.65,0
15713854,37,513,6,17,28238.03,5,4,1,1000,0
15780835,26,652,1,11,45698.99,3,3,1,131908.35,0
15675896,42,680,7,27,533.25,1,4,0,105722.69,1
15658459,33,784,10,13,14156.28,5,1,1,1000,0
15658057,44,812,8,34,16157.33,1,3,0,1000,1
15801767,40,784,8,2,23816.67,4,4,0,1000,0
15569178,18,570,4,20,16231.2,2,3,0,82767.42,0
15731478,42,712,1,15,31774.12,3,3,0,87842.98,0
15811236,39,705,6,45,35105.55,1,4,0,133261.13,0
15746749,32,681,3,1,13329.55,0,4,1,1000,0
15662758,41,620,0,32,37443.81,5,3,0,97925.11,0
15709387,52,711,5,18,7800.92,3,4,1,1000,0
15572093,24,613,7,14,30061.92,2,5,1,140453.91,0
15713826,20,613,0,38,4855.98,4,1,1,117356.19,1
15570205,36,682,5,50,10435.79,4,4,1,1000,0
15589348,37,850,4,48,40776.76,2,1,0,137204.77,0
15804610,41,601,1,43,27117.31,2,5,0,1000,0
15700854,35,595,8,22,29426.84,1,4,0,1000,1
15758836,36,675,3,16,24114.8,5,5,0,54098.18,0
15772933,31,591,8,42,36645.69,5,4,0,1000,0
15809006,23,602,7,47,49812.48,2,4,0,113758.48,0
15689612,34,554,8,46,11043.54,2,5,0,1000,0
15744614,37,541,9,8,45936.43,2,1,1,118636.92,0
15704250,34,506,7,39,29176.5,3,3,0,1000,0
15700255,44,814,8,13,22348.66,5,1,0,95488.82,0
15669410,30,683,8,11,46037.39,3,2,0,110829.52,0
15807595,51,485,7,29,19470.7,5,5,1,144244.59,0
15664523,31,696,8,38,47532.74,4,4,1,122021.92,0
15642833,30,608,8,21,12691.88,5,4,1,1000,0
15605279,50,792,9,36,8164.64,0,2,1,1000,1
15713644,22,686,5,8,12499.62,2,1,1,1000,0
15750466,42,790,1,30,43617.25,1,2,1,85839.62,0
15739054,29,654,4,36,7625.42,2,2,0,96974.97,0
15612771,35,452,4,39,24724.95,5,1,1,148172.44,0
15788483,38,719,0,30,1597.99,1,5,1,1000,0
15732832,40,707,5,47,36781.32,2,4,0,1000,0
15772892,49,699,2,33,48145.09,4,1,0,1000,0
15713843,30,850,2,22,21629.93,2,2,0,1000,0
15567993,28,828,8,6,48376.68,4,4,0,134766.85,0
15617603,30,850,5,23,18056.95,5,2,1,123210.56,0
15744983,47,712,1,7,12068.39,3,1,0,139887.01,0
15630419,44,634,9,3,40471.75,5,3,1,149961.11,0
15738828,45,730,6,23,86.21,3,4,1,152880.97,0
15778025,43,685,9,29,13282.61,0,1,0,108589.47,0
15799479,33,809,9,14,4560.5,0,2,0,1000,0
15684269,35,707,3,38,25521.99,4,2,0,56674.48,1
15762745,32,648,8,16,21267.27,4,4,1,1000,0
15746970,57,760,1,15,24534.28,2,5,1,1000,0
15725024,33,805,3,47,48071.64,3,4,0,105663.56,0
15592116,39,585,7,24,49122.08,2,2,1,1000,0
15624391,30,595,5,41,705.01,2,4,0,100683.54,0
15567422,42,630,6,10,48864.8,0,3,1,1000,0
15612627,29,627,5,40,12633.27,4,5,0,139541.58,0
15574879,37,631,2,11,35949.47,2,1,0,121801.72,0
15745107,38,776,5,27,2818.15,5,5,1,112281.7,0
15734491,36,676,4,42,26936.47,3,3,0,1000,0
15675320,40,758,5,4,14008.2,3,5,0,93499.82,0
15643824,33,637,0,27,25833.46,5,2,0,132255.99,0
15643438,20,850,7,28,48137.26,1,2,1,1000,0
15721730,44,601,4,30,24682.86,2,5,1,1000,0
15680727,49,735,5,38,511.92,1,3,0,121973.28,0
15752508,32,614,7,30,24246.74,1,1,0,99462.8,0
15808846,21,672,3,23,16482.58,2,1,0,165878.76,0
15727251,30,642,8,17,16330.39,2,4,1,117494.27,0
15663489,29,633,0,18,6401.52,3,4,1,138577.34,0
15683677,39,769,9,42,14858.02,0,4,0,1000,0
15596414,41,796,8,32,41147.84,4,5,0,107525.07,0
15730639,23,715,7,11,3087.01,5,3,0,139224.92,0
15672132,42,695,7,31,36751.83,1,2,0,121453.63,0
15742638,25,747,4,40,956.78,4,1,1,1000,0
15578603,54,584,1,29,2126.06,3,5,1,77354.37,1
15726088,40,476,6,9,16160.88,0,2,1,1000,0
15682533,39,850,7,41,39534.94,2,4,0,79259.99,0
15772995,30,529,2,16,478.52,3,1,0,116295.29,0
15765694,59,584,1,20,42478.96,4,4,1,1000,1
15659486,34,586,9,21,21601.66,2,4,0,74309.81,0
15568963,34,674,2,9,6031.34,5,2,1,152797.9,1
15703820,42,552,9,49,40705.74,0,3,1,133701.07,1
15569410,33,601,7,37,25371.97,1,4,0,114430.18,0
15632256,29,541,7,23,5708.77,0,3,0,127504.57,0
15724466,41,744,2,36,43169.32,0,1,0,84113.41,0
15777639,23,595,10,45,29497.04,4,1,1,101126.66,0
15802501,33,724,5,26,16905.79,1,2,0,103564.83,0
15778410,52,533,7,42,319.28,4,1,1,1000,1
15670702,37,618,2,16,7749.44,1,5,1,168178.21,0
15704763,39,523,1,45,20805.56,3,5,0,143903.11,1
15645544,30,642,5,20,14810.73,0,1,0,129753.69,0
15757646,35,584,9,4,25973.56,2,3,0,1000,0
15701121,38,521,5,37,13043.7,4,3,1,110641.18,1
15796313,36,662,4,27,32468.67,3,5,1,166909.2,1
15815660,34,758,1,15,30171.53,3,1,1,154139.45,0
15602844,38,717,7,15,11800.62,0,2,1,97459.06,0
15636238,40,611,1,34,18280.91,5,5,1,1000,0
15770101,43,766,6,17,6429.52,0,5,1,112088.04,0
15645543,34,636,3,12,12306.5,4,5,1,1000,0
15596397,48,814,7,18,21539.12,5,2,0,1000,0
15770525,28,760,1,14,5460.31,0,1,0,141038.57,0
15684267,39,607,2,1,49055.83,0,5,0,84468.67,0
15689980,36,725,4,10,45348.76,0,4,1,118520.26,1
15633260,37,600,1,8,31092.05,1,1,1,142663.46,0
15756471,27,656,4,5,20390.73,3,5,1,118627.16,0
15721303,34,640,1,46,15474.52,5,5,0,137523.02,0
15802256,28,439,7,21,42532.05,3,1,1,110976.23,0
15725664,38,549,8,40,15985.24,0,4,1,107283.4,0
15674851,38,622,5,21,25845.8,0,4,0,1000,0
15701946,34,715,4,41,11648.23,0,3,1,124314.45,0
15748947,41,657,5,29,48561.72,0,3,0,95858.37,0
15673342,36,703,2,37,39356.97,3,3,1,1000,0
15601008,33,802,8,19,1031.76,2,4,0,1000,0
15771636,36,793,0,47,23255.53,1,2,0,1000,0
15642002,35,554,6,46,35668.52,4,3,1,117707.18,1
15693381,38,533,1,12,27798.87,0,3,1,135289.33,0
15607691,36,658,8,10,42762.57,1,2,0,174060.46,0
15589380,40,713,3,1,6782.47,2,5,0,114446.84,0
15603846,37,711,2,31,3493.51,2,5,1,1000,1
15753549,25,669,1,49,19251.99,5,2,0,157848.53,1
15725355,43,439,8,4,28001.38,5,5,1,1000,0
15773017,37,763,6,10,4276.78,0,2,0,1000,0
15625641,74,697,3,22,22313.34,1,1,1,108071.36,0
15776467,35,702,8,23,11744.37,1,1,1,14262.8,0
15746451,41,686,7,45,45980.47,3,5,0,102749.72,0
15777922,36,629,1,43,42761.37,4,5,0,161757.87,0
15606841,38,823,1,26,42657.16,4,3,1,1000,0
15757648,35,683,5,32,43152.31,5,4,1,95698.79,0
15677173,37,555,9,39,36699.37,5,4,0,124969.13,0
15764170,44,647,4,45,5293.61,3,3,0,93960.35,1
15610446,51,714,4,50,8731.76,2,3,1,88308.87,1
15612776,39,850,10,25,30209.69,2,4,1,1000,0
15794122,59,713,3,3,26338.37,0,2,1,1000,0
15774931,30,452,7,19,12766.36,0,4,0,112935.87,0
15779247,24,683,8,36,46606.99,0,4,0,98567.1,0
15707078,26,577,1,30,7937.89,0,3,0,180530.51,0
15605263,33,552,5,2,3811.01,4,5,1,140931.57,0
15607381,31,769,7,43,2937.54,5,2,0,148913.72,0
15683471,38,691,7,30,49892.74,0,1,1,1000,0
15605037,49,818,2,26,36038.13,5,4,0,1000,1
15576085,41,739,5,42,6482.83,4,3,0,1000,0
15770435,50,639,6,28,15341.75,2,2,1,115335.32,0
15592994,65,651,0,49,31436.27,2,4,1,1000,0
15624068,26,779,0,30,47015.2,0,4,0,1000,0
15595221,33,850,7,40,35878.68,3,5,1,134678.13,0
15637131,38,829,9,36,35902.56,3,5,0,1000,0
15613471,31,579,2,42,2032.8,1,3,0,90547.48,0
15583499,32,510,9,31,21667.2,4,4,0,103324.78,0
15752816,29,531,3,35,41723.28,5,4,0,114590.58,0
15804075,36,628,3,4,40561.56,2,1,0,91286.51,0
15800517,32,633,5,35,12257.16,3,4,1,163340.12,0
15712319,45,714,8,36,32641.42,3,4,1,150900.29,0
15797389,23,604,9,22,47044.92,3,3,0,124577.33,0
15621432,35,630,1,28,10098.1,1,3,1,1000,0
15779390,31,850,4,6,48323.72,1,4,0,91292.7,0
15711219,57,788,8,7,41613.66,0,1,0,93716.72,1
15770498,37,798,4,3,20468.39,3,1,1,111723.08,0
15678727,45,770,4,45,49746,4,4,0,110765.68,1
15573893,25,569,9,7,25118.4,1,2,1,173459.45,0
15740104,22,425,7,4,47243.97,0,5,0,169649.73,1
15792649,31,547,9,44,2883.64,2,2,0,1000,0
15605275,45,725,8,7,12182.98,3,5,0,116917.07,1
15572467,37,506,5,13,8167.15,2,2,0,1000,0
15738219,36,632,7,43,44791.16,4,1,0,1000,0
15600710,22,620,0,18,39898.9,5,1,0,1000,0
15804394,32,663,8,6,18619.83,4,4,0,130627.66,1
15694188,46,700,5,42,41346.79,1,4,1,56580.95,0
15583718,38,696,6,15,20767.24,3,4,0,142316.14,0
15802478,31,767,6,13,8825.89,3,4,0,1000,0
15619343,56,561,7,17,6022.24,3,1,1,152759,1
15758813,39,350,0,39,15718.11,1,5,1,109733.2,1
15761374,54,706,9,23,30752.14,3,1,1,117444.51,0
15569209,34,464,5,46,35366.21,5,1,0,76001.57,0
15788539,34,501,3,34,9465.35,1,2,1,107747.57,0
15747222,35,745,8,10,47391.25,4,3,1,1000,0
15769346,36,587,1,9,20468.81,1,2,0,134997.49,0
15699634,48,667,2,15,22068.96,5,2,1,1000,0
15589076,36,737,9,27,39481.27,1,4,0,1000,1
15812338,30,485,7,28,34316.57,2,2,1,1000,0
15758845,37,590,0,10,33756.24,1,4,1,64345.21,1
15685844,35,518,8,22,47689.14,1,1,0,141665.63,0
15583090,29,581,8,24,7675.94,4,5,0,1000,0
15587581,33,785,5,29,12389.03,5,3,0,136624.6,0
15633640,52,799,4,44,36481.54,0,4,1,161209.66,0
15573741,38,698,10,37,20756.32,3,2,1,95010.92,0
15633574,41,730,4,44,16039.52,2,1,0,167545.32,0
15711455,36,740,4,27,27753.9,5,3,0,109044.6,1
15570601,47,785,9,1,8372.03,4,3,1,122031.55,1
15690925,29,527,2,34,38822.35,0,4,0,27755.97,1
15709338,29,544,1,26,23703.52,4,3,1,118560.55,0
15780746,61,705,4,27,25232.08,2,2,0,1000,0
15681956,34,684,9,11,4190.14,5,4,1,1000,0
15778190,28,639,8,2,39797.91,4,3,0,97840.72,0
15786852,38,565,2,46,30992.93,3,2,0,158651.29,0
15726494,44,481,9,6,13088.9,2,5,1,175303.06,1
15641183,25,731,8,38,9310.91,2,2,1,96950.21,0
15805312,45,607,7,31,36821.33,1,3,0,123859.6,0
15636572,32,760,7,28,49465.94,5,3,0,1000,0
15632575,70,559,9,49,36028.96,0,2,0,1000,0
15740164,33,715,3,2,41790.35,3,5,1,85227.84,0
15574947,36,656,8,37,21523.96,0,5,0,97786.08,0
15597909,33,652,7,44,39742.73,0,3,1,128135.99,0
15782574,33,624,6,33,48136.12,0,1,1,1000,0
15734999,36,634,2,22,36656.61,3,2,1,85996.19,0
15706593,50,850,10,46,25389.93,0,5,0,1000,0
15766686,39,659,1,42,37098.71,2,2,0,104502.11,0
15590268,35,529,5,48,14229.03,3,3,1,95772.97,0
15763055,31,572,5,14,1860.17,4,5,1,98108.79,0
15664754,39,640,9,3,47555.38,1,2,1,131607.28,1
15643630,55,770,9,42,21983.96,1,1,0,63127.41,1
15641043,35,648,7,16,29789.97,5,5,0,1000,0
15768095,31,579,9,28,25200.19,2,5,0,1000,0
15811314,36,589,9,40,31078.86,2,1,0,140355.56,0
15669922,36,530,2,9,44100.38,3,2,0,1000,0
15707114,30,831,2,38,13322.66,4,2,1,1000,0
15670602,24,790,7,18,26179.4,1,5,0,107418.27,0
15713479,35,656,6,37,657.19,3,4,0,1000,0
15663830,32,563,6,28,27345.74,0,4,0,1000,0
15566958,39,667,7,13,15665.42,0,3,0,167557.12,0
15680918,34,613,8,6,45957.32,4,4,0,117300.02,0
15663921,60,429,7,44,7779.98,0,1,0,1000,0
15716324,23,665,9,28,15544.04,3,3,1,143672.9,0
15796969,33,731,4,40,8821.93,5,5,1,1000,0
15574783,37,584,1,29,40470.6,1,1,1,1000,0
15773487,31,634,8,37,24616.53,3,1,1,76798.92,0
15802486,34,488,3,19,11860.57,1,2,1,1000,0
15783398,49,535,7,19,5818.14,4,3,0,115309.75,0
15649418,29,776,7,24,3428.1,1,1,1,178171.04,0
15604588,38,850,3,42,14727.55,4,3,1,1000,0
15735428,37,673,0,26,23956.79,4,5,0,1000,0
15629078,45,850,5,29,4190.8,1,1,0,127258.79,1
15806880,30,627,6,27,49554.12,4,2,0,1000,0
15754999,33,570,8,17,16633.51,4,1,0,1000,0
15781034,67,796,5,7,18261.69,3,2,1,1000,0
15622017,33,773,10,38,47556.31,1,4,0,1000,0
15705885,36,752,2,22,5287.44,3,5,1,1000,0
15677382,69,625,1,28,45358.09,2,1,1,107569.96,0
15566843,20,535,9,21,11713.97,5,1,1,134874.4,0
15608387,29,786,4,49,37624.77,1,2,1,1000,0
15810786,67,620,3,29,1444.01,1,3,1,1000,0
15626983,48,605,6,45,22790.47,0,3,0,1000,0
15773605,32,670,3,21,18153.57,1,4,1,1000,0
15811261,42,617,0,19,32493.34,5,4,0,70105.87,0
15590606,41,595,9,46,47759.34,1,4,0,1000,0
15576644,29,687,4,23,5219.18,0,3,0,78939.15,1
15750264,30,757,6,3,17791.96,2,2,1,105128.85,0
15741554,31,746,2,6,20417.68,2,1,0,113836.27,0
15769051,25,503,7,7,7473.84,0,2,0,1000,0
15812198,48,543,1,29,17318.39,3,4,1,100900.5,1
15699772,40,428,3,5,28034.06,3,4,0,129248.11,1
15744105,28,768,3,37,25490.53,5,4,0,109118.05,0
15739858,56,618,7,32,38866.02,5,1,1,1000,1
15723720,31,591,7,25,35965.18,0,5,0,1000,0
15638355,35,658,5,43,49304.53,2,2,0,126397.66,1
15805637,36,625,9,35,15522.94,1,3,0,108546.16,1
15629575,36,717,2,15,45908.64,0,2,0,148061.89,1
15586243,44,667,8,10,36437.3,3,4,1,122277.87,0
15757931,24,804,3,31,38301.55,5,4,1,1000,0
15716023,31,693,1,18,37339.55,4,2,1,1000,0
15647782,36,729,8,39,29589.61,4,5,0,152899.24,0
15716609,54,484,3,3,2602.07,5,2,0,134388.11,1
15623791,40,632,3,17,37325.08,0,2,0,109740.62,0
15627262,23,536,6,5,3636.16,2,2,0,92366.72,0
15652693,26,573,4,34,39265.77,0,1,1,129109.02,1
15586993,56,655,5,19,26725.84,1,2,1,1000,0
15815560,74,666,7,13,17251.98,4,3,1,105102.5,0
15584930,30,726,5,43,7938.18,4,5,0,111375.32,0
15799031,39,523,3,16,27418.65,4,5,0,1000,0
15810457,33,728,9,19,43348.11,5,1,1,150412.14,0
15697879,30,701,3,36,3361.16,2,4,1,156660.72,0
15594902,38,518,3,13,12478.34,5,4,0,90957.81,0
15799710,37,739,7,26,10531.82,5,3,1,104960.46,0
15659651,31,531,7,48,4707.2,1,1,1,117052.82,1
15645956,44,452,3,11,13084.3,1,2,0,88915.85,0
15651713,45,684,6,25,1021.47,3,3,1,148071.39,0
15737265,39,728,6,42,29988.37,2,3,1,152182.83,0
15687310,39,783,9,47,26575.11,1,1,1,1000,0
15607347,22,734,5,20,12409.81,3,2,1,130056.23,1
15698321,34,648,3,11,20187.07,5,3,1,95039.73,0
15657812,52,688,1,50,10364.17,3,3,1,1000,0
15569187,35,680,9,38,35897.57,3,5,0,1000,0
15681562,43,516,2,26,37002.89,1,2,1,112773.73,0
15615456,37,680,10,12,47761.62,5,2,0,123806.28,1
15589793,53,604,8,11,7317.13,3,3,0,144453.75,1
15781884,27,624,9,10,6229.13,4,1,0,94667.29,0
15675190,21,623,10,27,39159.79,0,1,0,1000,0
15600734,51,624,5,43,1019.92,4,5,0,174397.21,0
15779176,58,565,3,15,6085.45,5,3,0,108888.24,1
15605286,55,565,4,6,42257.83,0,3,0,118803.35,1
15674922,54,710,6,36,43750.9,3,4,1,171137.62,1
15737506,42,645,6,1,34401.46,5,3,0,1000,0
15780514,33,707,8,49,5901.7,0,1,1,136678.52,0
15623647,36,655,1,8,14031.77,4,4,0,135515.76,0
15668472,24,705,5,44,9653.05,5,5,1,177799.83,0
15692416,52,358,8,4,11025.03,0,1,0,143542.36,1
15771139,34,578,8,39,6220.44,3,2,0,147487.23,0
15738318,40,800,5,5,40677.04,2,4,0,97764.41,1
15772243,33,612,9,50,40385.44,2,3,0,1000,1
15638463,48,681,8,47,1443.81,2,5,1,139480.18,0
15598088,25,559,5,10,3345.05,0,5,1,1000,0
15693468,39,488,9,16,21169.59,4,2,1,140553.46,0
15671930,36,717,5,8,10364.75,4,5,1,1000,0
15762268,41,666,10,49,6437.92,5,2,0,141162.08,0
15780954,26,582,4,26,31892.51,0,3,1,65848.36,0
15700174,30,733,0,1,15270.38,3,4,0,83319.28,0
15635728,41,693,4,14,2386.3,1,1,0,1000,0
15679283,33,694,4,35,5294.32,2,3,1,129731.64,0
15591386,35,622,5,25,15661.36,4,2,0,1000,0
15694192,38,598,6,11,25141.88,3,5,0,1000,0
15585901,35,717,1,9,1684.08,5,5,1,1000,1
15792329,37,494,5,27,34538.19,1,1,0,107106.33,0
15635597,33,644,8,31,30168.61,4,1,1,1000,0
15775880,30,554,9,2,6636.81,5,5,0,1000,0
15630913,69,476,1,2,15001.14,2,1,0,105303.73,0
15756680,28,667,6,24,20445.14,3,1,1,165798.1,0
15587913,40,748,4,44,11568.93,1,5,0,1000,0
15737605,45,531,1,33,18079.94,5,4,1,126495.57,0
15627876,47,719,9,6,43264.65,5,2,0,116393.59,1
15772601,41,845,2,13,48611.58,5,1,1,81733.74,0
15758606,54,738,4,25,47737.11,1,4,1,1000,1
15657107,46,563,8,42,9538.73,5,2,0,106171.68,1
15622454,28,695,0,6,17080.93,2,3,0,96020.86,0
15775803,41,841,1,1,39965.39,1,4,0,1000,0
15570859,36,626,2,30,3850.65,2,5,1,181671.16,0
15748381,29,613,6,49,34821.4,4,1,0,185709.28,0
15787189,60,824,8,40,8235.54,3,3,1,134250.17,1
15666055,49,705,7,35,10726.71,3,1,0,1000,1
15617648,44,584,5,42,28734.78,3,3,0,95671.75,0
15755678,62,534,2,17,8700.21,1,3,0,1000,1
15624781,34,672,1,1,24230.01,2,5,1,142151.75,0
15779497,43,603,5,31,21460,0,4,0,127823.93,0
15567399,43,633,3,14,3321.05,0,1,0,144164.29,0
15613656,58,842,1,40,12197.67,0,3,0,63492.94,0
15734311,27,661,3,48,46541.16,2,4,1,1000,0
15657214,74,601,2,37,25239.71,1,3,0,1000,0
15799350,41,632,0,22,16846.65,2,4,0,106134.46,0
15729970,29,684,8,17,28177.18,0,5,1,127269.75,0
15725835,32,785,3,7,15540.98,0,3,1,124493.03,1
15745543,39,687,7,31,14278.35,0,1,0,1000,0
15727384,43,705,10,41,18836.93,0,2,0,146547.78,1
15666916,43,639,6,23,10728.73,4,3,1,99610.92,0
15732917,46,729,5,20,46891.9,0,5,1,117837.43,1
15612050,48,556,8,50,2956.06,5,3,0,168522.37,0
15726267,32,570,9,28,30054.92,2,4,0,117337.54,0
15780124,74,841,9,37,4214.02,0,1,0,108131.53,0
15742238,35,705,4,37,12316.17,4,5,1,136496.12,0
15679024,32,553,3,26,5546.15,5,4,0,116324.53,0
15715297,40,779,2,19,37588.41,1,5,0,75470.23,0
15633612,28,696,4,27,45299.7,0,1,0,172646.82,0
15602929,37,728,4,10,44171.84,3,2,0,1000,0
15696703,27,691,3,6,30528.53,3,3,0,160358.68,0
15756668,30,706,3,36,61.48,0,4,1,98415.37,0
15565779,30,627,6,37,2565.63,4,2,1,57809.32,0
15795519,18,716,3,42,41069.48,1,3,0,128743.8,0
15761477,24,501,4,8,8991.34,4,2,0,130806.42,0
15731890,41,601,1,35,7377,0,1,0,123971.16,0
15633043,39,545,6,15,13373.91,3,5,1,1000,1
15752953,45,634,9,49,5830.86,3,1,1,1000,0
15603088,23,451,9,42,31486.81,0,4,0,1000,0
15606613,59,655,7,48,17404.98,2,3,0,1000,1
15635939,39,458,9,27,16439.24,0,3,0,1000,0
15666043,33,520,4,38,26549.15,5,4,0,156297.58,0
15746190,28,624,2,4,19883.62,4,4,0,1000,0
15591357,51,765,3,7,36759.97,4,5,0,123372.3,0
15658716,37,667,5,21,27377.82,1,3,0,92171.35,1
15679909,41,665,8,26,27708.04,3,4,0,1000,0
15634262,34,709,4,2,41391.75,5,4,1,148375.19,0
15799825,44,583,8,47,16571.46,3,1,1,1000,0
15756875,34,782,6,1,25504.85,5,3,1,147422.44,0
15678146,24,668,7,33,42384.86,3,3,0,173962.32,1
15710743,47,621,0,47,3265.71,4,1,0,1000,1
15595831,64,579,6,32,7194.31,4,5,1,145215.43,0
15626684,38,547,5,45,5687.33,5,1,0,167539.97,0
15709846,39,840,1,23,41416.51,2,1,1,94968.97,0
15635459,27,667,3,33,21924.27,0,2,0,106116.5,0
15642544,34,723,5,46,25125.37,5,3,1,1000,0
15566494,45,487,2,7,10865.38,5,2,0,1000,0
15655238,31,668,9,6,39500.42,2,2,1,1000,0
15733429,34,520,8,9,30820.44,5,3,1,120018.86,0
15814536,37,549,2,14,25601.96,2,3,1,112541.54,0
15771702,35,567,5,50,1510.43,1,1,1,166118.45,0
15723008,45,720,1,46,18068.2,4,4,1,102882.4,1
15797160,49,492,8,42,4282.26,1,4,1,1000,1
15792222,37,712,1,5,7849.13,0,4,0,106881.5,0
15644765,26,689,4,28,13310,0,2,1,120727.97,0
15610686,63,850,8,2,35410.01,0,4,1,169832.57,1
15730868,41,747,5,30,45791.8,5,3,0,1000,0
15705991,38,469,9,18,30983.36,1,3,1,113599.42,0
15577078,38,539,6,24,15521.55,3,1,0,1000,1
15679550,32,743,9,33,2333.93,1,4,1,1000,0
15787655,47,707,3,38,28919.22,0,1,1,1000,0
15668081,50,581,4,29,34657.01,4,4,1,1000,0
15747980,38,737,6,12,17669.19,3,4,0,146282.79,0
15710295,38,445,6,38,8078.85,0,1,0,119413.62,0
15724443,29,703,3,49,27082.5,3,1,1,122084.63,0
15571305,35,588,1,46,48741.75,5,4,0,103060.63,1
15569503,44,765,6,48,19431.13,0,5,0,1000,0
15581840,33,626,8,34,28968.66,5,3,0,1000,0
15772262,37,545,9,41,21064.45,3,4,1,110483.86,0
15767794,31,744,9,35,46757.97,3,4,0,120718.28,0
15629338,31,658,2,42,40094.78,0,2,1,36566.96,1
15790379,28,629,8,25,6121.04,2,1,0,108601,0
15750684,42,719,4,30,15691.95,4,3,1,1000,1
15697214,36,686,5,43,47919.46,2,5,1,1000,0
15711015,36,743,4,30,46336.14,4,2,1,1000,0
15573309,48,626,2,41,20414.7,4,4,1,1000,0
15805303,44,661,1,10,29277.55,3,2,0,141136.62,1
15741385,45,710,9,42,15733.3,3,2,1,108231.37,0
15780254,40,654,6,22,4590.35,1,4,1,1000,1
15744843,34,569,6,14,48121.45,3,2,1,144855.34,0
15815626,63,640,2,45,28576.27,1,2,0,68432.45,1
15784736,45,562,6,2,10114.94,1,2,0,136855.24,0
15813412,55,721,3,45,11227.74,4,4,1,44020.89,1
15809143,32,456,9,9,32144.38,1,2,1,133060.63,0
15617617,39,811,7,12,40930.66,4,2,0,1000,0
15779738,24,534,1,33,24717.19,3,4,1,1000,0
15668669,36,423,5,32,2905.65,0,5,1,97665.61,1
15687477,28,594,5,2,1671.79,3,2,0,185013.02,0
15578908,32,725,0,40,26426.54,3,3,0,1000,0
15687658,52,716,7,41,22701.21,5,2,0,65971.61,1
15615020,41,595,9,35,15361.22,4,3,1,150463.11,0
15608886,33,679,1,41,6210.62,4,3,0,1000,0
15602551,39,667,9,40,18527.14,2,1,0,1000,0
15672945,37,661,5,17,32608.09,3,4,1,136425.18,0
15757408,38,655,3,14,49093.18,5,3,0,250898.09,1
15806132,55,555,4,35,13705.71,2,1,0,146798.81,0
15813022,70,531,1,39,21348.96,0,4,1,1000,0
15673578,40,611,7,44,38973.26,0,3,1,128486.91,0
15757916,38,600,9,47,45139.17,2,3,0,1000,0
15689168,37,531,1,39,30978.04,3,1,1,143407.29,0
15769216,43,601,2,49,35551.99,3,2,1,1000,1
15593295,57,548,6,24,15136.28,0,4,1,76165.65,0
15804814,40,759,4,6,46928.73,0,5,0,1000,0
15778934,49,678,8,42,26264.43,4,3,1,1000,0
15802351,33,755,6,30,15549.09,4,2,1,90560.3,0
15630241,61,594,3,35,32185.86,0,5,1,62391.22,0
15719561,42,768,5,11,23806.15,0,2,1,1000,0
15615096,31,492,7,16,32259.98,5,5,1,1000,0
15659931,55,637,1,28,40210.08,4,4,0,123378.2,1
15714586,42,646,3,10,9047.81,2,2,1,99836.47,0
15634949,74,593,5,18,14374.11,3,5,0,161434.36,0
15589224,41,596,5,17,25637.11,3,5,1,1000,0
15795990,48,722,10,16,26749.1,3,1,1,138311.76,1
15603216,25,642,7,16,6345.09,4,1,0,1000,0
15631201,28,472,4,14,34871.57,1,4,1,1000,0
15686255,35,738,6,11,42247.23,4,3,0,101744.84,0
15746594,33,732,8,3,27587.4,2,3,0,1000,0
15718893,54,404,4,49,38820.02,4,1,0,125456.07,1
15671609,44,701,7,30,38051.88,0,5,1,1000,0
15652540,31,683,2,37,13045.51,0,2,1,1000,0
15774857,27,460,7,47,24069.85,5,5,1,1000,1
15791836,29,690,5,16,37032.37,1,4,0,1000,0
15651554,54,618,4,1,11440.37,3,2,1,118449.21,1
15583576,30,671,2,42,14867.76,1,1,1,1000,0
15732740,32,765,9,26,21986.67,1,1,0,178095.55,0
15723320,25,651,2,14,40199.51,0,1,0,109175.14,0
15603851,32,704,7,6,29721.69,2,4,1,127785.17,1
15777923,45,544,6,48,22830.49,0,1,1,1000,0
15735719,40,790,9,24,26809.43,3,4,1,1000,0
15703482,34,710,9,49,40210.92,4,2,0,134260.36,0
15605835,37,743,8,25,958.08,5,5,1,69143.91,0
15664881,34,702,4,40,20106.47,2,5,0,100054.77,0
15757568,45,704,6,18,20085.03,5,4,0,1000,0
15792660,38,614,2,36,6830.43,5,5,1,116248.88,0
15599722,43,609,6,1,5690.38,4,4,1,86053.52,1
15726354,32,688,6,38,10425.14,4,1,1,123157.95,0
15610355,44,713,1,39,7884.23,5,1,1,63438.91,0
15704284,57,736,9,8,29170.78,0,3,0,95295.39,1
15621893,18,727,4,22,42797.34,5,2,1,133550.67,0
15588219,38,850,1,49,26028.07,5,2,1,106871.81,0
15688619,45,718,3,36,30627.5,2,1,0,105266.32,0
15765518,51,643,2,44,22668.84,1,1,1,105229.53,1
15616931,41,653,8,2,35490.18,1,2,0,102768.42,0
15758372,18,674,7,12,8965.11,2,3,1,1000,1
15782591,35,690,6,14,9107.42,0,2,1,112689.95,0
15612109,38,819,9,47,18387.71,2,5,1,122334.26,0
15613712,34,634,1,35,48379.11,5,2,0,1000,0
15639322,33,633,4,22,12074.26,0,4,0,137847.41,0
15594349,49,850,5,31,47635.5,2,2,1,122486.47,0
15574167,33,665,2,32,28652.76,5,5,0,101286.11,0
15811842,26,630,7,40,15005.54,4,2,1,1000,0
15648794,57,836,4,28,22377.36,3,3,1,101247.06,1
15771211,38,668,10,2,12056.71,0,3,1,86977.96,0
15588614,57,753,7,18,17200.12,2,4,1,1000,1
15630698,55,745,9,4,26167.51,1,4,0,110123.59,1
15694200,36,693,8,44,6547.31,2,1,1,178111.82,1
15721426,65,606,10,37,11494.04,4,1,0,126306.64,1
15725997,35,660,6,25,6755.75,3,1,0,100768.77,0
15762138,42,608,5,44,13909.25,5,1,0,1000,0
15750649,44,744,3,40,10498.85,5,1,0,1000,0
15685706,40,731,7,35,26973.28,5,4,1,118991.79,0
15641835,72,683,3,48,17020.07,3,2,1,140997.26,0
15586821,28,727,5,21,43957.7,0,2,1,1000,0
15569678,32,561,6,48,21888.47,5,1,1,166824.59,0
15793842,34,700,2,11,21563.51,1,3,0,76322.69,0
15667554,35,605,6,38,20857.9,5,4,0,1000,0
15794479,77,767,8,14,37321.73,2,2,0,149083.7,0
15585041,33,511,7,47,24020.54,4,5,1,1000,0
15780650,40,667,9,20,10011.5,1,3,0,1000,0
15780846,33,787,1,42,30232.1,4,1,0,126588.81,0
15805260,56,705,2,21,27000.86,4,4,1,143249.67,1
15621629,43,773,8,12,6420.11,1,2,0,81844.91,0
15662151,40,554,4,10,41490.4,2,4,0,1000,0
15747174,58,526,9,47,6475.64,1,5,1,190298.89,0
15651585,35,661,2,18,26823.85,0,4,0,117212.18,0
15649738,46,698,0,32,30362.76,1,4,1,1000,0
15633108,26,646,4,11,4354.78,0,5,1,139848.17,0
15769254,34,757,9,32,28714.97,0,2,0,101861.36,0
15704746,35,699,2,19,35060.02,2,2,1,167455.66,0
15637644,24,667,4,13,40918.46,4,3,0,1000,0
15609562,43,774,1,42,47041.87,4,1,0,116360.07,0
15787459,40,745,3,35,16554.04,3,2,1,88466.82,0
15762902,42,649,7,45,48258.55,2,3,1,1000,0
15738605,46,634,5,47,42977.08,1,2,1,123642.36,1
15724889,38,665,9,38,9890.93,4,3,0,1000,0
15730735,38,713,9,1,6815.42,5,3,1,72286.84,0
15689147,40,652,1,43,1043.37,0,3,1,1000,0
15730397,40,739,1,6,45467.89,4,1,0,109681.61,0
15762169,37,556,9,15,42906.95,2,4,0,145018.64,1
15589320,34,699,8,13,4628.12,4,4,0,1000,0
15799211,32,708,8,26,9966.43,2,1,1,187487.63,0
15798310,35,480,2,16,10573.57,3,4,1,165692.91,0
15609998,59,700,5,30,5729.6,2,2,1,137648.41,1
15583548,47,525,6,16,1726.67,5,1,0,118560,1
15761763,33,845,8,39,43242.16,3,2,0,164385.53,0
15764409,37,613,9,46,29952.9,2,5,1,108286.5,0
15710161,34,850,2,50,12664.01,1,2,1,1000,0
15735246,58,798,9,23,41342.62,0,4,1,1000,1
15791700,47,773,2,9,32866.01,2,5,0,118079.47,1
15670753,35,614,2,49,29088.97,4,3,0,127283.78,0
15573876,48,473,8,3,5806.4,0,3,0,1000,0
15770174,29,762,6,26,47729.99,5,4,0,141389.06,0
15641114,37,701,8,11,36309.45,3,4,1,130091.5,0
15682435,35,600,4,30,1489.21,1,5,0,143744.77,0
15751788,28,850,9,3,30493.14,0,4,1,97408.03,0
15672598,30,613,9,47,20209.15,3,5,1,111927.45,0
15762803,31,509,3,20,5720.19,1,2,0,1000,0
15812982,38,509,2,29,6048.72,4,4,1,1000,0
15597901,34,609,1,16,47106.48,4,4,1,1000,0
15731507,33,456,1,23,18038.38,4,5,0,188285.68,0
15809826,46,728,2,9,22610.36,1,5,0,109705.52,1
15764237,33,663,9,1,35300.74,3,2,0,1000,0
15769917,34,673,1,42,33681.51,3,5,0,127122.79,0
15641850,40,717,0,13,3492.66,5,1,0,98241.04,0
15770974,37,741,8,31,22303.98,5,1,1,170840.08,0
15803749,41,498,4,19,47310.6,2,1,0,87541.06,1
15684999,26,850,4,29,40645.42,0,4,0,62610.96,0
15770225,36,493,9,43,48311.36,2,1,1,1000,0
15627484,47,686,5,40,5707.9,0,4,0,113328.93,0
15610337,35,666,2,45,44662.55,2,5,1,104832.49,0
15752488,31,733,9,1,7348.74,5,3,1,102289.85,0
15610056,34,631,6,28,33589.78,5,5,0,125227.82,0
15806049,49,714,5,9,4285.75,1,5,0,140510.89,0
15736069,35,767,6,33,11559.96,1,5,0,132253.22,1
15763662,43,711,2,35,2379.48,0,2,1,39043.29,0
15615575,34,722,8,5,30794.92,4,1,0,1000,0
15691723,55,631,9,35,21265.53,2,2,1,99685.06,0
15774098,38,701,3,20,27727.06,0,4,0,125385.49,0
15750808,46,790,2,5,4163.48,3,1,0,131365.37,0
15744368,58,633,6,41,34497.85,1,1,0,98308.51,0
15610594,37,644,8,32,41601.12,0,2,0,1000,0
15756125,44,757,5,32,1377.1,4,3,0,140856.16,0
15623277,30,696,8,22,12516.25,3,4,0,1000,0
15795954,35,746,2,49,47993.5,2,5,0,172274.01,0
15671969,36,649,8,22,35309.32,5,3,1,1000,0
15791268,38,565,0,39,49565.39,0,4,1,122447.76,0
15713655,38,720,10,38,15587.28,1,3,1,1000,1
15633930,56,648,6,24,48865.86,5,3,1,157559.59,1
15712849,41,632,3,20,37167.02,2,4,1,126550.7,1
15639077,30,622,2,19,6826.73,4,5,1,158584.82,1
15808784,28,835,2,39,12929.95,2,5,1,163569.61,0
15648577,31,493,3,31,1570.48,4,4,1,1000,1
15670345,33,785,6,49,18341.62,2,5,1,127211.45,0
15633112,42,681,3,21,18708.58,1,1,0,118199.97,1
15714397,30,621,2,27,7148.66,3,3,0,101014.08,0
15780038,38,756,6,44,19659.98,5,5,1,119208.85,1
15756305,66,515,6,27,5468.63,3,3,0,1000,0
15578799,58,625,10,1,4302.65,4,1,1,53772.73,1
15800326,39,717,6,6,49410.62,5,4,1,1000,0
15785485,41,595,2,10,28918.04,5,1,1,138878.81,0
15783958,37,539,1,26,10565.76,5,5,0,130922.81,0
15727546,35,762,9,49,47756.31,5,3,1,1000,0
15739576,20,706,8,26,41522.67,4,4,1,1000,0
15631333,25,677,8,17,443.94,0,3,0,130866.19,0
15604782,33,733,7,41,21330.74,4,5,0,187257.94,0
15589643,41,684,7,48,5875.52,5,5,0,1000,0
15585533,36,679,6,26,25867.49,1,5,0,147733.64,0
15681506,43,478,1,11,2534.34,5,5,1,1000,0
15630551,33,696,2,15,25876.93,5,2,1,163139.27,0
15698349,35,686,4,47,49053.91,1,1,1,1000,0
15776631,36,466,5,16,9264.52,0,1,0,119540.15,0
15762216,41,686,4,11,39373.36,1,5,0,129553.76,0
15623927,55,576,9,46,38115.16,4,5,1,1000,0
15681402,61,763,1,25,1161.26,0,3,0,66101.89,0
15586264,43,572,2,21,45920.2,5,2,1,140431.98,1
15594685,49,757,2,13,14707.46,2,4,0,1000,0
15812945,29,582,0,11,16243.4,3,5,1,1000,0
15734628,35,623,5,33,36820.71,1,1,1,1000,0
15629323,37,617,4,45,35200.6,0,3,0,116471.43,1
15666823,39,425,4,4,8517.34,5,2,1,1000,0
15777553,56,659,9,19,5390.07,1,3,0,123785.24,1
15613097,33,605,4,5,30353.67,4,3,0,1000,0
15622217,38,538,8,21,41160.25,4,4,0,88758.95,1
15703588,25,665,5,6,17932.23,1,3,0,153611.83,0
15570835,57,491,4,37,23259.93,1,3,0,112044.72,1
15679299,27,726,7,45,24404.04,0,2,1,123826.07,0
15808044,65,580,9,35,44657.64,5,2,1,106804.26,1
15579208,48,550,6,2,5197.56,5,1,0,1000,0
15684951,59,542,2,22,20649.65,4,5,1,68892.77,1
15667620,43,732,6,1,41677.08,5,3,0,1000,0
15582960,33,473,5,1,23173.65,5,5,0,125827.43,0
15590730,34,745,9,45,24541.78,1,4,1,1000,0
15763747,36,732,7,12,33236.82,0,3,0,1000,0
15778320,40,848,5,48,33259.09,3,5,0,148495.64,0
15642787,37,572,1,21,15387.11,2,3,0,133043.66,0
15624633,45,702,9,2,11946.06,3,1,1,74989.58,0
15766765,39,664,7,29,2958.06,2,1,1,60263.23,0
15783615,50,630,3,2,14595.9,2,3,1,129370.91,1
15640161,44,618,5,5,4724.82,0,2,1,157955.83,0
15619889,26,556,4,10,33231.37,1,4,1,1000,0
15579166,30,619,7,40,9813.16,1,3,1,70729.17,0
15789097,48,644,8,14,18455.34,5,4,1,1000,1
15674880,50,658,2,7,14221.54,1,1,0,1000,0
15778157,27,598,8,10,6796.47,0,5,0,90721.52,0
15779064,27,677,2,31,7107.12,3,4,0,1000,0
15801265,45,689,0,18,40585.91,1,4,0,57784.22,1
15589204,33,591,9,45,14549.43,0,4,1,131765.72,0
15664543,40,699,7,6,9167.64,1,2,0,1000,1
15582714,47,749,9,10,37644.57,0,5,1,110022.74,1
15797595,40,709,9,14,14239.33,4,1,0,131569.63,0
15614034,61,607,2,4,37816.02,2,5,1,164523.5,0
15763171,25,650,2,41,49850.46,2,5,1,114330.95,0
15647266,45,651,10,47,38686.12,5,4,0,135923.16,0
15757577,61,676,8,43,35765.98,2,2,0,1000,0
15736656,49,723,4,32,16465.25,1,2,1,1000,0
15635078,45,714,0,14,10556.14,1,1,0,124693.48,0
15680141,35,759,7,39,13767.76,5,5,1,147936.42,0
15576945,29,582,0,22,26847.37,5,5,1,1000,0
15602034,34,697,2,5,30935.46,0,2,0,126558.92,0
15732020,57,610,6,42,19087.93,3,2,1,106938.11,0
15611029,33,488,4,18,43988.35,2,5,1,140002.35,0
15621210,46,599,9,39,34561,0,1,1,123444.72,1
15569222,32,781,6,5,17258.9,2,1,0,147107.91,0
15664639,19,645,9,11,17749.86,0,4,1,128514.84,0
15724223,55,545,5,34,37962.05,1,5,1,1000,1
15644621,40,597,9,23,11878.22,5,5,1,106756.01,0
15756056,28,561,3,12,23382.22,5,3,1,1000,0
15700353,37,662,6,19,39865,2,5,1,1000,0
15624388,50,649,5,1,41844.21,1,3,0,155393.32,1
15627212,36,630,2,29,41188.88,5,2,1,110414.48,0
15648005,33,672,2,4,44302.21,1,5,0,1000,0
15681446,37,636,9,7,41986.35,2,5,1,157098.52,0
15775888,38,593,5,16,2765.23,2,2,0,85626.6,0
15749019,45,545,6,16,38307.52,0,2,1,93796.42,0
15709928,41,567,1,17,10710.47,3,5,0,1000,0
15784676,51,583,6,13,2382.62,5,2,1,125268.03,0
15748116,29,681,2,47,17360.26,3,5,1,148143.84,0
15612193,29,762,10,27,5247.46,0,2,1,115545.33,0
15762984,35,648,7,26,1533.1,0,2,0,1000,0
15613713,30,644,5,47,23707.22,1,3,1,44928.88,0
15664204,29,706,2,28,33311.02,0,5,0,1000,0
15639415,35,850,3,39,16340.44,5,5,1,162442.35,0
15806332,39,484,5,14,2266.42,1,3,0,1000,0
15614929,28,508,0,9,37096.67,0,2,1,96213.82,0
15695492,29,439,6,40,8735.54,5,3,0,156569.43,0
15635972,36,484,8,29,46362.68,5,4,0,1000,0
15616380,37,803,1,15,17822.33,3,1,1,1000,0
15581440,48,724,6,1,6077,5,2,1,110463.25,1
15654390,33,640,7,1,13141.69,4,4,0,154575.76,1
15660688,35,701,9,41,28449.07,3,4,0,1000,0
15806307,37,537,3,20,7622.25,1,3,0,1000,0
15647975,26,651,5,35,9248.22,5,3,1,147037.32,0
15595728,41,523,0,34,26669.72,0,2,1,119276.31,1
15735388,25,717,7,15,45655.75,3,5,1,108664.85,0
15788535,44,593,5,33,34392.96,0,1,0,1000,0
15765902,38,706,5,36,6302.69,0,5,1,163034.82,0
15642345,49,714,4,8,34824.68,1,2,0,93059.34,1
15641250,38,794,9,3,17576.78,4,2,0,179581.31,0
15706163,46,518,4,35,29693.82,1,5,1,113625.93,1
15746708,55,589,7,35,32803.29,1,4,1,119961.48,1
15775203,45,824,3,39,1841.43,2,4,1,129209.48,0
15787907,42,719,5,23,11821.21,5,4,0,137227.04,1
15646764,58,617,3,30,46650.31,4,4,1,119024.75,1
15678284,35,651,7,49,40022.08,4,5,1,74623.5,1
15726791,45,637,2,3,44295.97,5,1,1,157929.45,1
15813144,26,554,7,18,5702.14,3,3,1,92606.86,0
15669342,35,731,2,37,31146.28,4,2,1,127862.93,0
15710366,42,569,1,12,3315.25,0,1,1,1000,1
15614934,37,625,4,24,27291.17,1,1,0,142711.81,0
15588701,38,592,4,15,9712.9,3,1,0,1000,0
15665438,43,669,1,43,6060.62,1,4,1,163159.85,0
15644896,32,663,3,36,9362.62,5,1,0,108586.86,0
15670205,41,518,5,41,29579.19,4,2,0,110624.99,0
15635776,43,686,5,34,5486.92,3,2,0,154846.24,0
15791053,45,709,4,30,47099.22,1,2,0,122917.71,1
15644005,33,571,9,6,7728.51,5,5,0,1000,0
15796343,31,707,2,34,22769.31,0,3,1,82787.93,0
15751057,32,701,5,23,25670.41,4,1,1,102500.34,0
15623430,34,672,9,27,47739.58,1,5,1,1000,0
15682600,39,620,9,21,33288.82,2,3,0,159492.79,1
15769312,48,557,10,1,24912.03,2,1,0,1000,0
15708212,54,648,7,48,22586.36,0,2,1,118241.02,1
15650258,35,479,2,13,41857.9,3,1,0,113090.4,0
15604345,22,730,9,33,10565.77,0,3,1,65763.57,0
15578297,43,737,1,13,14430.51,0,1,1,125537.38,1
15671789,31,616,3,26,3331.67,2,1,1,94263.91,0
15726186,29,639,4,18,39973.58,0,2,1,133434.57,0
15764618,39,815,6,7,29534.16,0,2,1,1000,0
15730738,31,786,9,36,40583.42,2,3,1,1000,0
15637650,50,549,9,48,40908.4,5,4,0,94748.76,0
15606267,38,622,4,31,19350.95,2,3,0,98640.74,0
15625904,26,624,9,4,24704.78,4,1,0,74681.9,0
15654463,34,841,4,12,24940.92,3,4,1,1000,0
15774151,41,614,7,24,8510.51,4,4,0,179915.85,1
15693259,30,676,1,38,33945.14,0,3,1,128207.23,0
15642468,42,697,9,2,20347.09,2,4,0,132739.26,0
15758531,40,732,10,41,43053.69,4,5,0,1000,0
15728352,27,623,4,29,19362.82,2,2,1,120509.81,0
15637240,46,541,4,37,37032.13,4,3,1,124547.13,0
15595588,39,773,4,45,28118.69,3,3,1,1000,0
15778395,34,762,4,33,31088,5,3,0,88815.56,1
15711825,35,655,1,2,32669.05,0,1,0,82231.51,0
15599251,32,602,7,20,9591.14,5,3,0,184715.86,0
15570004,31,850,3,6,43818.62,2,5,0,1000,0
15656912,51,649,4,18,33825.47,0,5,0,1000,0
15657342,28,850,4,11,21290.46,1,2,1,147972.19,1
15716284,43,543,9,35,3603.99,0,2,0,1000,0
15672374,52,672,8,18,8937.64,2,4,0,170008.84,1
15732476,27,600,3,43,14177.11,4,5,0,1000,0
15747724,34,671,10,28,1572.77,0,5,1,1000,0
15633877,42,706,8,12,23542.93,5,4,0,95386.82,0
15672516,51,541,7,18,2346.64,1,2,0,90373.28,0
15607827,34,711,4,2,29798.04,3,3,0,133467.77,0
15751336,30,630,3,35,13557.42,0,4,0,1000,0
15646539,31,531,3,33,20474.58,2,5,1,96288.26,0
15756901,26,641,4,1,44755.37,5,4,1,91547.84,0
15809286,37,631,8,35,3321.14,5,5,0,138292.64,1
15759021,35,685,9,46,11444.25,2,5,1,1000,0
15725039,32,702,8,21,10052.58,0,1,0,71667.74,0
15579130,43,708,0,6,38814.39,3,3,1,118994.84,1
15754112,55,653,7,28,26667.69,2,5,0,1000,0
15735522,37,654,2,11,20198.26,5,3,0,145610.07,0
15613326,33,596,1,18,20555.87,5,2,1,138162.81,0
15739502,31,549,9,13,15728.09,4,1,0,135020.21,0
15670914,38,754,2,25,32823.78,2,3,0,1000,0
15604073,25,815,8,26,14560.64,5,4,1,135161.67,0
15806027,52,556,9,38,14346.03,0,4,0,1000,1
15574886,32,706,6,41,25701.4,4,3,0,94486.47,0
15707120,46,850,9,4,37041.97,5,2,0,117640.39,0
15800845,33,732,8,42,27583.27,3,5,1,111379.55,0
15603914,40,614,6,48,2043.2,3,1,1,1000,1
15722765,57,580,0,13,35995.74,3,2,0,136820.99,0
15783305,46,593,7,12,20619.2,0,3,0,98752.51,0
15574842,25,653,2,28,13635.19,1,5,1,158266.42,0
15607837,29,746,4,8,44899.05,4,5,1,105599.67,0
15714877,29,662,10,46,9943.58,0,4,1,1000,0
15782941,31,573,2,43,40703.28,4,5,1,1000,0
15630167,39,684,4,43,3499.1,3,5,0,139723.9,0
15759038,41,793,3,50,42976.94,0,1,0,141806.46,0
15661821,49,798,5,39,48562.58,4,1,1,132571.67,1
15728006,40,524,2,37,30616.59,4,2,1,180516.9,0
15712176,31,816,8,13,3733.67,2,3,1,1000,0
15689351,41,742,4,24,43212.62,2,2,1,92805.72,1
15782247,22,540,4,13,40204.22,1,5,1,1000,1
15769064,39,537,3,41,1463.24,5,1,0,135309.36,1
15718153,74,759,6,43,29873.71,5,2,0,128917.84,0
15613189,52,774,2,49,26097.48,4,4,1,56580.93,1
15661734,42,608,8,19,20900.16,2,1,0,131390.75,0
15592645,37,704,4,16,33241.41,0,5,1,1000,0
15768387,41,581,8,41,22916.95,3,3,0,1000,0
15792525,61,628,1,17,28194.45,3,5,1,97361.66,1
15586976,42,566,6,13,18588.98,1,4,0,1000,1
15790659,59,701,7,27,33822.79,1,4,0,1000,0
15691446,29,735,10,42,11070.17,1,1,1,1000,0
15772632,34,680,1,33,25251.04,5,1,1,1000,0
15706587,57,560,0,35,16270.36,3,1,1,1000,0
15572461,29,663,4,20,26580.67,3,3,1,102714.65,0
15654409,34,665,5,45,25075.6,1,5,1,67816.72,0
15568025,51,758,8,4,25889.2,4,4,0,81710.46,0
15715769,26,621,2,15,18900.63,4,3,1,75237.54,0
15667458,28,764,10,18,5404.21,0,5,1,124023.18,0
15567980,46,537,5,31,30582.36,4,4,0,100727.5,1
15679294,46,589,10,24,15833.22,5,1,0,107238.85,0
15606507,24,555,5,46,42757.36,1,2,1,1000,0
15578825,29,734,0,39,23771.9,2,1,1,139994.66,0
15619935,59,783,9,38,35124.51,5,2,1,126224.87,0
15636089,51,678,1,50,23852.63,3,3,1,145751.03,1
15727490,47,661,5,13,17446,0,4,1,1000,1
15591766,25,607,4,37,12629.64,5,4,1,121166.89,0
15641629,38,537,1,38,9396.05,1,4,0,1000,0
15813303,88,513,10,16,15680.16,0,2,1,1000,0
15756920,63,576,9,42,22607.19,4,2,1,70655.48,1
15726403,41,660,1,16,43523.17,3,4,1,129901.21,1
15592765,40,637,8,23,31764.44,4,4,1,125470.81,0
15704442,53,672,9,50,43397.97,4,2,1,169406.33,1
15641136,32,629,2,19,31025.91,1,5,1,1000,0
15725818,40,583,4,38,32409.4,0,2,0,107041.3,0
15612071,32,763,10,9,41095.28,2,3,0,95153.77,0
15719809,32,516,3,2,8326.02,5,1,1,145166.09,0
15716518,27,617,4,18,4898.31,0,3,0,1000,0
15742210,38,700,9,2,46359.56,5,5,0,65962.63,0
15630617,36,727,6,41,33782.72,4,3,0,140418.81,1
15720838,31,689,3,42,49415.19,0,3,1,139799.63,0
15595537,49,626,9,8,42492.05,2,2,0,171787.84,0
15623196,38,686,6,1,26584.9,5,1,1,149238.97,0
15679249,57,351,4,17,24644.75,3,4,1,163146.46,1
15693199,37,739,8,31,9523.31,0,3,1,1000,1
15661219,32,627,10,44,48422.97,2,2,1,1000,0
15617136,38,451,9,27,6566.6,2,3,0,61482.47,0
15760294,41,512,8,44,30441.55,3,5,0,145150.28,1
15652808,41,774,5,10,11585,1,5,0,126670.37,0
15657139,40,652,8,48,27010.48,2,2,0,84390.8,0
15803790,37,638,2,48,39001.65,1,5,1,89728.86,0
15764105,57,475,1,4,37022.44,2,4,0,1000,0
15672610,40,567,4,11,42592.93,5,2,1,118628.8,0
15766896,37,750,3,22,10205.41,1,5,1,1000,0
15587735,39,850,6,9,37615.55,5,5,1,96863.13,0
15659501,38,753,6,45,34849.48,2,4,0,142263.45,0
15745001,36,683,7,15,22487.89,0,3,1,1000,0
15651140,32,710,3,31,5994.33,4,2,0,1000,0
15571148,21,645,1,41,38214.96,4,5,0,1000,0
15776824,28,714,6,2,32749.44,1,5,0,122724.37,0
15633141,35,696,4,41,36598.49,3,4,0,174902.26,0
15764174,26,612,4,28,33481.55,2,2,1,1000,0
15778155,31,520,3,34,24263.87,4,1,0,108914.17,1
15715920,23,782,10,7,35276.83,1,2,0,98052.66,0
15671917,46,666,5,30,28196.18,3,3,0,123873.19,0
15666548,56,466,2,17,38689.06,1,1,0,111920.13,1
15625623,45,567,4,20,49065.14,1,2,0,1000,0
15748123,20,613,3,47,22239.34,5,4,1,1000,0
15648735,37,718,8,7,34291.01,4,2,1,1000,0
15634974,37,614,8,24,42292.19,0,4,0,75150.34,1
15713378,38,711,10,41,22141.36,3,1,1,1000,0
15753370,38,691,5,30,11668.72,0,2,1,114753.76,0
15782659,32,527,0,42,26680.46,3,1,0,1000,0
15583364,32,476,6,1,44534.84,5,4,0,111871.93,0
15625942,45,619,0,27,18445.5,5,4,1,1000,0
15720284,37,607,4,13,33387.02,2,1,1,135927.06,0
15679642,44,695,8,50,35301.98,0,4,0,1000,0
15628007,33,653,1,38,7785.4,2,2,1,1000,0
15661974,46,677,2,29,8284.04,3,5,1,57037.74,0
15689341,50,655,10,38,28152.69,2,5,0,1000,1
15607993,52,625,2,15,14966.64,3,5,1,79468.96,0
15693267,34,679,7,48,12104.87,2,5,1,121063.85,0
15769522,51,734,1,29,17009.99,4,4,1,118537.47,0
15755825,39,666,10,22,46267.27,2,3,1,1000,0
15598175,26,592,4,10,26158.21,3,4,1,105082.07,0
15744327,40,564,4,33,10916.95,4,5,0,1000,1
15798666,36,814,6,37,21543.42,2,3,0,1000,0
15577064,36,592,2,30,29139.06,5,5,1,104702.65,0
15759436,50,758,2,14,39963.95,1,2,0,95813.76,1
15690231,62,612,0,14,24005.76,3,5,0,167026.61,0
15751561,61,498,7,47,45828.86,0,4,1,102453.26,1
15739068,25,638,4,11,23451.95,4,4,0,148045.45,0
15758056,35,558,1,18,5996.56,1,5,0,1000,0
15742269,24,756,1,27,37053.76,2,4,1,1000,0
15726490,52,782,4,34,46835.32,4,4,1,1000,1
15738411,34,505,10,48,29683.76,5,2,0,104498.79,0
15727919,29,671,6,22,7121.6,3,5,0,1000,0
15709396,42,801,6,48,49007.3,2,5,0,1000,0
15654106,26,604,8,24,39537.94,2,5,0,149542.52,0
15621653,29,716,10,45,33034.83,5,4,0,87946.39,0
15598086,45,624,3,35,21725.76,5,5,0,68639.57,1
15752300,47,607,4,23,17733.75,4,3,1,148826.32,0
15658693,60,827,2,40,33341.83,3,5,0,1000,0
15631838,61,606,5,27,48254.76,1,1,1,108166.09,0
15803804,35,717,5,23,49478.96,4,1,1,103214.71,0
15578809,40,651,1,48,23142.81,0,1,0,134760.21,1
15752026,58,691,3,15,2954.49,1,2,0,1000,1
15723706,33,573,0,18,34690.93,4,3,1,90124.64,0
15752838,38,723,6,9,40863.02,3,5,0,1000,0
15569571,46,584,6,7,20219.35,4,4,1,87361.02,1
15769703,45,550,8,24,6165.18,0,5,0,111257.59,1
15679770,61,611,3,28,2978.5,1,5,0,131583.59,1
15791102,41,549,9,21,2658.8,4,4,0,95020.8,1
15655192,24,850,1,41,43747.77,2,4,0,1000,0
15709487,34,668,5,50,45249.33,1,4,0,80242.37,0
15687130,43,686,0,16,44091.86,2,5,1,1000,0
15755178,50,660,1,14,1996.31,2,1,0,1000,1
15634772,59,682,0,8,663.04,2,5,1,122661.39,0
15617197,50,524,4,16,211.88,3,4,0,1000,1
15631240,36,645,8,12,14690.75,1,4,1,1000,1
15784301,42,850,0,18,49341.68,3,1,1,1000,0
15631310,53,537,3,21,15195.81,0,3,0,1000,0
15756560,46,599,7,35,42307.63,5,1,1,81742.84,0
15732270,71,727,8,29,9807.61,0,4,1,1000,1
15739357,30,756,2,42,43991.58,3,5,1,145127.85,0
15771540,38,755,9,18,26399.81,2,5,1,148912.44,0
15567486,41,634,4,39,20201.34,4,4,0,1000,0
15714634,26,837,4,35,25439.35,0,4,1,89900.24,0
15727021,30,727,8,44,10440.15,3,4,0,119027.28,0
15650670,40,567,2,15,21165.34,2,4,0,105222.86,0
15711834,30,650,6,19,22602.76,5,1,0,1000,1
15729763,34,655,1,10,34593.6,3,3,1,116114.93,0
15646566,58,763,9,12,35108.87,3,5,1,187911.55,0
15645463,27,843,5,16,36118.64,3,1,1,1000,0
15672144,38,667,6,13,26028.12,5,4,1,144432.04,1
15596088,50,705,4,41,28096.58,0,5,0,77065.9,0
15614878,29,660,6,35,2813.73,0,4,1,180520.29,0
15635240,42,553,1,43,29638.27,5,2,0,1000,0
15775905,47,612,6,12,3981.53,2,2,0,130024.87,1
15700657,40,641,2,50,7933.25,0,2,0,110086.69,0
15611905,31,513,5,37,22878.42,1,5,1,174853.46,0
15652527,44,680,7,32,33461.54,4,4,1,108724.98,0
15785865,58,711,9,22,37112.13,1,4,1,91285.13,0
15645942,40,689,2,40,7142.57,1,5,0,1000,0
15688691,51,665,9,17,41913.38,2,1,1,110610.41,1
15592736,54,551,5,32,41620.59,0,5,1,102994.04,1
15673529,36,645,4,23,36084.63,0,5,0,59893.85,0
15724145,29,616,8,30,20042.53,3,5,1,149318.55,0
15704629,32,582,1,31,43986.85,4,3,0,116409.55,0
15597896,30,365,0,14,23502.24,2,1,1,127760.07,1
15731790,38,697,6,20,18333.24,4,5,1,132591.36,1
15634719,31,704,0,23,3762.72,1,4,1,1000,0
15703205,46,656,5,46,31520.37,1,4,1,113402.14,0
15567333,31,712,7,27,2332.9,3,3,0,1000,0
15754537,40,748,0,50,16867.97,2,1,1,1000,0
15612030,28,724,9,33,14589.78,0,2,1,1000,0
15573242,50,691,6,25,4506.49,5,5,0,136953.47,0
15601892,33,563,8,7,16768.08,5,4,0,1000,0
15663885,32,741,5,46,43311.37,2,1,1,1000,0
15701096,44,778,8,27,13963.16,5,2,0,123863.64,0
15710450,22,848,7,4,32197.69,3,4,0,120811.89,0
15790846,38,634,2,10,49898.88,1,1,0,148430.55,0
15658956,40,505,6,2,7530.93,5,1,0,47869.69,0
15755223,53,692,7,25,25139.46,4,3,0,150926.99,0
15787318,47,537,6,43,28701.82,4,1,0,103163.35,1
15737310,29,633,10,2,15168.56,0,1,1,130206.28,0
15763665,28,833,4,21,45098.77,5,3,1,136674.51,0
15668818,40,592,2,34,28127.96,4,4,0,200322.45,0
15765812,48,587,1,26,45562.04,2,5,0,1000,0
15704844,62,550,7,40,46861.96,4,5,1,80927.56,0
15744582,24,680,10,31,13925.69,3,1,0,1000,1
15616700,41,622,9,18,27747.77,3,1,1,1000,0
15683521,28,594,0,24,1774.24,5,4,1,142574.71,0
15583049,34,643,7,45,25442.37,5,1,1,160426.07,0
15643752,25,540,5,49,44077.48,2,4,0,116160.23,0
15620398,34,635,5,21,9463.08,3,1,0,98683.47,0
15715707,32,657,3,4,38223.99,5,5,0,118829.03,0
15814209,31,814,1,25,29939.04,1,4,0,118870.92,0
15733768,32,600,1,28,49134.59,3,5,1,1000,0
15755242,46,682,2,29,3036.59,5,2,1,1000,0
15729412,38,682,4,27,42719.22,5,2,1,107192.38,0
15746564,42,566,3,9,30216.37,3,5,0,108010.78,0
15588446,34,550,3,50,6700.43,4,1,0,1000,0
15665221,26,630,7,6,44152.91,4,1,0,129837.72,0
15640846,58,546,3,9,15996.19,3,3,1,106458.31,1
15700209,63,486,9,21,45969.81,1,4,0,97009.15,0
15658360,35,762,9,39,29326.08,1,1,1,122929.42,0
15602735,45,692,6,33,25943.93,3,4,0,152296.83,1
15724834,30,498,1,5,42314.17,5,4,0,1000,0
15800062,49,850,8,50,15017.65,3,2,1,1000,1
15685300,35,603,6,15,44203.59,0,4,1,128993.76,0
15760102,36,551,5,23,1320.94,3,2,0,1000,0
15787026,27,627,0,41,4512.33,4,5,0,185267.45,0
15653696,28,515,9,42,13321.21,3,1,1,1000,0
15788946,29,605,3,3,18284.02,2,1,0,116805.82,0
15600724,29,567,5,47,18101.87,5,5,1,129750.68,0
15574324,29,568,2,2,3249.07,0,5,1,129177.01,0
15707144,25,571,6,28,28979.54,4,1,1,82506.72,0
15775891,48,634,2,3,40928.75,5,3,1,107247.69,1
15711789,42,768,3,29,43139.84,4,5,0,1000,1
15600879,36,554,3,11,32787.35,4,5,0,157780.93,0
15681196,35,629,1,14,45323.21,0,2,1,172170.36,0
15716000,48,638,2,16,39769.51,0,5,1,1000,0
15766776,41,576,1,39,47071.42,4,3,1,1000,0
15680278,42,661,9,48,34087.75,4,3,0,75361.44,1
15688637,27,592,4,27,15253.46,5,4,1,1000,0
15591179,30,702,2,14,38087.17,1,1,0,1000,0
15677435,29,647,0,10,19230.34,0,4,1,98263.46,0
15698619,43,593,9,40,18022.39,4,1,0,1000,0
15581036,40,712,3,26,24753.68,5,2,1,109308.79,1
15622117,31,625,8,27,26683.48,4,4,0,1000,0
15599301,28,538,6,2,7899.87,2,1,1,164365.44,0
15581548,22,637,5,21,28876.82,4,1,1,98800,0
15586870,27,632,4,7,49881.01,2,4,0,193125.85,0
15735263,27,736,5,50,22572.79,4,3,1,51522.75,0
15765322,23,755,5,26,34551.55,3,1,1,84284.48,0
15582944,39,425,5,39,8135.97,5,4,1,1000,0
15687162,51,461,9,35,12428.89,2,5,0,119889.84,1
15644962,21,745,4,39,47657.08,1,4,1,137910.45,0
15612615,37,616,6,49,29094.84,1,2,1,1000,0
15813439,33,587,5,24,31965.21,2,5,0,100116.82,0
15604544,40,850,4,11,37951.17,4,3,1,166082.15,0
15761348,38,601,0,27,10270.53,0,2,1,1000,0
15785078,26,730,3,29,18181.5,4,4,1,1000,0
15759874,44,532,3,46,8495.22,3,2,0,148595.55,1
15643658,53,850,2,21,9515.67,0,5,0,94078.97,0
15713267,34,779,5,6,17380.72,1,5,0,1000,0
15737782,29,562,9,43,16625.18,2,5,0,1000,0
15815490,40,670,2,12,31252.97,5,1,0,164948.98,1
15679410,62,729,4,5,48683.96,0,1,0,140549.4,1
15756241,44,767,2,27,20551.23,2,1,0,152509.25,0
15688409,28,742,2,25,41777.81,3,1,1,191864.51,1
15742272,44,669,8,6,6273.37,1,2,1,96418.09,1
15717898,32,542,2,34,41467.04,3,2,1,131945.94,0
15769582,29,586,3,1,4264.59,0,3,1,1000,0
15635660,30,612,9,10,13268.39,1,2,0,142910.15,1
15576723,37,740,7,20,12355.19,0,2,1,1000,0
15591577,35,584,3,38,37442.98,2,2,0,146311.58,0
15582325,52,524,2,17,32679.77,0,1,1,87894.26,1
15693947,19,614,5,31,31558.04,3,4,0,97445.49,0
15760446,64,598,9,20,6003.52,1,4,0,1000,1
15611105,35,799,7,30,9867.19,3,3,0,1000,0
15630920,34,724,2,29,11366.91,0,2,1,154485.74,0
15574910,50,601,2,21,19837.92,4,5,0,115625.07,0
15756472,25,804,7,37,44130.08,4,1,0,108396.67,0
15682890,38,745,5,41,13248.16,0,5,1,65095.41,0
15641994,43,667,1,6,43773.84,4,5,0,103018.45,1
15733297,38,518,10,18,34333.52,3,3,0,84764.79,0
15767793,38,819,10,14,14639.79,1,5,1,1000,0
15725698,35,520,4,23,48968.17,5,4,1,115680.81,0
15813532,39,625,5,7,4908.96,0,5,0,1000,0
15576760,36,673,5,14,44503.61,2,5,1,73088.06,0
15732102,27,656,3,1,42785.52,1,1,1,150905.03,0
15739046,23,850,9,41,38134.83,5,5,0,143054.85,0
15631927,28,574,7,12,16303.04,0,4,1,1000,0
15672115,60,679,6,6,10423.59,0,3,0,1000,0
15618765,42,530,0,48,42670.32,0,5,1,99948.45,0
15679148,44,508,3,21,28734.24,1,3,1,115451.05,0
15728474,32,558,4,43,39388.77,5,2,1,108235.91,0
15636999,38,414,8,40,40294.49,1,5,1,1000,1
15754261,42,648,2,18,32330.07,2,3,1,98795.61,0
15629150,37,721,1,10,36622.8,2,1,0,1000,0
15736274,31,751,8,12,21001.3,5,4,0,1000,0
15627697,34,662,2,6,43063.57,0,3,0,1000,0
15721585,29,628,3,19,4778.07,2,1,0,113146.98,0
15639946,39,597,8,47,39037.19,0,5,0,162532.14,1
15792176,40,698,0,13,45692.75,4,1,1,92053.44,0
15699450,48,723,7,10,37880.04,4,1,1,1000,0
15729954,28,586,5,37,37800.38,2,2,1,1000,1
15600103,29,633,8,47,5595.94,3,1,1,104944.1,0
15786200,31,564,4,33,38566.16,0,3,0,1000,0
15797010,31,649,2,35,48892.84,2,4,0,1000,0
15670172,30,622,4,34,12755.07,0,2,1,107879.04,0
15627352,46,459,7,44,10760.73,0,5,0,110356.42,1
15622494,27,718,2,44,37837.95,2,2,0,1000,0
15585835,34,655,4,27,19059.25,3,5,0,109783.69,0
15595071,22,696,9,12,47365.91,2,5,1,149777,0
15628203,38,637,3,34,2444.81,1,4,1,104339.56,0
15667190,21,630,1,28,7679.9,2,5,0,85818.18,0
15780212,37,592,4,19,39057.18,3,2,1,212692.97,0
15766869,37,634,1,33,40655.26,2,2,0,89696.84,0
15775741,28,608,9,17,37538.77,5,2,0,1000,0
15628170,32,565,9,11,35942.51,2,3,0,68067.24,0
15701318,67,763,9,29,23166,0,1,1,148564.66,0
15710928,55,665,8,27,7134.35,4,3,1,136354.16,0
15682547,38,649,1,33,15589.97,4,4,1,122214,0
15631170,45,695,3,48,30118.78,3,1,1,1000,0
15648702,70,775,6,7,11974.14,3,4,0,119684.88,0
15783444,39,788,3,9,32158.41,1,2,0,135139.33,0
15809178,42,569,9,49,26771.76,3,1,0,146100.75,1
15806688,56,726,8,1,8426.1,1,3,1,123110.9,1
15576824,44,564,3,19,29405.06,5,2,1,111760.4,1
15675422,32,544,9,34,5154.7,5,5,1,110728.39,0
15681550,41,614,8,48,12883.91,0,1,1,121558.46,0
15812628,38,453,8,23,11598.6,4,3,0,120623.21,0
15597951,58,471,4,39,11387.63,4,3,0,114713.57,0
15807045,37,829,3,45,15951.6,2,4,1,103457.76,0
15581748,57,754,2,17,35298.87,5,4,0,101134.87,0
15770420,46,749,10,34,47208.25,2,3,1,78136.36,0
15608230,23,667,1,10,31470.46,1,5,1,1000,0
15730339,30,670,3,11,25534.98,5,1,0,133446.34,0
15712584,33,670,7,34,3429.05,3,4,1,1000,0
15592816,48,623,1,3,33579.32,2,1,0,108076.33,1
15641480,32,571,5,12,26523.81,3,1,1,131354.25,0
15708505,37,641,7,22,25297.38,3,3,0,62974.64,0
15791131,30,551,2,2,7463.74,3,3,0,143340.44,0
15618225,36,741,8,15,17784.52,5,4,1,116993.43,0
15644724,31,472,4,43,13160.65,0,5,1,58662.92,0
15662098,41,650,3,29,2854.61,3,1,0,128808.65,1
15723894,45,625,7,33,599.25,3,5,1,137555.44,0
15787699,34,650,4,15,21060.59,4,3,0,142393.11,0
15687738,38,535,8,23,11268.2,1,3,0,1000,0
15576126,41,649,2,21,1990.09,1,4,0,125785.23,0
15658889,22,689,4,18,982.52,2,2,1,136444.25,1
15667046,38,694,7,41,38318.37,2,5,1,121527.4,0
15669957,52,655,9,30,30409.35,2,4,1,144696.75,0
15655794,36,620,8,44,32181.41,1,1,0,1000,0
15599829,35,577,10,21,41381.74,1,1,1,1000,0
15753332,48,401,8,22,20445.46,2,4,0,128140.17,1
15671124,25,599,6,13,39850.45,5,2,0,120383.41,0
15767474,57,481,9,49,24297.47,0,4,0,1000,1
15720671,42,704,8,15,49877.44,5,4,1,129735.3,0
15626787,31,698,8,8,46095.48,2,5,0,185078.26,1
15774491,28,480,6,33,49973.24,1,4,0,1000,0
15579647,42,682,0,10,22241.22,0,3,0,1000,0
15625522,31,700,7,29,21802.41,2,5,1,1000,0
15765806,29,492,1,40,37594.02,4,4,1,144591.96,0
15566708,45,444,4,23,36727.41,2,1,1,1000,1
15668347,36,624,6,49,34443.43,4,5,1,1000,0
15575214,37,709,7,28,31130.46,1,4,1,1000,0
15591123,68,557,2,8,18782.62,4,3,1,100194.44,0
15573280,50,646,6,11,25430.35,1,5,1,145295.31,0
15589018,28,719,3,48,36491.99,1,4,1,106070.29,0
15654495,47,706,6,25,37372.93,5,4,1,120621.89,0
15597265,38,660,7,5,25055.07,3,5,0,1000,0
15733876,36,667,9,30,26628.99,5,4,1,1000,0
15677217,30,705,1,33,46741.02,1,4,1,1000,0
15747265,27,598,10,38,26859.54,1,2,1,171283.91,0
15713379,26,669,4,37,3386.32,5,4,1,1000,0
15730433,38,580,1,30,22764.58,0,3,1,128218.47,1
15693347,32,676,5,48,37178.67,0,1,1,1000,0
15715465,28,714,7,33,44284.17,2,3,0,77776.39,0
15680736,72,597,6,6,26809.9,5,3,1,124978.19,0
15610765,29,559,1,35,30690.14,3,4,0,1000,0
15650034,28,564,1,21,22849.36,2,4,1,1000,0
15782468,51,850,3,26,20477.3,2,5,1,109799.55,1
15685109,39,689,7,4,8203.04,5,1,1,1000,0
15776233,61,758,8,8,17739.04,4,5,0,125397.21,1
15761141,71,604,10,25,39583.72,3,1,0,1000,0
15781702,38,733,9,4,38958.59,1,5,1,111347.37,0
15790235,40,778,8,40,14193.7,2,1,0,104291.41,0
15641416,61,732,9,8,37294.97,0,5,0,94867.18,1
15775234,24,646,8,20,43689.44,4,2,1,1000,0
15659475,33,597,6,25,40640.49,3,1,1,135703.59,0
15642202,37,821,5,8,29411.85,0,2,0,106453.53,0
15771417,43,640,7,29,13129.34,2,4,1,132412.38,1
15585100,40,511,9,29,16042.81,5,5,0,124401.6,1
15700487,46,805,6,30,18732.96,5,5,1,118022.06,1
15726589,39,540,1,40,47044.05,3,1,1,82531.11,0
15747503,44,705,0,21,14095.63,1,1,0,184552.12,1
15595883,39,540,4,22,5331.06,3,1,1,127278.31,0
15663826,66,532,3,21,47806.65,0,4,0,1000,0
15742820,45,535,2,18,45585.23,4,4,1,1000,0
15624793,23,627,5,14,41653.67,5,3,1,184244.86,0
15597930,52,646,8,14,12641.95,3,5,1,59669.43,1
15665110,25,515,7,24,40862.24,4,1,0,79543.59,0
15770719,39,697,6,49,21552.09,1,4,0,151553.19,0
15731327,27,652,2,3,28811.44,2,3,1,166527.88,0
15576044,28,579,6,1,23155.28,2,2,1,150329.15,0
15775662,43,760,8,39,8656.85,5,1,1,121911.59,0
15646817,51,769,9,50,11811.36,3,1,0,156773.78,0
15596060,29,498,8,30,39298.1,2,3,1,127864.26,0
15723299,53,774,4,27,38875.48,4,2,0,113709.28,1
15636982,43,705,7,26,15559.36,2,5,1,79974.55,0
15751175,44,648,2,21,45392.18,3,5,0,1000,0
15618936,51,688,5,13,39233.01,2,2,1,1000,1
15787529,38,592,0,3,11154.46,0,2,0,1000,1
15780128,33,705,3,17,42689.92,3,2,0,144427.96,0
15615991,42,654,7,21,22827.72,3,4,0,99263.09,0
15757001,32,624,2,29,23110.68,5,4,0,79368.87,0
15595388,30,594,10,26,18230.86,3,4,0,1000,0
15699550,34,695,9,31,25111.15,0,2,0,1000,0
15581620,28,597,2,47,11152.47,2,2,0,1000,0
15600934,52,758,7,3,17508.75,5,5,0,125095.94,1
15738672,40,737,2,27,20325.21,2,5,1,162485.8,0
15721307,37,694,1,30,37740.75,4,3,1,95668.82,0
15619280,25,683,4,25,3214.15,2,2,0,1000,0
15768244,30,538,8,38,31809.96,0,5,1,1000,0
15806837,37,669,4,46,30253.51,3,2,0,1000,0
15643496,34,730,5,22,4003.74,0,4,1,74197.38,0
15813916,31,622,1,4,3144.9,1,3,1,89688.94,0
15626385,33,714,10,29,4748.4,3,3,0,103121.33,0
15603582,34,569,3,23,41546.11,1,4,1,1000,0
15764351,59,668,5,12,6233.52,2,2,1,120170.07,0
15667938,32,628,9,22,30329.66,3,3,0,149136.31,0
15576360,40,600,1,24,28430.45,3,3,1,141136.79,0
15628813,43,693,4,18,22267.18,3,1,1,152341.55,0
15584190,36,704,7,17,47138.16,1,4,0,120026.98,0
15716449,33,527,9,18,12472.1,3,2,1,132168.28,0
15759913,43,553,6,8,32233.11,1,5,0,85200.82,0
15701555,53,575,1,15,43924.1,2,2,1,84903.33,0
15758482,32,626,0,9,20062.32,5,3,0,1000,0
15758171,20,582,4,9,10364.08,3,2,1,1000,0
15680346,40,683,8,16,15114.01,1,1,1,1000,0
15649124,30,850,9,39,34315.85,2,5,1,121535.18,0
15812917,35,653,6,49,42304.85,5,2,0,116662.96,0
15768455,60,679,8,30,15610.63,3,1,1,1000,0
15703059,49,549,6,32,13803.83,2,2,0,124829.16,0
15646196,36,850,2,15,15350.29,2,2,0,155180.56,0
15585451,32,558,1,32,30903.21,2,4,1,108262.87,0
15714057,40,528,4,2,40722.32,0,1,0,1000,0
15748473,38,801,5,5,20751.39,2,1,0,1000,0
15785782,48,513,2,23,10738.97,2,1,1,1000,1
15693233,38,666,6,38,21776.2,4,2,0,99812.88,0
15757521,35,606,2,6,15187.61,0,4,1,132164.26,0
15812513,45,599,10,14,4847.26,3,3,1,103583.05,1
15674950,39,544,4,1,21386.04,1,1,0,142406.43,0
15678572,38,529,7,44,5048.11,0,4,0,99842.5,1
15713608,41,850,5,30,42541.25,1,4,1,1000,0
15579262,41,497,9,29,45946.25,3,3,1,1000,0
15610426,39,764,5,18,12565.34,5,4,0,81042.42,0
15776454,48,603,5,6,15843.12,3,2,0,1000,1
15771483,40,609,6,4,31755.81,3,2,0,1000,0
15648489,53,487,4,49,34515.21,5,1,0,199689.49,1
15646609,33,748,1,33,13719.28,4,4,1,142645.43,0
15693203,75,710,5,2,46861.52,1,5,0,1000,0
15813067,45,432,3,12,2817.02,1,3,1,110219.14,1
15769829,51,534,3,33,7384.22,3,5,0,1000,0
15662434,25,607,3,20,25053.46,2,1,0,1000,0
15773503,32,551,4,46,17436.17,5,3,1,1000,0
15705890,45,674,7,44,19082.18,3,4,1,142072.02,0
15711398,25,525,6,30,3868.03,4,5,0,1000,0
15752375,33,645,8,15,4704.94,4,4,1,149564.61,0
15659175,43,755,9,27,45373.93,2,5,0,1000,0
15597033,37,708,8,5,28894.9,5,4,1,153366.13,0
15590228,21,715,6,18,3981.6,3,2,1,76467.16,0
15631848,26,727,9,39,1477.23,5,2,1,121508.28,0
15654211,27,559,1,37,12307.03,0,4,0,1000,0
15707968,36,545,8,2,41241.44,5,3,1,73211.12,1
15594084,22,524,9,33,15127.26,5,3,0,1000,0
15651093,55,707,1,17,12591.01,3,2,0,1000,0
15798824,38,671,0,23,14754.95,2,5,1,92674.94,0
15671591,52,439,3,45,34781.95,2,2,0,96196.24,1
15707189,36,667,1,18,34301.28,5,2,1,114391.62,0
15733581,32,831,9,35,43392.45,0,2,0,80262.66,0
15641640,33,545,7,23,34141.86,3,2,0,173331.52,0
15585284,35,604,7,16,10333.08,5,5,1,147285.52,0
15617866,67,657,5,46,1618.58,4,5,1,119785.47,0
15667751,36,487,1,45,5317.27,4,4,1,140137.15,0
15669411,52,750,6,25,13155.92,4,5,0,107467.56,1
15789425,37,694,8,35,17965.9,5,2,1,98218.04,1
15570943,35,711,2,2,49716.16,1,2,0,133607.75,0
15685829,37,551,3,33,37171.03,0,3,1,1000,0
15721917,38,559,8,49,40772.84,0,2,1,95139.41,0
15776047,29,620,3,9,30057,5,2,1,1000,0
15716024,42,660,5,7,12717.72,4,2,0,1000,0
15675328,37,449,6,50,13247.02,1,4,1,1000,0
15604314,26,703,1,16,22649.1,3,3,0,97331.19,0
15658339,37,795,2,3,49307.55,5,4,0,139265.63,0
15630402,31,594,9,4,48760.04,0,2,1,1000,0
15689616,34,586,5,47,16621.95,1,5,1,168094.01,0
15774224,30,613,5,41,11025.13,4,3,1,131563.88,0
15701291,44,601,3,14,47052.78,2,2,1,1000,0
15719606,50,657,9,33,17666.58,1,5,1,1000,0
15644119,31,531,3,4,8804.97,2,4,1,1000,0
15646859,47,621,7,26,28979.76,5,2,0,107363.29,0
15606836,33,782,2,10,31492.49,5,4,0,94493.03,0
15664150,29,528,9,46,28164.41,0,2,1,170214.23,0
15624510,52,696,6,11,28065.16,3,1,1,139781.06,1
15810944,35,586,7,11,2902.55,0,3,1,1000,0
15668575,26,626,8,14,21535.7,2,4,0,148610.41,1
15603246,73,498,2,50,48006.29,1,2,0,170241.7,0
15804002,33,691,1,10,13479.75,5,1,1,128306.83,0
15728773,47,568,7,43,28388.16,5,5,1,1000,0
15598044,35,715,3,22,34693.22,4,1,0,1000,0
15694829,32,680,7,13,47279.78,0,2,0,175454,0
15600575,41,802,6,32,25458.66,5,2,1,1000,0
15727311,22,539,0,37,22034.85,5,4,0,100885.93,0
15570769,69,494,9,10,16141,1,1,1,93320.8,0
15606274,38,594,6,35,4343.71,0,1,0,63176.44,0
15746139,33,596,2,10,17203.93,4,5,1,139451.67,0
15704987,52,649,8,23,47115.09,4,3,0,49113.75,0
15628972,32,699,1,42,33550.37,2,5,0,123906.22,1
15697686,40,787,6,49,47401.47,1,4,0,1000,0
15733883,28,604,7,18,34980.86,5,4,1,1000,0
15617482,52,489,1,13,13532.11,3,3,1,131441.51,1
15704583,56,651,2,17,13559.09,3,3,1,1000,1
15621083,57,698,6,22,9068.35,4,4,0,136325.48,1
15649487,38,578,4,20,39115.9,4,4,0,113150.44,1
15736760,42,538,9,36,42949.15,2,5,1,1000,0
15714658,33,696,4,7,4316.96,4,4,1,1000,0
15599081,46,507,8,20,4674.66,2,1,0,102785.16,0
15705113,34,685,6,22,8025.62,1,3,1,83264.28,0
15631159,41,705,4,9,15598.4,4,5,1,72252.64,0
15792818,29,499,6,4,27187.38,0,5,0,148051.52,0
15633531,76,717,9,12,33369.34,4,2,0,138489.66,0
15744529,63,510,8,42,48386.38,2,2,1,1000,0
15669656,32,632,6,35,32310.51,0,3,1,111589.33,0
15581198,39,668,0,2,30081.53,3,1,0,122104.79,1
15729054,32,744,4,34,41552.22,2,2,0,96106.83,0
15573452,42,663,7,34,11165.36,2,5,0,115930.87,0
15776733,37,638,7,25,22300.42,2,5,1,124513.66,0
15724858,54,688,9,11,26484.32,5,2,0,1000,1
15713144,46,588,8,33,29842.38,4,3,1,1000,0
15690188,33,631,7,49,39279.52,1,5,0,1000,1
15689425,35,687,8,20,1521.69,5,2,0,100988.39,0
15671766,44,599,10,35,35733.3,0,5,1,118577.24,0
15782806,28,718,6,1,13651.44,0,2,0,1000,0
15764419,27,730,5,44,40176.3,0,1,0,1000,0
15591915,39,533,2,35,36865.91,2,4,1,1000,1
15772798,28,711,5,7,20072.8,2,5,0,1000,0
15792008,26,555,9,45,22275.58,4,4,1,1000,0
15715541,42,850,9,36,8227.04,4,4,0,113311.11,0
15639277,41,678,9,22,18760.06,5,3,1,1000,0
15798850,32,576,7,8,8025.79,2,3,0,1000,0
15776348,20,835,4,36,10090.6,4,5,0,124365.42,1
15727696,42,592,1,9,32249.73,0,1,1,147249.29,0
15793813,36,774,7,7,48998.15,4,1,0,103688.19,0
15694395,29,620,1,37,31635.79,1,4,0,138740.24,0
15764195,39,519,4,20,21056.06,1,5,1,111900.14,0
15744919,37,734,0,49,33315.08,1,4,0,152760.24,0
15671655,31,763,7,12,9377.57,3,1,1,143966.3,1
15654901,51,733,10,17,42051.61,4,1,1,141556.96,0
15649136,43,650,6,7,30781.18,4,1,0,1000,0
15775562,33,538,5,14,34878.66,3,3,1,1000,0
15807481,46,577,1,17,22437.29,0,1,0,1000,0
15642885,30,792,8,39,29367.36,0,4,1,1000,0
15789109,41,686,10,3,40783.74,1,4,1,1000,1
15814004,29,589,2,10,8993.13,0,5,1,1000,0
15673619,25,530,9,50,48308.2,0,4,0,162560.32,0
15595135,29,778,7,21,13012.86,4,2,1,123229.46,0
15583681,31,616,7,8,4828.63,4,3,1,76665.71,0
15605000,38,550,9,46,10438.71,4,4,0,140278.99,1
15718071,51,655,3,2,4438.44,3,1,1,1000,0
15679760,46,721,1,18,26641.64,0,4,1,115764.32,0
15654574,36,499,5,40,11610.62,4,3,0,131142.53,0
15577178,45,511,5,32,33566.74,3,5,1,68375.27,1
15595324,39,579,5,33,21286.18,3,4,1,117833.3,1
15756932,36,696,7,14,28978.46,1,3,0,1000,0
15726358,34,681,7,50,43757.96,1,5,0,1000,0
15595228,45,815,7,21,21797.96,4,1,0,1000,1
15782530,30,681,2,16,39167.53,4,4,1,111093.01,0
15592877,42,641,9,28,46555.9,4,4,0,132657.55,0
15651983,56,591,9,4,14954.77,3,2,0,128882.49,1
15746737,59,565,9,4,31777.6,3,3,1,69129.59,0
15774179,37,487,6,40,43943.17,4,5,1,1000,0
15667265,39,729,4,35,35248.45,3,4,0,121404.64,0
15655123,45,505,9,33,12593.62,4,5,0,131355.3,1
15595917,35,580,1,40,39179.38,2,4,1,102097.33,0
15668385,40,642,1,48,45761.45,3,1,1,154863.15,0
15709476,41,850,3,25,7149.96,2,5,1,99945.93,0
15711218,39,616,2,41,42299.75,4,5,0,121704.32,0
15798659,43,526,3,34,46497.72,1,1,0,1000,0
15663939,35,523,8,7,22362.06,4,2,0,138782.76,0
15694946,35,663,9,39,7489.26,1,3,0,1000,0
15631912,30,840,8,49,13024.74,5,3,1,136291.71,0
15768816,42,570,0,42,19993.05,4,2,1,107856.57,0
15682268,26,676,1,29,4652.18,1,4,1,108348.66,1
15684801,47,689,1,29,23873.39,1,5,0,93871.95,1
15636428,45,703,1,16,19263.89,0,5,0,1000,1
15809823,19,491,2,24,17916.04,0,5,1,125860.2,0
15699284,49,584,8,1,23564.84,4,4,0,172713.44,0
15786993,51,810,5,9,26706.64,4,2,0,1000,0
15709441,59,745,8,25,17926.67,2,5,1,1000,0
15710257,39,625,3,38,34387.69,5,3,0,130786.92,0
15582492,29,535,2,15,49123.01,5,2,0,112367.34,0
15575694,45,729,7,15,38045.62,3,1,0,91091.06,0
15756820,26,655,7,37,15773.98,2,4,1,106198.5,0
15766289,47,751,5,34,36628.68,0,4,0,142669.93,0
15593014,33,525,1,16,43774.75,2,2,0,112833.35,0
15584545,40,532,5,18,6391.7,0,2,1,1000,0
15675949,43,696,4,43,45638.92,5,1,0,1000,0
15672091,32,786,2,2,31931.15,2,3,0,104336.43,0
15801658,55,580,6,10,32385.12,3,1,0,104305.74,0
15706185,47,596,5,25,49767.75,3,5,1,140187.1,0
15789863,39,683,4,27,32438.43,4,4,1,1000,0
15720943,45,747,1,21,12833.59,4,1,0,114959.12,1
15697997,33,602,5,15,16460.51,1,4,0,164704.38,1
15665416,62,779,10,44,1939.54,4,4,1,119096.55,0
15660200,31,551,1,4,24390.18,2,2,1,1000,0
15619653,47,666,2,45,3605.85,4,1,1,1000,1
15773447,30,526,8,8,5653.24,3,5,1,1000,0
15739160,41,849,9,37,36666.72,2,5,0,115465.28,0
15689237,27,471,4,40,882.02,0,2,1,1000,0
15679297,43,628,3,3,3898.79,5,2,1,184926.61,0
15591433,43,674,8,4,26403.29,1,3,0,85957.88,0
15642725,32,797,10,27,38363.08,1,3,1,114084.6,0
15701962,29,590,2,37,11224.99,0,4,0,166930.76,0
15811613,27,588,8,41,15288.37,0,2,0,1000,0
15741049,29,577,7,27,14036.56,4,3,0,1000,0
15724423,38,571,6,27,31691.86,5,1,0,107193.82,0
15574305,36,680,3,6,47975.54,5,2,0,116275.12,0
15678168,27,648,7,47,42027.13,4,1,0,1000,0
15697020,39,618,2,38,5892.18,0,2,0,91068.56,0
15610801,41,648,5,28,14931.46,0,2,0,123049.21,0
15745232,39,759,6,25,30205.91,4,1,1,1000,0
15722758,40,585,7,28,32414.71,0,1,0,1000,0
15792102,42,774,3,32,46509.64,0,2,1,137781.65,0
15675185,48,697,2,15,2033,3,2,0,108128.96,0
15801247,39,605,10,17,220.81,5,5,1,105317.73,0
15725660,20,676,1,27,13636.58,4,5,1,80569.73,0
15638963,22,678,4,27,35973.38,3,3,1,174852.89,0
15800061,45,495,3,28,12999.69,3,2,1,89158.94,1
15578006,85,787,10,3,37618.77,2,5,1,1000,0
15668504,36,770,2,30,35450.82,2,3,1,89800.14,0
15687491,45,817,9,6,4115.4,0,1,1,101207.75,1
15610403,43,659,1,27,35778.86,3,3,1,106086.42,0
15741094,21,693,1,27,48315.12,2,2,1,1000,0
15807909,47,744,9,10,25818.13,2,5,1,1000,0
15666141,26,829,8,30,17877.95,3,4,1,101440.36,0
15617134,38,716,4,27,29201.99,3,3,0,1000,0
15783029,34,671,7,21,41328.92,0,3,1,106603.74,0
15622833,29,835,10,39,28279.24,3,1,1,130420.2,0
15746422,38,636,1,37,21806.24,2,4,1,1000,0
15750839,29,649,2,20,21258.73,4,3,1,45022.23,0
15749130,27,621,1,46,29837.82,3,3,0,74298.43,0
15779862,31,658,3,1,38889.33,2,5,1,133003.03,1
15767871,48,784,7,50,45410.46,3,3,1,1000,0
15679651,37,783,1,46,15624.25,4,5,1,136689.66,0
15576219,32,615,4,11,48377.9,2,1,1,1000,0
15699247,44,791,5,2,37344.41,2,1,1,1000,1
15619087,53,762,1,40,16100.16,0,2,1,102520.37,0
15605327,35,607,2,32,24861.38,1,2,1,1000,0
15610140,34,601,5,38,44296.46,0,2,1,1000,0
15791174,67,540,1,1,45841.65,1,2,0,88382.01,0
15602373,44,812,4,46,33843.68,0,3,0,115049.15,0
15762605,58,685,1,6,26674.64,3,1,0,104796.54,0
15598840,33,680,1,50,23718.88,1,5,0,123082.08,0
15744279,58,680,8,41,46366.8,3,4,1,1000,0
15670619,33,631,8,24,21210.98,5,2,0,1000,0
15599533,43,569,7,2,12382.06,5,1,0,1000,0
15757837,33,584,3,2,2055.44,3,1,1,88311.48,0
15697574,40,582,9,38,23465.02,2,1,1,1000,0
15578738,32,609,7,40,28478.17,4,1,1,71872.19,0
15762228,35,506,6,17,14849.54,2,4,1,110046.93,0
15614827,42,503,8,17,20211.85,3,2,1,104430.08,0
15789815,28,503,5,23,36035.19,3,1,0,1000,0
15579781,31,806,10,26,43085.83,5,1,0,138653.51,0
15587013,31,653,7,45,44578.66,2,1,0,102575.04,0
15570932,43,666,7,33,13575.86,3,2,0,137780.74,1
15794661,32,674,2,30,9670.2,3,5,0,1000,0
15581654,32,798,7,43,6263.54,1,5,1,1000,0
15644296,30,740,8,8,33722.08,5,5,0,105209.54,0
15614420,32,531,0,31,36150.51,4,1,1,109570.21,0
15609653,44,614,6,44,23906.71,4,1,1,118715.86,1
15594577,35,556,10,41,7586.26,0,3,0,1000,0
15584114,43,678,2,49,1646.97,1,4,0,153393.18,0
15673367,33,587,6,17,33815.37,4,3,0,132603.36,0
15685576,36,527,6,14,27375.63,5,2,1,1000,0
15774727,34,757,1,36,43461.59,2,1,0,129398.01,0
15694288,28,468,3,42,38306.77,0,4,1,1000,0
15603319,29,693,2,24,1067.35,5,2,0,151352.74,0
15759066,44,483,5,44,5674.47,2,2,0,136836.49,1
15814816,40,466,4,36,5268.15,0,4,0,91592.06,1
15724402,30,770,8,17,18319.21,1,5,1,1000,0
15571059,54,734,3,22,26250.11,2,5,0,1000,1
15674206,22,716,8,20,43692.2,5,5,1,1000,0
15715160,36,439,2,43,27882.55,2,2,0,165536.28,0
15730448,25,538,5,21,20215.39,4,4,1,62482.95,0
15662067,40,743,8,49,30694.2,2,3,0,68155.59,0
15779581,43,734,3,16,43416.95,4,3,1,55853.33,1
15662901,37,656,2,24,3111.62,0,5,1,1000,0
15689751,31,666,2,2,2851.77,1,5,0,79589.43,0
15667742,41,627,5,15,8468.24,3,4,1,100880.76,0
15738448,25,480,3,31,7026.25,3,1,1,174330.35,0
15680243,19,792,7,8,22416.77,3,3,0,143390.51,0
15745083,59,613,8,35,16056.62,1,5,0,91415.76,1
15708228,30,476,3,30,26500.73,0,4,0,134366.42,0
15628523,24,539,3,39,2965.64,0,3,1,1000,0
15708196,60,696,8,7,48369.48,4,2,1,88786.81,0
15735549,35,810,3,46,5374.35,2,2,1,96814.46,0
15809347,32,763,9,37,11310.01,1,5,1,160680.41,0
15660866,29,640,3,30,45298.55,2,4,1,1000,0
15766609,47,655,10,46,8184.72,2,2,1,1000,0
15654230,31,526,5,28,36960.51,1,5,0,145537.21,0
15794566,28,678,4,45,5922.92,4,2,0,1000,1
15800890,45,554,6,23,29165,0,5,1,1000,0
15697424,30,597,2,4,3633.7,4,5,0,119370.11,1
15724536,28,560,1,3,22724.38,1,3,1,1000,0
15735878,47,850,10,41,40634.67,1,1,0,134381.52,1
15707596,74,546,8,26,42791.2,1,2,0,114888.74,1
15657163,42,623,1,50,9997.21,0,1,0,149332.48,0
15622478,40,698,7,2,18485.53,1,2,1,105061.74,1
15779529,32,620,7,12,30679.22,2,3,0,1000,0
15636023,40,619,10,22,31481.87,0,5,0,1000,1
15582066,21,561,4,49,18748.64,5,1,1,1000,0
15666675,39,753,7,29,43583.04,0,1,0,155062.8,0
15732987,43,721,3,15,22520.34,3,5,0,88798.34,0
15789432,33,451,6,39,6478.68,1,4,0,1000,0
15663161,51,680,5,33,21220.44,1,1,1,143139.87,1
15694879,23,590,7,22,36079.37,0,1,1,1000,0
15593715,27,634,3,43,48842.65,4,5,0,107027.52,0
15575002,29,676,4,4,16806.59,5,1,0,140720.93,0
15622171,30,642,8,15,5749.62,0,3,0,80964.57,0
15795224,39,760,6,1,48711.25,1,2,0,178585.46,1
15685346,26,736,4,36,21886.85,1,4,0,135889.13,0
15691808,43,656,7,24,2030.43,2,4,1,134919.85,0
15721007,33,776,8,7,8179.87,1,3,0,115130.34,1
15794253,34,832,6,37,15605.35,3,3,0,138190.13,0
15694453,37,631,9,29,38772.85,5,1,1,131519.49,0
15813113,56,795,5,33,46889.33,2,3,0,1000,1
15614187,39,648,3,15,32691.67,5,3,0,126935.98,0
15619407,39,615,4,33,2085.7,5,4,1,133707.09,0
15646227,27,682,1,1,12281.04,4,1,1,97893.2,0
15660541,34,694,5,19,23164.45,4,3,1,127900.03,0
15753874,37,694,10,17,34163.89,4,1,1,143835.47,0
15617877,44,607,0,28,27176.92,0,3,1,1000,0
15772073,48,664,10,31,26680.17,0,3,0,1000,1
15701537,60,756,2,7,33668.59,3,2,0,1000,1
15736228,40,645,3,9,26211.84,2,4,1,129596.77,0
15780572,30,653,4,38,16337.53,1,1,0,1000,0
15769596,24,710,2,47,12420.6,5,4,0,110407.44,1
15586996,76,697,7,45,22104.82,5,4,0,1000,0
15722061,41,619,8,31,38613.32,3,1,1,142015.76,0
15638003,55,648,1,5,20088.01,4,5,1,81370.07,0
15775590,48,482,2,22,25176.06,2,4,1,69329.47,1
15730688,28,548,8,24,36542.81,1,2,0,116755.5,1
15753102,44,752,6,2,33345.48,4,2,1,83870.33,0
15810075,39,648,6,33,46068.76,3,5,1,130694.89,1
15723373,34,643,8,19,21559.12,5,2,1,117451.47,0
15795298,35,573,9,12,209.18,0,4,1,206868.78,0
15584320,39,686,3,23,30445.78,2,3,0,111695.62,0
15724161,40,644,9,2,10927.7,0,1,0,137285.26,1
15750056,29,702,6,13,35657.17,3,3,0,149218.39,0
15609637,51,652,7,41,1905.38,2,1,1,1000,0
15794493,32,641,7,6,22480.11,0,3,0,1000,0
15569641,41,692,8,9,21984.43,5,1,1,130701.29,1
15815236,34,574,5,17,5870.4,1,5,0,1000,0
15811177,31,643,3,15,37109.02,3,1,1,167949.48,0
15680587,23,834,4,11,23543.41,1,5,0,131254.81,0
15672821,28,591,5,49,19029.02,4,3,1,1000,0
15767681,34,470,9,35,30454.24,5,3,0,1000,0
15600379,34,608,7,6,6462.28,3,2,1,86656.13,0
15801336,37,649,8,12,27235.51,2,5,1,114737.26,1
15721592,38,665,5,44,26585.51,3,3,1,1000,0
15581282,39,651,6,40,45352.91,5,1,0,1000,0
15746203,62,555,4,27,16290.42,3,3,0,119817.33,1
15583137,48,637,7,2,28412.33,5,4,1,130806.99,1
15680752,49,675,0,18,35807.74,3,1,0,1000,1
15688172,40,677,5,39,25894.98,1,2,1,1000,0
15791373,35,850,2,11,7156.44,5,2,1,80931.75,1
15589449,56,815,3,3,37319.34,5,5,1,1000,1
15692819,32,665,1,50,2738.61,2,1,1,132178.67,0
15727467,27,485,3,25,39244.19,2,2,0,1000,0
15734312,43,577,6,28,4822,5,5,0,1000,0
15764604,35,586,7,23,12815.26,5,5,0,164769.02,1
15613014,29,722,1,46,2184.1,4,1,0,107233.85,0
15759684,27,528,7,2,49046.44,4,3,0,176227.07,0
15609669,39,542,4,44,37171.62,5,5,0,109949.39,0
15685536,34,552,5,1,9488.93,0,5,0,1000,0
15750447,60,678,10,12,8489.96,3,3,1,117738.81,1
15663249,37,575,9,28,37771.11,1,3,1,133292.45,0
15638646,43,669,1,6,32694.06,4,4,1,160474.59,0
15734161,43,636,6,31,4313.68,5,2,1,1000,0
15631070,55,667,9,31,41260.85,4,1,1,154393.43,1
15761950,45,652,9,23,18694.68,0,4,1,110827.49,1
15649668,36,637,10,15,38477.74,4,2,0,145750.45,0
15713912,45,516,8,36,41952.21,2,4,0,109044.3,0
15586757,32,801,4,20,31043.24,2,2,0,75170.54,0
15596522,42,692,2,5,14038.18,0,4,1,1000,0
15625395,28,585,6,23,9845.79,0,4,0,105795.9,0
15760570,32,590,5,13,15412.53,1,5,1,1000,0
15566689,66,554,8,46,1582.91,4,4,1,1000,0
15725794,49,659,1,17,35864.15,2,1,1,1000,1
15673539,26,690,3,24,46155.74,5,3,0,118097.87,0
15705298,29,697,0,28,49224.86,4,5,1,172693.54,0
15675791,36,610,4,25,33740.55,3,1,1,129440.3,0
15747043,36,599,4,31,34154.46,0,2,0,1000,0
15736397,23,544,1,15,29801.65,5,3,0,96471.2,0
15678201,46,548,1,43,16204.58,3,5,1,1000,1
15720745,24,635,4,16,41446.47,3,2,1,140197.18,0
15637593,20,722,6,15,38530.12,2,5,1,1000,0
15598070,33,564,4,10,11422.11,2,2,0,135946.26,0
15787550,69,719,3,24,18859.05,0,2,1,1000,0
15603942,50,547,3,35,247.91,4,5,1,81290.02,1
15733973,42,850,8,39,43636.44,0,4,0,1000,1
15596761,60,515,9,26,8925.79,4,1,1,113715.36,1
15652400,56,667,2,43,312.54,1,2,1,168883.08,0
15717893,36,607,8,34,8101.99,3,3,0,143421.74,0
15622585,26,525,7,14,33489.29,1,1,0,153644.39,0
15733964,53,606,1,31,19160.38,5,1,1,109330.06,0
15753861,27,686,1,35,33680.38,4,1,0,115095.88,0
15747097,35,611,10,13,42528.61,3,4,0,1000,1
15594762,46,827,1,48,1618.51,3,4,1,183276.32,0
15667417,33,572,9,29,34803.62,5,3,1,68193.72,0
15684861,32,726,8,35,47660.93,2,4,1,1000,0
15742204,31,579,6,44,20099.71,3,4,1,139729.54,0
15623502,56,598,4,18,43918.95,4,1,0,98365.33,0
15774872,36,663,10,47,4739.67,5,2,0,1000,0
15611191,37,505,10,38,41661.39,4,4,0,122453.97,0
15674331,30,576,7,15,26919.8,4,3,0,132174.41,0
15619465,24,555,2,22,21197.63,1,4,1,1000,0
15575247,30,524,1,40,18151.17,5,4,1,1000,0
15695679,39,776,2,46,21049.58,5,3,0,104349.45,0
15713463,41,645,2,8,4694.77,3,3,0,138881.04,1
15785170,32,850,0,37,25153.85,0,4,1,116968.91,0
15796351,35,603,1,37,48124.6,4,2,1,105346.03,0
15639576,26,691,9,17,14758.49,2,1,0,136623.19,0
15693264,29,583,10,33,8264.01,3,3,0,1000,0
15589715,66,584,5,46,20881.52,2,5,1,1000,1
15769902,33,679,6,16,33301.46,1,4,1,1000,0
15587177,36,646,6,10,48948.16,3,5,1,124445.52,0
15814553,34,559,5,48,29266.76,3,2,0,68999.66,0
15601550,36,595,6,48,12973.92,5,3,0,85768.42,0
15664907,47,527,1,2,28190.28,4,2,0,1000,1
15612465,34,684,9,7,10687.61,5,3,0,100628,0
15810800,32,673,0,21,15492.11,4,5,0,1000,0
15665760,38,802,7,7,13560.47,5,1,0,1000,0
15588080,54,675,6,12,49902.83,1,5,1,1000,1
15776844,19,762,6,33,44262.16,5,5,0,1000,0
15717560,50,580,0,47,32447.69,5,2,1,125647.36,1
15629739,31,621,8,11,90.86,2,5,1,100375.39,0
15729908,36,411,10,1,20369.56,5,4,0,1000,0
15716781,24,815,7,20,5300.01,1,1,0,171922.72,0
15646936,32,631,2,38,19330.49,1,4,1,146810.99,0
15768151,45,514,3,9,31116.24,0,3,0,109032.23,1
15579212,57,638,6,8,48803.3,5,1,0,1000,1
15721835,25,791,7,18,7946.56,0,2,0,1000,0
15800515,35,516,5,23,19317.56,2,5,1,128653.59,0
15591279,37,734,3,10,48161.08,0,1,1,80387.81,0
15587419,58,611,8,43,14109.37,1,2,0,1000,1
15750335,43,850,0,2,35355.48,5,1,0,108508.82,1
15699619,31,641,10,7,12511.31,5,5,1,155978.17,0
15606472,38,585,5,24,42083.11,4,1,0,1000,0
15778368,50,552,4,28,26509.27,4,4,1,121175.56,1
15671387,29,507,4,34,30651.22,1,2,1,89349.47,0
15573926,38,735,7,36,38138.45,0,4,1,86131.71,0
15709183,58,707,3,49,41315.6,2,5,0,102346.86,0
15577514,36,698,7,12,44302.59,3,1,0,121263.62,0
15778830,31,841,2,31,15620,1,1,1,1000,0
15768072,33,688,2,32,7196,3,1,1,1000,1
15768293,51,614,3,40,3373.91,3,2,0,1000,0
15654456,48,511,6,34,46407.07,4,4,1,149726.08,1
15807525,43,447,2,11,45416.73,3,2,1,1000,1
15574372,35,738,5,37,42664.23,1,4,1,161274.05,0
15671249,33,422,2,45,41786.13,0,3,1,1000,0
15779744,30,537,1,26,18797.87,0,2,0,103138.17,0
15624755,40,707,3,36,27497.18,2,2,0,109628.44,0
15611430,54,690,5,2,17342.72,2,2,0,1000,1
15774744,33,664,7,12,45042.84,4,5,0,97286.16,0
15629885,33,850,7,44,33664.89,0,5,0,118004.26,0
15708791,32,584,9,24,13595.61,4,2,1,85534.83,0
15793890,59,728,4,24,24826.4,2,3,0,1000,1
15646091,43,560,4,20,21531.78,3,2,1,95140.44,1
15596984,31,629,6,46,44144.59,2,3,0,1000,1
15800215,25,658,3,50,14064.41,3,4,1,1000,0
15577806,54,794,1,40,24347.74,2,1,0,75900.84,0
15749381,41,790,2,37,26194.17,5,1,0,126619.27,0
15683758,44,640,7,46,23499.57,2,4,0,111833.47,0
15670615,37,652,7,25,1098.26,4,5,0,1000,0
15715622,57,583,3,33,8446.77,0,4,1,238387.56,1
15707634,32,775,2,36,23749.8,2,1,1,108698.96,0
15806901,39,584,2,37,39981.62,5,1,1,112687.69,0
15775335,48,635,4,10,19906.61,1,1,1,81556.89,0
15724150,48,814,9,2,25355.26,4,2,1,136596.85,0
15627220,43,735,9,38,12598.82,0,1,0,98807.45,1
15672330,31,678,1,30,31352.1,4,4,0,1000,0
15668521,37,693,1,22,28479.9,3,3,1,1000,0
15807837,30,640,6,11,2767.14,2,4,0,107499.7,0
15592570,23,773,8,27,1140.77,0,4,0,1000,0
15748589,30,736,9,34,18060.77,2,2,1,1000,0
15635893,28,693,8,5,45519.05,5,4,0,1000,0
15757632,41,496,1,24,48188.08,5,4,0,176024.05,0
15691863,39,751,3,34,20201.76,3,5,1,1000,0
15706071,39,528,0,16,14146.86,0,5,1,127631.62,1
15654296,19,754,9,27,26945.82,2,2,0,1000,0
15755018,26,568,10,12,40244.53,1,5,0,109819.16,0
15594041,41,592,2,19,18643.27,0,3,0,138734.94,0
15670587,25,558,10,31,21256.88,4,3,0,111363.1,0
15724527,34,825,9,19,721.58,4,1,1,1000,0
15801904,28,677,0,17,28566.24,3,3,1,143988,1
15658195,34,653,5,14,28775.36,1,1,0,118838.75,0
15630113,35,593,4,35,17006.63,5,5,0,161637.75,0
15784320,44,632,3,4,3756.34,1,1,0,133793.89,1
15676513,35,601,8,49,48665.22,5,4,0,71553.83,0
15574072,62,786,8,45,13180.94,4,3,1,1000,0
15633854,40,654,3,6,31568.08,1,2,1,1000,0
15618566,38,572,7,42,10192.53,2,3,1,1000,0
15733014,62,813,10,34,22212.16,2,5,0,64667.95,0
15753343,28,523,2,23,11023.84,5,5,0,121164.11,0
15746076,50,506,3,40,38026.77,2,3,0,1000,0
15608226,72,513,3,6,9424.91,2,2,0,98903.06,0
15605684,31,664,7,2,48703.34,5,2,0,104158.84,0
15638988,54,684,6,5,42938.15,0,2,0,1000,0
15628767,63,608,3,3,41919.47,0,4,0,139529.93,1
15737977,25,527,6,17,5505.96,1,3,0,1000,0
15758116,53,666,5,4,7780.03,5,4,1,64646.7,1
15575119,71,779,3,5,22467.85,1,2,0,1000,1
15625126,40,629,6,50,49384.26,4,3,1,1000,0
15567114,35,430,1,50,37504.81,4,3,1,118894.22,0
15672242,24,712,2,34,45996.28,3,2,1,1000,0
15681327,30,682,9,36,7625.85,3,4,1,1000,0
15802585,41,634,8,15,44942.67,0,3,0,68213.99,0
15740630,31,487,1,31,6215.82,5,1,1,1000,0
15815420,47,808,8,49,22864.33,5,1,1,139196,0
15711468,32,527,7,33,48754.29,2,4,0,1000,0
15799626,50,637,4,43,30581.29,5,2,0,126345.55,1
15659325,40,802,5,29,1038.52,2,4,1,1000,0
15651352,38,529,2,6,9962.37,1,3,0,1000,1
15684925,43,850,3,2,855.81,0,5,0,1000,0
15657439,18,738,4,24,1232.49,5,3,0,1000,0
15574122,34,817,5,20,2688.51,5,5,1,129278.43,0
15720508,31,735,3,21,36114.93,5,5,0,119558.35,0
15599078,41,619,5,15,45583.59,3,3,1,92467.58,0
15702300,27,671,5,38,40316.93,2,3,1,1000,0
15660735,31,581,6,22,3413.75,1,5,0,1000,0
15671390,36,690,10,35,45638.85,4,3,0,1000,0
15647385,56,579,4,25,40847.95,4,1,0,99340.83,1
15739223,24,688,3,18,27952.74,3,2,1,1000,0
15631305,28,599,4,39,14016.69,1,5,1,126833.79,1
15809263,29,729,5,42,1691.85,4,1,1,109676.52,0
15640866,29,718,3,28,103.22,5,4,1,1000,0
15775663,53,712,6,50,35084.75,0,3,1,134729.99,0
15631800,37,474,3,9,17324.36,1,1,0,98431.37,0
15654292,33,565,8,24,4195.13,4,2,0,130368.31,0
15648320,31,658,7,18,20672.09,2,3,0,123974.96,0
15726747,63,714,4,43,39960.27,5,5,1,138082.16,0
15694510,45,725,1,33,34670.08,1,1,0,129855.32,0
15572291,40,825,6,11,39657.76,4,3,1,132308.22,0
15603465,45,665,5,24,40666.82,0,4,1,155447.65,1
15685628,35,670,2,21,24907.34,1,1,1,124268.64,0
15792729,34,474,9,17,43140.86,4,4,0,176311.36,0
15767414,40,591,2,4,40178.85,1,3,0,99886.42,0
15568044,31,508,7,32,35084,0,4,1,1000,0
15751333,36,695,2,14,7361.46,0,1,0,1000,0
15623062,24,660,5,5,25884.2,3,1,1,85089.3,0
15713621,41,687,10,7,4686.51,5,3,1,134318.21,0
15670668,29,658,5,36,17303.53,0,2,1,75395.53,0
15750638,33,705,5,33,5055.8,1,1,0,116765.7,1
15747878,60,739,4,2,11400.12,2,2,1,1000,0
15726796,38,844,7,26,48301.88,3,5,1,111501.66,0
15754952,48,602,7,3,20540.55,1,5,0,76595.08,0
15652192,33,759,9,46,47887.73,5,1,0,160541.36,0
15681924,38,747,2,46,21839.21,0,3,1,129728.6,0
15763544,47,673,1,22,34850.56,1,4,0,1000,0
15764431,34,671,5,32,39862.5,1,5,1,130929.02,1
15684010,74,640,2,3,21493.75,2,3,1,116800.25,0
15648881,40,581,0,4,48579.15,1,4,1,101016.53,1
15733303,67,630,5,37,45480.38,0,4,0,1000,0
15643294,33,703,8,41,28974.11,2,1,1,190566.65,0
15749905,47,698,6,44,41377.62,2,1,1,1000,1
15625175,43,742,6,23,3112.19,0,5,1,97067.69,1
15643967,37,652,4,33,4833.24,1,2,0,92208.54,1
15578251,37,644,2,37,18064.47,5,2,1,186347.97,0
15772573,55,735,2,29,31553.01,3,5,0,103176.62,0
15733234,58,777,4,25,15984.49,0,5,1,1000,1
15721582,40,644,4,19,40021.72,1,4,0,77270.08,1
15628219,37,665,3,4,44555.25,3,2,0,111911.63,1
15571302,72,529,5,13,26596.84,2,1,0,94216.05,0
15637178,45,803,7,3,17678.45,0,3,0,1000,0
15601184,26,604,3,45,2356.39,1,1,0,1000,0
15629511,49,738,6,33,99.77,5,1,0,106770.82,0
15570629,72,655,5,13,6464.26,3,1,1,138089.97,0
15665766,39,698,9,39,35266.59,5,5,0,133191.19,0
15693732,66,775,9,24,16556.81,1,5,0,1000,0
15765982,41,735,7,50,13124.33,0,5,1,74135.85,1
15582016,41,766,6,14,49420.65,5,3,0,99208.46,0
15798024,84,537,8,9,34868.85,5,4,0,92242.34,0
15588622,25,599,7,22,14899.29,2,4,1,108380.72,0
15724863,55,420,4,19,7177.15,5,5,1,91893.32,1
15618213,32,674,7,43,13398.42,1,5,1,85757.93,0
15780411,46,570,3,29,29526.5,2,1,0,1000,0
15725429,33,623,8,9,48039.09,2,1,0,96759.42,0
15600626,30,710,6,32,26822.92,2,3,0,1000,0
15668460,29,466,6,13,3183.78,0,3,0,1000,0
15576263,22,759,5,32,35313.07,0,1,0,1000,0
15720354,71,581,4,7,40735.33,5,5,1,1000,0
15691624,33,820,2,21,39254.62,1,1,1,132150.26,0
15793196,41,759,9,27,1553.14,4,5,0,1000,0
15633352,31,628,6,37,5504.71,5,5,0,175443.75,1
15750874,31,676,3,1,34264.05,3,1,1,78990.15,0
15588923,33,591,4,42,25328.83,2,3,1,113743.37,0
15715745,26,690,5,13,32429.17,1,1,0,157624.84,0
15611800,62,624,7,26,5151.58,0,4,0,125163.62,0
15576928,23,573,2,6,15571.44,4,4,1,1000,0
15793693,60,694,9,10,25346.56,5,1,1,1000,0
15581252,29,632,7,36,6036.65,1,2,0,80922.75,0
15797760,40,632,3,18,6938.71,0,3,0,193354.86,0
15790564,40,832,9,50,26613.94,2,5,1,107648.94,0
15593736,46,598,7,18,18316.24,1,2,0,131769.04,1
15595937,36,430,1,18,15687.21,3,4,1,138992.48,0
15815628,37,711,8,32,14358.01,1,1,1,113899.92,0
15782802,26,582,6,2,32055.57,3,4,1,114450.32,0
15627412,39,605,3,44,48212.17,1,4,0,1000,0
15734609,37,657,2,18,24043.28,0,1,0,1000,0
15710689,40,578,6,4,9255.28,0,3,0,63609.92,1
15565806,38,532,9,20,36469.02,3,5,1,1000,0
15815530,42,612,10,9,41918.44,3,5,1,75497.51,0
15632272,42,792,2,15,41073.11,2,5,0,1000,0
15684103,26,674,10,38,31293.9,2,5,1,1000,0
15654519,31,680,1,42,8979.85,2,3,0,1000,0
15767722,39,593,0,23,45012.73,1,5,1,117704.73,0
15654346,35,679,1,18,12639.76,1,1,0,130463.55,0
15660147,32,493,8,20,26598.32,2,1,0,46161.18,0
15814998,42,688,5,34,41096.75,2,3,1,1000,0
15802207,43,769,4,17,28326.91,4,4,1,110182.54,0
15658668,49,581,10,3,5164.74,1,3,0,1000,0
15715079,41,465,9,37,33814.14,5,4,1,117221.15,0
15570360,35,641,4,26,14077.15,1,4,1,1000,0
15674678,43,731,9,22,20654.65,4,2,1,79120.27,1
15780925,37,625,1,25,16705.78,5,4,0,177069.24,0
15688193,36,468,3,7,22988.07,3,2,1,61636.97,0
15778219,26,790,5,31,17136.75,2,3,0,1000,0
15696514,37,587,6,44,41468.97,2,1,0,104414.03,0
15712303,66,692,4,41,48906.73,4,5,0,159732.02,0
15719090,34,676,4,19,6753.91,2,3,0,89437.03,0
15735632,41,571,8,6,32066.18,0,4,1,1000,0
15619436,32,700,3,5,28629.19,3,3,0,1000,0
15722404,30,445,3,34,33787.52,4,5,1,1000,0
15662063,36,746,7,2,34750.07,1,3,0,142400.77,0
15745605,47,722,2,40,14963.88,1,5,1,88011.4,1
15636658,36,596,2,1,34022.13,1,5,0,1000,0
15784130,30,850,8,46,33652.27,1,1,1,154870.28,0
15606755,46,597,4,17,14523.38,1,5,0,1000,1
15801699,43,436,5,41,9463.32,0,2,0,1000,0
15784097,28,660,1,31,4317.4,1,3,0,118402.25,0
15764654,37,649,9,31,31886.27,2,2,0,87374.88,0
15612092,32,646,8,23,4175.68,2,4,0,105397.8,1
15610903,31,560,5,13,3568.77,0,2,1,125341.69,0
15705777,49,710,10,27,27853.26,3,3,0,129164.88,0
15661936,40,513,3,22,34130.46,3,4,0,141004.46,0
15700864,21,607,0,32,45188.36,1,1,1,1000,0
15722965,57,757,3,20,23626.35,3,4,1,89079.41,1
15737521,40,619,9,38,29990.64,1,2,0,103604.31,0
15814465,24,612,1,12,36188.29,3,3,1,182705.05,0
15580988,29,842,8,9,33073.01,0,1,0,1000,0
15789974,33,713,6,12,20133.46,1,1,0,94598.48,1
15713370,36,657,8,18,8672.87,4,4,0,188241.05,1
15748673,37,770,9,26,7974.58,5,4,0,1000,0
15754919,40,773,10,31,4063.42,1,3,1,1000,0
15641662,39,470,5,28,43994.65,5,2,0,117469.91,0
15813422,35,781,4,28,31396.66,4,2,1,80790.74,0
15713596,62,428,1,50,40957.1,4,3,1,107735.93,0
15791216,43,600,8,17,40621.53,1,3,0,133379.41,1
15689031,37,697,7,3,21101.48,4,2,1,168066.87,0
15763704,43,692,2,1,44499.89,1,1,0,69014.49,0
15631339,28,791,4,23,19970.96,1,4,1,1000,0
15771509,42,538,1,7,7226.51,2,3,1,98548.62,0
15769586,49,820,1,30,30399.47,1,4,0,1000,0
15656096,26,679,3,11,25670.79,0,2,1,76554.06,0
15585280,36,649,2,10,11334.39,1,4,0,1000,0
15743582,27,632,3,19,27552.71,3,2,1,107375.82,0
15761692,40,594,9,17,20494.92,1,3,0,122417.17,0
15627840,42,682,0,15,24271.22,1,5,0,1000,1
15778861,33,720,6,34,5942.66,1,4,0,97188.62,0
15770554,31,769,4,6,33507.69,2,5,1,61297.05,0
15806956,30,746,1,50,40933.1,2,2,0,112666.67,1
15701908,40,623,7,14,13490.66,2,1,0,1000,0
15736990,28,537,3,25,24595.73,0,1,0,157842.07,0
15743714,46,468,7,24,18886.46,5,3,0,91443.75,0
15807993,30,588,0,24,27775.75,1,2,1,110148.49,1
15644686,34,729,9,6,49037.53,2,4,1,53299.96,0
15677377,37,543,3,32,2128.51,1,5,1,1000,0
15626412,39,499,6,3,13464.9,2,5,0,1000,0
15643679,28,784,2,11,7036.81,3,4,0,70233.74,0
15728456,33,604,3,37,8937.6,0,4,0,1000,1
15630661,25,614,10,37,38741.32,4,2,0,75212.28,0
15734044,31,671,7,29,5326.55,4,4,0,41299.03,0
15705001,35,587,3,42,33158.12,4,4,0,83286.56,0
15809817,43,593,10,32,40741.42,2,2,0,1000,0
15809137,29,453,6,4,46488.93,5,3,0,1000,1
15751593,35,570,6,18,9303.19,3,4,1,85668.59,0
15626491,45,655,7,24,46544.91,3,4,1,57327.04,0
15765461,47,632,3,38,49722.1,2,1,1,1000,0
15568120,37,681,7,26,18118.89,4,5,0,69609.85,0
15787161,46,591,4,32,24465.61,2,5,0,129269.27,0
15812324,27,779,1,23,45209.84,0,4,0,1000,0
15588944,63,456,1,42,30101.61,2,4,1,165350.61,1
15694253,41,686,7,28,3358.19,5,5,0,152105.57,0
15759566,74,617,10,42,47021.06,0,4,0,1000,0
15675675,32,850,5,46,24263.03,3,3,0,106290.64,0
15802060,30,646,10,7,10780.34,1,4,1,100548.67,0
15660505,46,735,2,28,35464.49,5,5,0,106344.95,1
15782630,35,543,5,26,44552.66,0,4,1,137482.19,0
15700710,37,490,3,23,22791.57,4,1,1,116465.53,0
15742834,45,640,1,38,8305.81,0,1,1,1000,0
15806511,45,445,10,41,47819.41,2,4,1,1000,0
15608166,36,761,9,7,41518.82,3,5,1,127637.92,0
15614230,34,426,3,6,760.03,4,3,1,1000,0
15729958,37,777,1,24,19435.59,0,1,0,1000,0
15800814,35,534,2,2,16385.25,4,2,0,81951.74,0
15674727,42,777,5,5,5570.19,3,2,1,147531.82,0
15657779,18,806,3,5,42005.7,2,2,1,1000,0
15801395,33,790,10,9,7883.73,4,5,1,135120.72,0
15757911,32,643,2,21,24904.87,1,4,1,1000,0
15665340,37,584,8,13,35367.19,0,2,1,1000,0
15787151,34,638,7,35,16524.12,1,1,0,1000,0
15757821,18,771,1,49,42282.52,5,2,0,1000,0
15600688,39,600,5,12,40400.59,3,5,0,1000,0
15594878,41,661,5,8,12004.88,0,1,1,28082.95,1
15569248,43,554,10,12,35635.21,5,5,0,1000,1
15812706,49,627,4,17,20360.19,5,3,0,111087.5,0
15645045,38,659,9,10,42753.02,5,4,1,1000,0
15766746,35,835,6,37,43470.61,2,5,1,127120.07,0
15700383,35,763,7,30,5862.96,3,4,1,115651.6,0
15632551,31,625,4,34,49989.12,0,5,0,77743.01,0
15795129,30,799,9,40,23684.22,0,3,0,1000,0
15650545,69,849,7,28,19998.21,4,4,1,71996.09,0
15612769,28,692,5,34,22034.34,1,1,0,61581.97,0
15710853,24,623,5,41,13006.91,1,5,0,1000,0
15623712,42,453,5,28,25114.11,4,3,1,1000,1
15653251,84,408,8,9,23553.65,2,3,0,87873.39,1
15755077,37,778,0,48,21887.23,5,1,1,105617.73,1
15808557,42,695,5,47,36088.32,1,2,1,1000,1
15614687,44,677,4,23,48891.29,4,4,0,148770.61,0
15626882,37,662,5,40,11593.9,1,3,1,94901.09,0
15748034,29,534,7,48,23251.96,4,5,1,174851.9,0
15632324,59,602,7,10,16598.08,1,5,1,1000,0
15761023,43,554,2,43,5668.05,0,2,1,120847.11,1
15761453,42,667,6,39,34198.11,2,3,1,1000,0
15646726,43,672,5,28,23935.56,5,1,0,1000,0
15637169,67,838,4,14,4567.03,1,2,0,103267.8,0
15636024,34,692,4,8,13427.82,2,5,0,109699.08,0
15801218,49,675,8,27,40044.1,2,4,1,135133.39,1
15642655,33,731,1,5,17273.45,4,4,1,1000,0
15690130,32,468,8,3,26761,2,5,1,137649.47,0
15653753,43,542,6,27,16343.41,2,5,0,113567.94,0
15641359,35,662,6,12,31754.91,0,3,1,1000,1
15776827,37,770,5,11,28557.27,5,2,1,141547.26,0
15647725,61,675,5,3,19048.62,3,4,0,62055.17,1
15648455,51,647,4,26,5382.91,0,1,0,131156.76,0
15580629,31,604,6,20,3412.75,2,2,0,134837.58,0
15730161,39,833,3,29,8842.44,1,4,0,1000,0
15626612,40,741,4,2,46814.09,5,1,1,104784.23,1
15662865,36,658,1,34,1452.92,5,4,1,1000,0
15629094,36,528,1,4,47848.62,4,1,0,156948.41,1
15651823,60,590,6,21,5093.45,3,2,0,147751.75,1
15594827,34,675,1,4,1058.37,1,1,0,124619.33,0
15786392,41,765,4,45,19832.66,3,2,0,124182.21,0
15727353,64,650,7,8,7444.13,4,3,0,142028.36,1
15733777,44,817,8,39,38063.92,2,5,1,1000,1
15614302,31,699,10,45,48880.29,3,4,1,125837.86,0
15723263,34,495,9,49,9491.09,1,5,0,117160.32,1
15687270,61,491,8,42,44085.44,5,1,0,1000,0
15803121,51,847,5,6,15912.32,1,3,1,97565.74,1
15598700,30,676,5,19,29393.42,2,2,1,1000,0
15741875,25,746,3,35,47777.21,3,1,0,104833.79,0
15631709,31,470,2,18,21881.73,0,1,1,101675.22,0
15672970,20,714,3,6,44113.28,3,4,0,1000,0
15761670,50,695,8,9,45905.39,5,1,0,1000,1
15706005,46,674,2,9,19925.95,4,3,0,174701.05,1
15790336,36,664,6,32,17029.23,0,1,1,71142.77,0
15754267,31,697,3,44,28124.64,3,2,0,108805.42,0
15791988,68,670,4,7,46521.56,1,3,0,1000,0
15683375,32,541,4,41,46572.08,0,3,0,1000,0
15625151,66,640,9,17,22263.14,3,4,0,116037.76,0
15635285,28,647,8,46,17948.65,5,1,0,1000,0
15574296,23,757,2,45,49514.12,0,4,0,80673.96,0
15711618,39,704,1,21,17987.56,1,2,0,124640.51,1
15670943,31,778,9,33,20839.56,3,5,1,182275.23,0
15634359,41,639,5,25,47389.7,5,2,1,98635.77,0
15586629,33,637,5,13,12131.43,0,1,0,1000,0
15588461,35,686,4,12,37760,1,5,0,1000,0
15773221,43,577,8,19,29000.2,0,2,1,79757.21,1
15664227,28,506,8,17,30706.69,3,1,0,53053.76,0
15741745,28,757,7,45,29067.54,0,4,0,120911.75,0
15652626,55,826,4,26,20515.56,5,1,1,115285.85,0
15599410,41,721,2,16,25863.37,2,1,1,1000,0
15571958,40,489,3,33,22530.99,4,3,0,221532.8,0
15785406,51,446,4,19,34577.71,4,5,1,105056.13,0
15687884,37,677,3,7,17171.61,5,5,1,88363.03,0
15621685,29,769,2,16,19774.23,0,5,0,123757.52,0
15628886,56,677,5,6,6110.71,1,4,0,123959.97,1
15699325,62,555,10,17,20878.81,1,5,1,114822.64,0
15578369,37,652,9,12,1577.63,5,5,1,145219.3,0
15654156,32,722,5,27,46777.29,2,2,0,106807.64,0
15707199,36,643,0,43,24079.1,2,3,0,148159.71,0
15671630,40,796,1,7,11628.09,1,3,1,99745.95,0
15632079,37,720,8,9,42846.61,4,1,1,156282.79,0
15767921,41,613,7,42,2905.34,4,3,1,1000,0
15573599,57,506,6,14,5349.8,4,5,0,1000,1
15747208,50,608,6,39,19122.07,5,4,0,1000,1
15582762,77,667,2,38,20303.67,5,2,0,1000,0
15772528,47,750,7,20,46190.24,4,1,1,121376.15,1
15755798,33,610,4,40,36883.26,1,5,0,111582.11,0
15788683,34,588,10,41,26509.93,3,3,0,129417.82,0
15616922,26,479,1,6,24827.4,0,4,1,1000,0
15771855,37,682,5,30,19190.63,2,3,1,1000,0
15601873,36,677,7,20,44714.91,4,4,1,1000,0
15657868,40,850,6,9,5299.74,3,2,0,94607.08,0
15711716,56,580,1,26,47460.72,3,1,1,131368.3,1
15734246,21,746,8,37,28841.39,4,2,0,166883.07,0
15792151,37,635,3,2,35163.26,3,1,0,1000,0
15770159,25,664,6,4,35463.88,5,1,1,172812.72,0
15747649,36,558,0,1,21541.05,4,5,0,126606.63,0
15639357,46,415,9,49,11270.09,1,4,1,134950.19,1
15738907,60,798,6,29,19924.84,3,2,1,96956.1,1
15663446,29,792,4,26,20319.92,3,3,0,107601.79,1
15750867,46,489,8,2,27683.5,1,5,0,92060.06,1
15715939,33,730,0,22,26420.76,2,5,1,1000,0
15763806,41,773,4,1,6336.67,3,4,0,1000,0
15637993,36,711,9,21,37102.13,1,3,0,137688.71,0
15720338,55,592,8,15,11734.62,0,3,0,85845.43,0
15627162,27,695,6,47,41224.3,3,5,0,125552.96,0
15596710,33,640,1,33,15283.46,1,5,1,167298.42,0
15781678,31,470,4,15,8085.72,1,2,1,55732.92,0
15634968,37,789,6,41,39080.59,5,1,0,110689.07,1
15609475,39,604,7,12,3147.76,0,2,1,98544.11,0
15573319,35,493,8,18,17265.68,5,2,0,178317.6,0
15738291,48,671,8,28,36686.72,5,5,0,115713.84,0
15782456,46,656,9,28,14915.51,1,2,1,143267.14,0
15794841,19,739,5,47,34188.22,5,4,1,89750.21,0
15684696,26,560,3,31,46460.14,4,4,0,116576.45,0
15629846,47,827,8,29,42159.2,4,3,0,143001.5,0
15674442,23,681,7,40,42617.93,5,1,1,157761.56,0
15571689,37,740,5,29,37556.52,1,1,1,1000,0
15730469,31,663,4,29,44779.33,1,5,1,103430.11,0
15809320,52,845,0,31,47383.06,1,3,0,1000,1
15684367,27,555,5,27,7257.06,1,5,0,1000,0
15793049,48,680,8,49,10357.87,3,3,1,115115.38,1
15603665,39,638,0,2,31468.46,2,4,1,122501.28,0
15613623,62,640,3,25,46633.3,4,1,0,1000,0
15569572,42,778,6,17,8710.54,0,2,0,1000,0
15698791,45,679,3,24,10736.67,0,5,0,146758.24,0
15626233,32,593,3,17,33316.68,0,2,0,1000,0
15607263,55,788,3,2,1937.08,5,2,1,1000,1
15610900,70,770,9,8,35750.19,2,4,1,110738.89,1
15624775,67,729,2,16,46099.06,5,3,0,94203.8,0
15691703,47,545,8,49,6986.22,3,2,0,105792.49,1
15745355,41,597,4,1,6115.2,4,5,0,153198.23,0
15724955,38,537,3,19,45599.39,2,5,1,1000,0
15628999,79,732,10,48,48747.21,3,2,0,61811.23,0
15654341,34,542,8,40,38387.71,5,3,1,101116.06,0
15744240,46,688,0,9,16755.93,2,4,1,74458.25,0
15632365,33,542,8,49,38163.31,5,2,0,142871.27,0
15729689,35,754,6,11,30374.96,1,5,1,98585.94,0
15759284,37,750,6,11,45162.14,0,4,1,1000,1
15602124,30,731,7,23,7687.55,4,1,1,1000,0
15661903,43,699,3,12,13488.76,1,1,0,80764.03,1
15664668,42,534,9,39,44340.07,2,5,0,144801.97,1
15736431,27,494,2,13,41287.41,0,5,1,1000,0
15748639,35,497,7,13,44909.72,2,1,0,110053.62,0
15628123,28,632,5,29,27262.38,2,5,1,118890.81,0
15602731,31,724,5,23,27517.44,0,4,0,1000,1
15794137,37,751,0,38,480.21,5,2,0,151218.98,0
15748696,42,733,9,34,42215.77,3,2,1,150507.21,0
15725068,21,701,9,34,21730.19,1,1,0,1000,0
15807340,33,525,4,29,25731.54,2,1,0,131023.76,0
15586133,44,666,2,39,40345.48,5,3,1,122314.5,1
15576185,29,653,2,23,32367.25,5,4,1,1000,0
15660809,28,850,4,29,10039.75,4,4,0,1000,0
15616666,52,646,6,5,45400.75,0,4,1,111739.4,0
15706904,43,750,6,40,15017.42,5,3,1,113882.31,0
15606915,24,764,7,18,7623.09,2,2,1,98148.61,0
15749693,32,658,9,18,34623.32,0,4,0,1000,0
15791743,32,727,1,30,28943.75,5,5,1,59271.82,0
15796480,31,687,2,40,48075.67,2,1,1,1000,0
15790442,33,631,2,26,3664.4,2,2,1,1000,0
15609458,30,797,10,27,12327.04,3,3,0,69413.44,0
15593897,25,650,7,23,16611.71,3,3,1,160599.06,0
15604576,22,850,3,13,42073.97,1,4,0,1000,0
15666270,40,676,2,26,12593.99,1,5,1,147803.48,1
15572626,44,620,8,1,17105.69,3,5,1,1000,0
15727197,52,576,9,23,18653.52,5,4,1,170228.59,1
15714006,35,482,2,28,39076.87,1,2,1,133111.73,0
15642137,39,695,5,47,17711.05,0,4,0,1000,0
15665327,18,706,2,47,21351.93,2,5,0,176139.5,0
15626806,32,668,2,32,417.4,5,4,1,1000,0
15662578,35,679,1,23,19668.29,1,2,1,110245.13,0
15790829,45,703,5,21,29681.21,0,5,1,1000,0
15654959,67,670,6,17,26374.94,3,3,0,158719.57,0
15760244,76,590,5,48,14502.93,2,3,1,160979.68,0
15715394,35,613,4,32,1294.83,0,3,1,123557.65,0
15722246,60,742,4,32,42267.42,1,2,1,1000,1
15609704,33,608,4,32,33253.79,0,2,1,1000,1
15757628,40,571,10,27,28257.01,4,2,0,112896.86,0
15633586,39,595,7,48,46080.22,3,2,1,120962.13,0
15565796,48,745,10,39,39305.94,2,5,1,96048.55,0
15717935,21,589,3,44,14850.76,3,3,0,1000,0
15577700,37,749,10,8,48733.1,4,3,1,185063.7,0
15747345,22,678,6,37,49597.34,2,2,1,118064.93,0
15678317,46,603,2,1,3079.76,2,2,0,1000,0
15698335,73,504,8,15,29595.56,4,2,0,1000,0
15768451,40,739,5,24,43944.82,1,3,1,149131.03,1
15753213,34,604,7,39,8509.06,2,3,1,1000,0
15769645,35,612,3,34,7513.41,4,5,1,1000,0
15657565,44,629,6,15,46764.09,3,1,0,125512.98,0
15620323,42,652,3,30,30815.04,3,5,0,83492.07,0
15679983,34,565,7,48,48341.39,0,2,1,1000,0
15812616,49,707,10,31,46831.12,5,2,1,1000,1
15601796,30,645,1,2,14060.35,4,2,1,125739.26,0
15729489,34,762,8,47,26342,1,2,0,98592.88,1
15613216,39,639,1,36,8304.89,0,5,0,141789.15,0
15657937,22,709,0,34,1398.94,3,1,1,112949.71,0
15815428,34,823,3,23,13150.89,4,2,0,105057.33,0
15640409,46,817,0,41,35195.26,5,2,0,89087.89,1
15699492,27,665,2,13,36026.7,4,4,1,147435.96,0
15623536,39,646,0,13,35036.76,5,4,0,154439.86,0
15707551,30,568,8,16,12138.99,3,5,1,73054.37,0
15577999,62,850,1,24,44245.82,1,1,1,124678.35,1
15788775,40,473,8,30,14874.6,1,1,0,152576.25,0
15758362,41,731,9,33,24194.89,4,3,1,152243.57,0
15807961,25,619,4,44,23329.57,2,2,0,1000,0
15710978,42,715,2,48,36054.78,2,3,0,88120.97,0
15703541,51,772,9,43,7686.89,0,4,0,143930.92,1
15626474,31,686,1,10,37843.76,3,1,0,1000,0
15608344,29,749,7,2,7317.27,2,2,1,137059.05,1
15768367,27,781,7,6,35750.88,5,4,0,186558.55,1
15806210,66,675,5,42,16459.49,3,4,0,115654.47,0
15697702,29,730,2,40,37054.9,5,3,0,1000,0
15689152,38,683,3,34,7913.38,3,1,0,126152.84,0
15568573,51,554,7,17,12126.79,2,4,0,105701.91,1
15689598,46,722,6,26,15601.82,0,2,1,1000,1
15713374,67,689,9,50,6255.25,4,5,1,157094.78,0
15679733,40,796,2,47,13023.27,1,5,0,113228.38,0
15759274,32,447,10,22,11559.86,3,3,1,1000,0
15607748,37,498,8,7,9295.74,0,3,1,108432.88,0
15607577,27,663,8,48,16832.24,4,5,1,1000,0
15813697,44,498,2,8,3494.81,2,4,1,120702.67,0
15801125,32,627,1,24,4596.73,0,1,0,1000,0
15777855,45,649,7,21,163.45,1,1,0,1000,0
15635396,29,738,9,37,28592.79,5,3,1,139106.19,1
15698031,39,587,6,11,11398.45,5,3,1,101851.8,0
15678944,32,655,6,38,13764.66,3,1,1,130935.56,1
15718507,37,647,3,35,24081.27,4,3,1,116509.99,1
15808334,37,776,1,6,47090.14,4,3,1,93124.04,0
15804709,35,688,5,17,43979.72,1,3,1,111578.18,1
15645835,32,605,9,19,35423.49,0,2,0,1000,0
15738166,39,596,10,30,3920.89,2,2,0,86546.29,0
15675360,33,427,8,7,11588.37,0,2,0,1000,0
15793042,39,629,2,37,35572.07,1,1,0,129669.32,0
15630106,29,496,2,41,12363.95,4,4,0,1000,0
15810385,36,717,2,23,32737.97,0,5,1,164557.95,0
15578211,23,777,6,33,1121.65,5,3,0,1000,0
15572792,35,535,8,44,45609.8,5,1,0,118989.92,0
15620030,29,744,1,14,12695.59,2,2,1,1000,0
15783541,31,755,5,42,49587.18,1,2,1,1000,0
15679284,45,593,6,35,30131.02,4,5,1,79259.75,0
15582910,38,514,4,45,49222.53,0,1,1,112230.38,1
15688337,40,721,9,48,19624.61,1,5,0,118129.87,0
15734970,38,835,7,41,18097.97,4,1,0,86824.09,0
15759140,64,682,10,10,2011.56,1,3,0,128306.7,0
15643042,40,590,2,17,12384.02,3,4,1,117641.43,0
15773868,37,653,3,45,41094.29,4,3,1,125734.2,1
15615820,49,837,8,34,20837.29,3,3,0,103302.37,0
15730273,27,841,8,47,36602.91,0,4,0,1000,0
15724890,36,584,4,6,7109.67,0,2,1,82696.09,0
15765952,29,769,4,13,26039.41,5,1,1,145471.37,0
15685920,34,599,2,42,32310.09,2,3,0,101506.66,0
15663263,47,698,5,2,13831.3,5,2,1,156265.31,0
15568953,27,477,1,20,6862.6,1,2,0,128554.98,0
15643361,34,477,8,15,13919.55,5,2,1,139959.55,0
15699486,34,745,7,2,20984.37,4,4,1,132944.53,0
15747854,35,749,3,11,8357.79,4,1,1,1000,0
15691785,61,850,1,48,24944.37,3,5,1,1000,1
15709004,22,528,5,24,16508.14,1,3,0,93547.23,0
15652218,33,750,2,19,23130.35,1,1,0,152302.72,0
15697127,31,543,2,39,8571.17,1,4,0,147674.26,0
15658486,59,579,3,33,38773.35,1,5,0,148021.12,0
15694160,37,624,0,25,735.15,0,4,0,1000,0
15685290,46,595,5,35,16454.93,1,2,0,142360.62,1
15701042,27,596,2,50,14412.99,5,4,1,151027.56,0
15680449,44,431,2,5,26990.72,4,4,1,138843.7,1
15599860,26,647,8,18,17745.42,3,1,1,109958.15,1
15723169,31,640,9,31,48887.37,5,3,1,138857.59,0
15803842,45,752,3,1,46145.53,2,3,1,105426.5,0
15728224,41,710,9,7,3468.15,3,1,0,149155.53,1
15644174,27,638,4,26,42499.55,5,5,0,135096.05,1
15707110,28,660,2,46,31380.11,0,1,1,170890.05,0
15765415,45,609,4,44,30021.83,1,1,0,89122.3,0
15756751,54,596,0,21,811.33,5,3,0,78126.28,1
15795151,38,705,3,35,44162.02,0,4,1,123894.43,0
15632859,36,444,7,21,2824.43,1,2,1,1000,0
15584037,58,727,5,39,35682.68,5,4,1,106913.43,1
15621409,32,496,4,13,29001.04,1,1,0,127845.83,0
15581102,22,554,8,18,11849.87,3,2,1,1000,0
15578096,26,537,7,11,46894.29,0,3,0,106397.75,0
15669887,51,839,3,11,1568.33,0,5,1,1000,1
15621834,43,700,0,16,8787.3,1,1,1,1000,0
15655341,35,458,5,23,26370.89,2,3,0,166492.48,0
15685314,28,850,2,36,21453.9,3,4,0,1000,0
15653997,31,699,6,23,52.64,1,2,1,114493.68,0
15629551,44,615,9,26,40264.27,0,3,1,126104.98,0
15651264,51,850,4,50,20816.03,5,1,1,124425.99,1
15760825,40,604,1,43,18877.44,4,4,0,1000,0
15597394,34,668,0,38,1021.05,4,2,0,1000,0
15740383,38,594,10,26,6692.87,1,4,0,1000,0
15670562,30,470,3,18,28044.39,4,1,1,101140.76,0
15698117,41,701,0,32,4403.53,4,4,0,150844.94,0
15694805,35,664,1,33,7443.14,3,1,0,115024.5,0
15746802,30,477,6,50,45517.66,4,5,1,131286.46,0
15589428,42,756,9,13,44356.06,5,5,1,1000,0
15790267,40,625,7,9,26497.38,3,2,1,141267.67,0
15665402,73,703,5,6,35797.97,4,2,1,137761.55,0
15642093,30,646,7,25,47205.45,4,4,0,1000,0
15666181,33,650,0,20,29324.37,1,1,1,98064.97,0
15602554,31,664,9,21,41378.29,2,2,0,114519.57,0
15724251,29,682,6,16,3825.71,4,1,0,101012.77,1
15740147,44,725,10,36,43300.14,1,3,0,1000,0
15718289,46,553,3,29,43194.03,1,5,0,82291.1,1
15763148,39,576,9,45,149.37,4,2,0,84719.98,0
15685245,56,608,5,40,22086.37,2,5,1,1000,0
15626985,39,850,0,49,47214.53,1,2,1,104386.53,0
15585823,31,627,8,5,5369.81,3,5,1,128131.73,0
15728167,44,667,2,29,39330.52,0,5,0,122806.95,0
15762928,44,548,8,27,45076.35,4,5,1,1000,0
15751774,76,774,4,39,37770.62,5,2,0,112510.89,0
15654733,57,794,3,14,17771.61,4,2,0,117056.46,1
15809777,55,497,7,46,24195.43,1,2,0,131778.66,0
15744200,36,587,1,14,20165.29,0,4,1,70784.27,0
15720713,29,850,10,31,3327.27,2,1,0,1000,0
15695356,46,722,5,10,21590.48,0,4,0,1000,0
15653315,35,555,1,40,29956.87,5,4,0,1000,0
15604792,38,609,6,22,29113.95,4,2,0,140752.06,0
15704819,39,734,6,8,25602.86,2,2,1,92126.26,0
15670859,39,718,7,45,11780.93,0,3,1,93148.74,0
15602797,49,645,5,13,49958.67,4,5,0,110132.55,1
15662533,23,598,6,7,49870.79,3,1,0,1000,0
15778154,50,628,4,10,38213.48,4,3,0,122227.71,1
15806230,40,629,2,25,1615.12,2,2,0,121647.54,1
15662884,58,739,1,23,12903.5,2,4,0,110597.76,1
15750778,60,653,2,17,12722.51,5,2,1,120731.39,1
15717185,28,711,8,19,13853.79,3,5,1,1000,0
15677804,38,783,1,44,29225.45,5,1,1,1000,1
15568915,38,681,6,28,16872.73,2,5,1,153722.47,0
15736495,34,712,8,48,47049.54,3,2,0,114088.32,0
15737354,48,554,7,42,9920.01,3,2,0,1000,0
15667889,37,611,6,26,22043.25,0,1,0,1000,0
15577831,41,560,4,25,17493.23,2,3,1,152532.3,0
15729836,32,646,1,14,20022.45,3,4,0,1000,0
15775293,34,680,3,23,27049.61,3,2,0,143292.95,0
15697597,26,631,1,24,1072.69,3,2,0,149144.61,0
15639669,36,746,9,11,38901.31,5,5,0,127157.04,0
15631392,43,654,9,39,17084.41,1,1,0,84673.17,0
15580935,33,687,9,49,15139.3,4,4,0,135962.4,0
15590344,32,708,3,12,14079.19,0,3,1,151691.44,0
15653306,32,679,0,1,10383.7,1,5,0,88335.05,0
15805025,45,636,7,36,41531.11,0,2,1,139859.23,0
15658449,45,695,9,19,23709.14,4,4,1,43134.65,0
15694450,42,677,5,23,24007.6,2,5,1,99580.13,0
15605666,34,720,6,33,20074.48,3,4,1,110717.38,0
15615126,37,780,3,25,6697.33,2,3,1,1000,1
15726588,36,653,3,19,5319.73,5,3,1,1000,0
15645095,28,674,3,9,6577.95,5,5,0,1000,0
15808960,40,620,5,28,14656.3,2,5,0,108197.11,0
15729435,40,623,6,32,18021.17,3,2,0,1000,0
15656840,29,547,6,6,40858.9,0,2,0,104450.86,0
15659149,39,530,2,1,34012.04,1,5,1,1000,0
15585490,34,746,4,10,9385.33,4,1,0,1000,0
15674929,31,512,7,43,705.64,1,4,0,1000,0
15746341,40,630,8,35,44801.64,4,3,1,1000,0
15662091,21,570,7,42,12096.49,2,5,0,116099.82,0
15620123,39,605,6,26,24930.57,2,1,0,111169.91,0
15616240,37,530,4,8,39262.63,5,1,1,1000,0
15624186,25,813,5,2,47428.1,2,3,0,123616.43,0
15605036,37,704,9,21,17323.99,1,1,0,155619.58,0
15805151,31,565,2,26,30766.15,5,1,1,89558.39,0
15753847,45,645,4,36,14571.76,1,5,0,1000,1
15653222,32,526,6,12,49964.04,5,1,0,131938.92,0
15757541,33,778,9,40,37122.8,3,1,0,151772.63,1
15726945,72,677,8,27,35929.48,2,3,1,1000,0
15794276,64,588,3,29,34468.13,3,1,1,1000,0
15568328,22,488,6,8,20437.74,4,2,1,1000,0
15604355,39,519,1,41,41582.66,1,5,1,97700.02,0
15735788,31,709,6,5,37321.53,5,3,0,1000,0
15618255,56,642,6,5,28656.52,4,2,1,103244.86,1
15720941,34,710,8,11,14559.59,0,1,1,147833.3,0
15769110,46,653,5,49,13287.32,2,5,1,1000,0
15576094,71,743,0,19,24888.18,2,1,0,1000,0
15756150,39,418,2,17,18934.15,5,4,1,1000,0
15719579,33,670,9,42,16773.96,2,5,0,84521.48,0
15748854,28,723,5,39,34902.82,0,4,1,91938.31,0
15612455,45,549,6,42,7652.09,2,4,1,124240.93,0
15664802,42,543,5,10,12891.44,0,5,0,1000,0
15735687,37,595,2,2,26774.87,1,5,0,157084.99,0
15664734,25,673,3,15,391.4,4,3,1,108244.82,0
15767894,21,741,9,25,1804.2,5,3,0,1000,0
15666884,41,508,5,39,9857.23,2,1,1,82161.7,0
15750156,59,662,2,1,32346.14,2,5,0,104568.41,1
15751120,36,752,2,37,11503.04,3,5,0,119912.46,0
15575748,36,809,9,8,6145.39,3,5,0,68881.59,0
15714610,30,575,2,7,42862.49,3,4,1,1000,0
15720305,40,591,1,20,29967.58,2,5,1,86376.29,1
15678129,45,643,9,39,15422.76,2,2,1,150840.03,0
15566633,55,698,8,5,28582.51,2,1,1,155059.1,0
15680436,29,496,4,14,38025.06,0,5,0,1000,0
15674343,44,597,8,25,18953.45,5,1,1,78128.13,0
15658890,46,603,4,4,14138.07,2,5,0,98899.76,0
15599004,37,655,1,4,22591.85,3,5,0,1000,0
15726487,63,431,6,3,6871.23,2,2,0,160982.89,0
15698716,70,620,3,14,16180.71,0,4,1,87926.24,1
15710527,35,782,4,36,18281.38,4,3,1,1000,0
15655590,46,581,2,13,12505.91,0,5,1,79385.21,0
15732266,53,553,5,40,48880.57,2,3,1,127997.83,1
15669326,44,658,2,11,34344.09,5,4,1,168396.34,0
15672246,43,686,2,1,18267.09,3,2,1,134896.03,0
15620276,36,539,6,49,6653.78,0,4,1,1000,0
15640258,50,685,6,6,49273.17,4,1,0,94238.75,1
15740283,29,850,1,45,17328.13,0,2,0,1000,0
15759717,39,763,7,33,22062.08,1,5,1,1000,0
15620268,43,634,3,24,42526.32,2,1,0,212696.32,0
15743871,59,567,3,22,29843.61,5,5,0,1000,1
15614491,39,539,3,14,42730.28,3,1,0,139153.68,0
15595047,41,764,7,9,10580.44,2,1,1,1000,0
15732334,40,653,0,39,5153.16,2,3,0,1000,0
15701206,44,566,5,2,35309.53,3,3,1,1000,0
15581280,29,714,6,38,25479.45,1,4,0,92887.13,0
15651943,65,580,1,44,43369.35,0,1,0,1000,0
15609545,29,548,5,6,41792.21,3,5,1,83442.98,0
15658548,36,646,6,48,20806.62,1,4,1,144773.29,0
15626008,52,622,9,17,11755.65,2,2,0,111973.97,1
15774133,35,706,8,5,46300.51,3,2,1,178032.53,0
15763798,23,680,5,44,23242.44,2,2,0,140007.19,0
15758013,37,698,5,25,40729.72,4,4,1,98400.61,0
15705765,46,581,1,29,32876.08,1,5,1,1000,0
15648362,45,728,3,50,22291.71,2,1,1,108924.33,1
15761102,32,707,4,43,40601.47,4,1,1,132835.56,0
15610165,26,761,1,20,4429.65,0,3,1,1000,0
15723717,41,483,1,26,15739.18,0,3,1,118334.44,1
15654611,25,736,9,44,39459.95,4,1,1,81732.88,0
15659736,66,716,5,26,21688.19,4,4,1,121411.9,1
15603170,32,654,9,13,736.93,1,4,1,121455.65,1
15786167,20,649,5,27,25981.14,0,4,1,1000,0
15671915,46,649,5,17,24985.97,2,4,1,1000,0
15794792,31,612,8,8,16816.9,2,3,1,117989.76,0
15652789,40,657,10,47,7397.83,2,5,1,1000,0
15739168,31,511,5,18,5342.64,1,2,1,137411.29,0
15719950,61,682,10,2,47998.14,3,2,1,73688.2,0
15743818,58,748,9,42,27665.29,5,1,0,122330.7,0
15717937,43,554,5,30,14139.3,5,4,0,99906.89,0
15602841,28,794,5,50,45606.14,2,3,1,1000,0
15619972,47,807,9,25,413.12,4,1,0,167664.83,1
15796114,34,594,7,24,15503.66,3,2,1,141525.55,0
15633546,33,652,3,24,1710.29,4,4,1,124832.51,0
15758755,34,729,9,33,9392.69,1,4,0,132121.71,0
15695168,39,625,2,17,16178.76,0,4,0,1000,0
15754342,60,597,0,30,34835.81,0,3,1,78539.84,0
15756610,38,657,5,12,41366.13,1,4,1,123770.46,1
15640917,43,633,5,30,39347,2,3,0,1000,0
15663164,49,663,7,29,791.12,4,4,1,116150.65,1
15616811,47,535,0,42,43606.95,2,2,0,160729.1,0
15610781,29,702,10,12,23882.24,3,5,0,88378.6,0
15600911,33,712,2,30,19246.96,0,5,0,182888.08,0
15629603,31,607,8,16,28195.99,4,2,0,1000,0
15714981,37,476,4,2,14981.36,4,1,1,1000,1
15775892,23,748,8,26,8834.53,2,1,1,85600.08,0
15782778,35,815,4,42,33370.09,1,3,0,1000,0
15786643,32,602,10,50,48637.09,3,5,1,1000,0
15595657,40,649,4,19,22827.8,1,1,1,95001.33,0
15743673,27,551,2,36,12912.98,1,1,1,113873.22,1
15634310,30,509,6,28,4578.52,1,1,1,1000,0
15790809,40,685,7,36,27674.24,4,2,1,74896.92,0
15668695,22,536,5,33,19550.55,2,5,0,89492.62,0
15669281,38,711,3,36,46070.91,5,3,1,128718.78,0
15621031,27,761,8,24,35408.4,5,1,0,1000,0
15720071,49,535,3,28,29811.55,5,3,1,1000,1
15792180,22,566,7,45,14058.08,5,1,0,144954.75,0
15813894,21,620,9,16,44778.88,0,3,1,1000,0
15669490,37,837,6,35,10684.28,4,3,1,94001.61,0
15783030,40,685,7,16,8176.92,3,1,1,1000,1
15695792,65,673,0,2,19194.81,2,4,0,1000,0
15575676,24,638,1,33,42022.97,4,2,0,1000,0
15627665,46,614,4,34,38832.17,3,3,0,1000,1
15814092,44,626,2,31,6884.37,0,4,0,1000,1
15695225,38,834,8,20,12103.13,3,5,0,1000,0
15615091,24,691,6,41,22022.91,0,2,0,1000,0
15794345,38,706,8,50,36569.27,2,2,1,1000,0
15726484,37,633,7,10,2031.65,2,3,0,141546.35,0
15650442,32,644,8,36,13182.56,3,4,0,141528.88,1
15714256,30,666,7,40,27279.57,4,5,1,109805.3,0
15778752,32,708,10,15,22198.89,0,5,0,86614.06,0
15601659,59,496,7,50,32427.78,0,1,0,91680.1,1
15602811,38,730,0,35,177.38,5,4,1,38848.19,0
15779414,40,696,3,16,6947.38,0,1,0,153639.11,0
15763097,80,809,8,14,33095.11,2,2,1,1000,0
15633666,33,701,7,3,3383.92,3,3,0,123870.07,0
15718789,30,604,5,21,9829.56,3,4,1,1000,0
15690620,39,665,10,19,39250.16,0,3,1,46323.57,0
15737071,60,639,5,30,28809.11,0,5,1,162039.78,1
15665062,19,696,1,6,27604.75,0,1,1,110928.51,0
15600692,38,520,5,31,19949.31,3,3,1,1000,0
15792064,53,545,5,35,3568.06,5,2,1,114421.55,1
15811486,29,634,8,1,1846.45,3,3,0,130036.21,0
15626141,26,750,1,37,43777,4,3,0,151510.17,0
15738546,41,530,4,40,15812.64,2,5,0,1000,0
15677052,59,589,2,48,48297.41,2,5,1,1000,1
15656454,37,654,6,30,12730.17,2,5,1,83568.55,0
15645496,43,648,7,19,33876.41,1,4,0,139972.18,0
15612505,45,835,3,36,49969.38,1,1,1,100212.13,0
15708513,39,446,1,15,28553.42,4,1,1,90217.07,0
15685654,66,514,9,4,29356.16,4,5,1,1000,0
15732307,33,694,4,14,14756.45,4,2,0,124067.32,0
15726814,46,554,4,38,12475.61,4,1,0,1000,0
15653776,57,720,1,28,33392.52,4,1,1,162082.31,1
15597914,51,641,2,42,28910.78,3,5,0,117306.69,1
15631603,32,813,1,25,30611.3,5,5,1,122889.88,0
15789753,40,480,6,16,44721.25,5,1,1,148790.61,0
15678034,46,811,9,16,46697.31,2,1,0,180226.24,1
15690209,32,715,3,34,14340.64,1,3,1,104857.19,0
15592091,31,620,2,13,26641.64,1,5,1,166833.86,0
15647453,42,721,4,39,37529.16,4,4,0,102936.72,0
15697100,48,772,6,1,44464.76,4,2,0,108736.52,1
15811290,44,680,0,19,5944.03,4,5,0,129974.79,0
15629187,38,535,8,38,4036.25,2,5,1,85982.07,0
15758073,20,655,7,2,36390.43,0,2,1,134397.61,0
15640769,63,660,8,39,18418.07,1,3,0,137841.53,0
15606641,56,762,10,23,13454.02,1,2,0,100260.88,1
15718280,39,662,5,18,47960.76,0,4,1,139822.11,0
15764335,41,463,8,10,9474.46,5,2,0,123151.51,0
15634218,27,501,4,29,24661.38,2,1,1,95331.83,0
15808760,42,603,6,24,48550.38,2,3,0,1000,0
15648461,37,688,7,46,6389.47,5,5,0,138162.41,0
15593555,38,430,9,12,38250.47,0,4,0,1000,0
15569079,48,632,6,31,44989.81,1,5,1,126066.26,1
15800736,42,601,4,50,4871.15,1,1,0,96763.89,0
15792607,38,769,2,33,14958.98,2,2,0,1000,0
15640034,42,551,2,37,13937.03,0,2,1,139561.46,1
15807563,52,841,5,27,9133.95,4,4,1,1000,1
15684461,31,469,6,29,34037.83,0,3,1,1000,1
15580134,27,479,2,9,41658.25,0,4,0,172463.45,0
15679075,37,701,8,37,4176.32,3,4,0,107798.85,0
15742504,36,593,2,33,41354.54,2,4,0,70181.48,0
15567328,38,738,5,44,44776.49,2,1,0,177997.07,0
15698294,31,635,1,45,25164.19,0,2,1,1000,0
15607142,32,658,8,15,27975.88,5,4,1,1000,0
15738516,36,687,5,27,48500.71,3,4,0,1000,0
15806403,37,650,9,6,10702.97,0,3,0,1000,0
15656707,21,720,2,7,47457.8,3,3,1,123200.78,0
15653715,63,602,7,21,6096.54,5,4,1,1000,0
15806184,33,618,4,14,41526.59,5,3,0,1000,0
15585734,41,803,9,30,44444.9,3,2,0,137742.9,0
15725639,63,793,9,2,23716.6,2,5,1,116270.72,0
15618401,41,616,10,48,4337.48,5,1,0,113220.2,0
15785385,51,550,5,11,3130.79,5,2,0,1000,0
15734762,56,602,3,14,7569.55,4,4,1,115895.22,1
15767129,60,452,6,40,22081.28,1,4,1,121730.49,0
15797204,28,655,3,35,20755.42,3,3,0,113811.85,0
15769272,26,510,6,45,3609.64,4,2,0,136214.08,0
15771966,39,557,8,11,28949.81,4,5,0,146200.01,0
15691952,37,676,10,4,13662.59,1,2,0,106242.67,0
15593250,29,640,4,31,43407.3,0,1,1,1000,0
15605333,31,529,6,38,3039.57,0,5,0,1000,0
15800083,45,559,8,12,33354.36,4,4,1,24043.45,1
15575691,58,689,5,21,4416.92,4,3,1,1000,0
15689886,39,626,10,46,1653.4,1,5,0,132287.92,1
15809838,30,697,1,3,34463.03,2,1,0,1000,0
15736154,44,823,1,40,22263.63,1,3,0,1000,0
15767391,32,565,4,29,35667.65,2,2,1,90322.99,0
15704910,23,631,3,19,49615.49,2,4,0,1000,0
15656613,34,646,3,43,15546.28,4,5,0,131283.11,0
15611551,48,676,1,1,11754.4,0,2,1,131659.59,0
15732430,54,850,4,33,20960.92,3,2,0,120952.74,0
15741865,38,810,9,23,22014.41,4,5,1,153166.17,0
15634143,30,581,0,46,28176.88,3,3,0,53291.86,0
15609676,35,718,2,31,44851.19,4,4,0,167924.95,0
15761600,43,713,5,23,11824.68,0,2,0,86394.14,0
15676404,50,672,1,37,795.32,4,2,1,1000,1
15659236,33,781,3,10,10318.6,4,2,1,1000,0
15690440,47,656,1,32,3851.61,2,2,0,1000,0
15694601,31,583,4,11,42069.94,5,4,0,158978.79,0
15812262,37,808,2,41,548.59,5,5,0,100431.84,1
15762821,33,721,5,5,48606.58,0,4,0,1000,0
15669301,29,778,6,43,14705.09,3,5,1,150358.97,1
15672640,45,850,4,30,32696.97,3,1,0,114347.85,0
15750458,39,693,4,33,22396.35,5,3,0,1000,0
15627251,34,520,4,49,26401.73,1,4,0,134007.9,0
15764294,31,759,4,3,23810.35,0,1,0,98899.91,0
15659962,60,637,3,16,35926.67,3,4,0,1000,0
15788536,40,755,2,45,43559.71,5,1,0,137430.82,0
15596979,47,662,6,42,43533.03,5,4,0,1000,0
15681220,37,503,8,44,2667.25,4,3,0,1000,0
15635097,39,599,2,41,10604.43,1,5,0,188976.89,0
15780779,40,583,4,47,14946.13,1,4,0,1000,0
15798470,48,764,1,24,29459.42,0,3,0,75990.97,1
15760880,29,513,10,38,7049.85,4,5,0,1000,0
15616929,62,730,5,33,41694.67,4,3,0,112181.08,0
15758775,34,820,10,12,30557.16,1,1,1,97208.46,0
15663386,26,597,7,22,29144.57,5,1,1,1000,0
15621267,32,637,5,26,3348.47,1,5,0,1000,0
15720509,34,696,9,25,15052.74,4,4,1,150856.79,0
15693322,37,635,9,16,42285.88,4,1,0,146748.07,0
15589544,57,673,4,30,26281.27,1,5,1,1000,0
15772030,33,662,3,14,34238.13,5,3,1,1000,0
15693337,41,683,0,45,44988.15,2,2,1,148863.17,0
15676571,55,850,6,15,43640.25,3,1,0,1000,1
15701392,28,815,6,33,18989.29,4,5,1,1000,0
15741092,34,671,10,20,22518.69,4,4,1,153360.02,0
15643865,40,601,3,48,48440.2,0,5,1,92055.36,1
15769389,39,709,9,14,38191.7,3,3,1,124723.92,0
15807768,28,702,1,43,41997.18,3,3,1,103033.83,0
15801630,40,558,6,12,7627.59,3,5,0,1000,0
15705034,40,691,1,34,37820.84,5,1,0,1000,0
15763107,30,700,9,6,8616.1,2,3,1,1000,0
15667085,33,667,4,5,193.56,4,2,1,1000,0
15647008,54,624,3,17,38895.87,2,4,0,116726.22,1
15584505,23,580,5,1,15916.47,3,1,1,113923.81,0
15748068,31,571,3,25,2235.97,2,3,1,1000,0
15663964,37,561,5,45,40052.43,1,4,1,1000,0
15782311,28,529,9,3,29904.87,2,1,0,1000,0
15588197,36,670,7,26,31249.65,4,2,0,1000,0
15610105,21,666,1,20,5641.55,2,5,1,121827.43,0
15606133,42,628,7,45,29123.81,3,5,0,1000,0
15599403,60,577,10,10,20084.35,0,2,1,125389.7,0
15648225,38,652,1,29,47899.88,5,1,1,103895.31,0
15608406,26,678,5,44,6958.16,4,3,1,111128.04,1
15633378,49,692,9,48,13924.65,2,3,0,1000,0
15664759,32,675,10,16,19000.49,1,3,0,1000,0
15625545,52,712,9,41,18165.97,2,4,1,1000,1
15772148,37,639,5,41,25390.05,1,1,0,151242.48,0
15810829,48,618,7,16,34795.15,1,1,0,1000,1
15731669,39,554,2,37,23618.98,1,5,1,129709.62,0
15738634,47,533,9,22,3456.87,0,3,1,83347.25,0
15737571,28,540,6,32,37088.65,3,2,0,84121.04,0
15667602,33,704,3,22,12983.86,2,1,1,1000,0
15684147,43,678,5,42,15254.27,0,4,1,102338.19,0
15789874,29,712,3,29,6382.36,0,3,0,87375.78,0
15757952,44,651,2,31,27081.48,5,3,1,1000,1
15698732,51,789,3,16,11461.7,4,4,1,104677.09,0
15714355,32,775,8,14,9650.91,1,1,0,121669.23,0
15599090,40,564,7,50,34641.86,0,2,0,108407.34,0
15762048,33,841,7,17,35031.74,1,5,0,154969.79,0
15790596,39,850,0,47,25653.05,4,4,1,141829.67,0
15609623,63,637,5,3,46202.77,2,4,0,1000,1
15711901,45,500,2,45,43555.46,0,1,1,109162.82,0
15779809,44,655,8,1,19282.94,5,5,0,87471.63,0
15729018,33,666,2,27,2557.2,3,3,0,147229.65,0
15698246,24,658,2,11,26022.35,5,3,0,1000,0
15712409,66,749,6,46,10394.63,0,4,1,182532.23,0
15758306,32,654,6,3,30629.77,5,4,1,1000,0
15621435,39,623,1,19,14661.16,4,3,0,160903.2,0
15566295,33,761,6,13,34886.22,4,5,1,138053.79,0
15569098,44,627,6,31,30454.47,2,1,1,153548.12,1
15662532,31,757,8,39,38895.4,1,2,1,149085.9,0
15664001,53,695,8,29,32826.94,2,2,1,95231.91,1
15703437,34,726,3,3,43598.99,4,4,0,1000,0
15708003,41,587,8,42,46868.68,5,5,1,85109.21,0
15599452,43,605,8,2,31841.71,0,4,0,125338.8,0
15719793,62,850,5,45,17423.21,1,2,1,1000,0
15771580,38,850,0,22,14862.24,1,1,0,106831.69,0
15732268,29,751,3,50,39873.94,3,5,0,159597.45,0
15722350,37,627,7,40,6997.79,1,3,0,147361.57,0
15611371,43,736,4,50,25423.19,5,3,0,176134.54,0
15673584,74,652,5,28,30960.87,0,2,0,1000,0
15636396,35,627,7,40,29369.81,0,4,1,1000,0
15706170,34,636,1,24,12763.25,4,3,0,84055.43,0
15725478,60,775,7,48,36906.41,1,1,1,1000,0
15654562,45,850,5,48,2223.79,0,5,0,174088.3,1
15737509,34,850,8,37,7277.81,2,1,0,199229.14,0
15690796,37,516,8,32,16018.38,1,3,0,1000,0
15716728,42,513,10,43,1121.89,1,3,1,1000,0
15605665,69,673,3,24,47099.96,3,4,1,78833.15,0
15748481,27,564,6,34,46322.67,5,5,0,1000,0
15757777,35,636,2,40,10382.03,0,4,0,1000,0
15747808,29,712,3,7,32641.96,3,2,0,102540.61,0
15810593,51,568,4,9,32996.62,4,4,0,1000,0
15693376,43,741,0,26,29268.91,3,1,1,1000,1
15579808,39,754,8,10,15891.06,3,1,0,129401.87,0
15598275,32,709,7,4,25467.92,0,4,1,1000,0
15737080,32,510,1,10,6046.25,2,1,1,1000,0
15668580,33,716,2,47,3874.8,1,5,0,1000,0
15569438,36,607,10,37,29519.25,1,1,0,106702.94,0
15675842,26,656,4,18,1076.18,4,1,0,139584.57,0
15577587,52,550,5,40,6199.05,3,5,0,121016.23,1
15625592,26,486,2,11,17433.15,2,5,0,1000,0
15635141,59,598,8,45,48613.95,4,1,0,118210.42,1
15642570,35,675,8,20,13428.75,3,2,1,1000,0
15702175,29,755,4,3,9253.04,3,3,1,148654.84,0
15677785,32,656,5,44,3012.71,1,3,0,136963.12,0
15786153,47,644,9,16,32052.96,5,3,0,137774.11,0
15759499,32,598,4,26,30737.34,5,3,0,111156.52,0
15659568,31,850,3,9,42612.39,3,2,1,121237.65,0
15715597,36,679,1,14,7278.72,2,1,0,97234.58,0
15610147,60,632,2,47,7994.15,0,5,1,1000,0
15802362,45,550,0,19,20793.11,5,2,0,1000,0
15660524,54,572,9,1,47104.75,0,2,0,97382.53,0
15747168,47,626,2,29,29499.71,0,3,0,103108.8,1
15796910,57,625,7,45,40032.7,0,2,0,1000,1
15707674,58,515,2,26,24840.03,5,3,0,131852.81,1
15565706,35,612,1,45,6006.49,2,1,1,1000,1
15587596,39,628,8,24,3316.76,0,3,1,107553.33,0
15751943,43,529,5,37,8388.06,0,4,1,1000,0
15621227,46,668,7,3,35130.8,0,3,0,161806.09,0
15757588,30,526,9,48,43113.22,3,2,1,1000,0
15640922,52,791,7,30,27712.11,2,3,0,1000,0
15567557,27,573,2,48,45480.42,0,2,1,128243.03,0
15670103,38,565,5,15,45905.54,1,2,0,126645.13,0
15720929,47,604,8,10,15333.87,0,4,0,62094.71,1
15732774,37,656,7,5,20190.63,3,4,1,112291.34,0
15628558,44,447,5,47,31887.35,1,3,1,89188.83,0
15729201,55,682,9,2,4176.55,5,5,0,1000,1
15731117,28,437,2,44,7131.89,3,2,0,109161.25,0
15615207,47,792,0,14,48107.61,3,5,0,1000,1
15773512,25,627,4,44,32885.18,4,2,0,1000,0
15572145,34,767,8,33,44826.39,0,4,0,1000,0
15642710,26,686,7,18,32093.23,3,2,1,1000,0
15574213,53,789,1,38,36676.1,0,1,1,158271.74,1
15718852,56,794,9,41,37406.69,1,3,0,96951.21,0
15583840,35,587,5,40,17973.24,4,2,0,121863.61,1
15782418,19,589,9,23,37859.9,5,5,1,83495.11,1
15813504,25,543,1,20,38111.99,1,2,0,146566.01,0
15711314,45,589,1,20,10003.59,4,4,1,1000,1
15621064,23,701,5,21,20942.57,5,1,0,186101.18,0
15627847,40,850,6,34,46799.3,0,5,0,1000,1
15588090,51,726,8,49,9603.99,4,3,1,107494.86,1
15735270,47,767,2,17,11929.57,0,5,1,1000,1
15671804,36,648,8,23,31927.27,0,5,1,146943.38,0
15753215,36,651,8,16,18450.54,4,2,1,1000,0
15789941,36,633,6,12,42739.58,2,4,0,125130.28,0
15691061,37,740,9,43,12707.41,2,2,1,1000,0
15808326,34,592,9,9,47495.91,2,2,0,1000,0
15566660,41,670,10,40,30121.35,1,5,0,1000,0
15778947,36,628,3,33,5236.16,1,3,0,1000,0
15632977,47,745,5,41,16541.18,5,3,0,1000,0
15591747,32,705,3,16,16461.75,2,1,0,1000,0
15567335,42,559,7,13,18994.75,3,3,1,1000,0
15609299,29,595,6,49,3133.82,2,5,0,150685.79,0
15669945,35,492,4,24,3014.78,3,5,0,141359.37,0
15736271,29,498,9,36,19785.36,4,1,1,1000,0
15710390,39,655,6,13,15402.26,5,1,1,94631.26,0
15756481,39,636,3,27,21078.1,0,2,0,118336.14,0
15736730,45,634,2,24,30851.49,1,5,1,1000,0
15626040,63,793,0,16,29664.61,5,4,0,1000,0
15746553,50,526,5,31,40124.11,0,2,0,124233.24,1
15622518,26,768,5,47,32680.08,4,3,0,51116.26,1
15684908,64,540,1,14,20779.48,3,5,0,91869.69,0
15569446,34,732,8,44,19095.47,2,4,1,122338.43,0
15777504,30,617,8,26,14038.39,4,3,1,1000,0
15677906,54,637,5,24,22928.34,2,5,1,1000,0
15703292,26,573,8,47,2612.5,3,5,1,86270.93,0
15712938,44,531,3,7,49271.24,1,4,0,1000,0
15631359,38,489,5,38,21192.67,2,3,0,117289.92,0
15720847,35,601,2,7,20825.95,1,3,0,1000,0
15787830,33,452,7,20,36605.26,3,2,1,153663.27,0
15599869,29,728,1,3,9526.98,0,3,0,1000,0
15592078,27,590,8,13,27267.53,3,4,1,123599.49,0
15596228,29,490,4,35,29898.01,5,2,0,1000,0
15578462,76,596,9,17,17911.76,2,2,1,134208.25,0
15756894,29,635,1,38,42925.83,2,3,0,1000,0
15796167,35,782,7,32,43167.43,3,5,1,98556.89,0
15664808,37,790,3,10,6331.94,4,5,1,1000,0
15664555,40,587,2,25,32220.07,5,4,1,1000,1
15607278,46,794,8,29,9764.45,2,4,1,134593.79,0
15585222,41,515,8,32,7749.33,5,2,0,1000,0
15750299,24,746,10,9,45008.53,3,4,0,68781.82,0
15761294,56,667,8,35,31578.11,1,2,0,137464.04,1
15810454,32,709,4,38,31593.68,0,4,1,147307.91,0
15673984,35,536,8,9,8924.08,4,4,0,1000,1
15609319,41,711,3,30,35476.66,4,3,1,145754.91,0
15709941,46,753,8,47,21599.02,5,2,1,1000,1
15580252,44,748,4,38,10837.62,3,5,1,112610.77,0
15741275,57,623,7,33,43512,4,1,1,71481.79,0
15707132,33,465,5,44,5734.31,2,1,1,1000,0
15600708,34,640,3,19,46898.91,2,2,0,77826.8,0
15804787,75,562,5,18,18194.95,4,3,1,87140.85,0
15690021,42,502,0,43,13850.77,4,5,1,132002.7,1
15763895,32,536,7,31,12827.31,5,4,0,178011.5,0
15623478,32,670,4,16,33498.46,1,4,0,102954.68,0
15797910,51,775,2,30,5909.03,5,1,1,123783.25,0
15577751,30,759,4,4,16880.21,3,5,1,101802.67,0
15781777,33,604,3,12,40745.59,1,4,0,148659.48,0
15740527,62,766,7,36,15639.89,0,5,1,142724.48,1
15721251,41,554,4,3,29084.57,2,2,0,112152.89,0
15602994,53,487,10,30,17896.26,2,5,0,89550.85,0
15750769,35,725,7,32,11415.86,1,4,1,75915.75,0
15740175,42,732,2,8,12893.64,4,3,0,118889.66,0
15679968,40,623,5,36,14493.79,4,4,1,118788.57,0
15694404,42,781,3,47,26395.02,3,1,1,156555.54,0
15657529,53,714,1,30,43461.8,3,3,1,99141.86,1
15762882,31,577,4,12,34933.82,4,2,0,61211.18,0
15642579,37,731,1,5,34946.76,0,4,1,128932.4,0
15598884,23,650,5,34,32203.06,4,5,0,1000,0
15770185,32,779,10,41,15535.52,3,3,1,80728.15,0
15800287,46,706,2,43,69.41,1,3,1,127660.46,1
15665861,44,733,3,2,18547.99,4,5,1,106070.89,0
15662203,42,579,3,50,32530.09,0,1,1,137560.38,0
15616454,34,476,8,7,28437.43,1,5,1,111905.43,1
15702788,40,775,9,22,40867.59,5,5,0,126212.64,0
15778149,68,538,9,17,8500.45,3,1,0,1000,1
15680001,38,602,7,22,42889.24,3,3,0,111835.94,0
15711991,30,615,8,23,25480.71,3,3,0,1000,0
15633834,28,700,3,39,41450.4,4,4,1,99705.69,0
15765266,32,615,1,44,21333.83,5,4,0,1000,0
15791867,44,544,2,19,35612.72,0,2,0,108895.93,1
15675380,56,573,3,45,12304.48,1,4,1,154669.77,1
15770576,50,555,7,31,18561.29,4,4,0,128061,0
15775294,31,692,2,33,42225.37,5,1,1,1000,1
15727059,40,476,4,25,25690.95,5,4,0,1000,0
15702499,46,770,9,1,1295.56,0,5,0,190678.02,0
15611699,40,641,7,13,47319.73,4,3,0,1000,0
15654000,35,705,5,4,48778.84,3,3,0,1000,1
15657881,38,784,5,10,26130.11,0,2,0,136712.91,0
15719991,52,727,1,17,33689.79,0,3,0,154733.97,1
15720687,41,576,4,22,36353.97,0,2,0,112609.91,1
15687079,69,646,10,2,39219.15,1,5,1,115462.44,0
15582276,34,638,5,33,20556.61,0,5,0,133501.36,0
15763980,30,632,1,21,25003.82,1,2,0,58668.02,0
15720774,44,850,7,46,48454.76,2,1,0,89118.26,1
15592194,28,492,9,27,13889.36,0,3,1,1000,0
15803685,77,673,10,17,7726.44,0,2,0,76510.52,0
15759456,34,609,7,17,14773.8,4,2,0,140694.78,0
15611544,36,701,7,32,26665.94,2,4,0,95448.32,0
15794257,34,651,4,38,31627.83,3,2,0,91562.99,0
15681697,31,508,8,7,36400.04,0,3,0,72541.48,0
15579566,43,616,3,6,1854.33,1,4,1,120867.18,1
15577970,34,489,5,40,37990.82,0,3,0,1000,0
15727489,45,567,1,42,14806.49,2,3,1,157320.51,0
15764284,27,714,3,39,2686.09,2,3,0,1000,0
15581811,30,678,1,10,12400.62,5,5,0,139676.95,0
15622527,55,581,6,36,44536.38,3,5,1,1000,0
15753362,60,748,3,12,28796.03,2,3,0,1000,0
15666652,19,781,3,10,8126.01,5,5,0,1000,0
15789714,21,691,3,12,36939.96,3,4,1,103000.94,0
15771543,31,507,2,44,44192.78,4,4,0,134237.07,1
15748327,34,724,6,46,24741.41,0,3,0,118235.7,0
15754649,57,705,3,14,8230.42,5,5,0,1000,0
15810460,64,708,5,33,25739.02,1,5,1,1000,1
15771742,38,580,9,23,24483.54,1,4,1,115442.19,1
15642160,38,850,5,9,40554.85,1,1,1,1000,0
15798439,25,714,2,27,6663.14,1,1,1,1000,0
15605293,43,559,1,13,4866.07,1,3,1,1000,0
15692631,44,577,8,32,30611.11,2,1,1,115557,0
15665376,35,647,3,14,6549.58,5,5,0,166518.63,0
15772412,30,554,6,27,47633.86,4,3,1,135370.12,1
15654577,54,549,5,48,12964.71,2,2,0,92877.33,1
15585427,26,528,10,34,13208.7,1,5,0,102073.67,0
15584536,46,720,3,32,42289.8,2,1,0,97042.6,1
15585853,41,743,7,41,31503.15,2,2,0,1000,1
15645271,24,615,8,9,10405.99,2,4,0,108528.07,1
15579387,44,635,2,19,20746.18,1,4,1,79064.85,0
15623107,45,686,3,2,11277.79,2,1,0,74274.87,1
15754072,36,840,6,9,43069.53,4,3,0,1000,0
15666163,43,695,1,12,33872.44,2,4,0,100421.1,0
15765192,26,564,7,10,25449.84,0,3,0,84006.88,0
15804822,31,805,4,42,22738.67,4,3,1,1000,0
15612893,45,558,4,1,30937.49,4,1,1,1000,0
15593636,39,657,4,47,43461.7,3,5,1,80293.81,0
15693326,42,641,7,17,45975.49,0,5,1,125437.14,0
15809901,36,755,8,2,36648.28,5,2,1,1000,0
15759751,48,483,1,40,47961.27,5,4,1,1000,0
15605425,44,545,2,3,46097.96,5,3,0,127536.44,0
15801934,66,678,8,38,5797.44,2,5,0,1000,0
15592000,48,781,9,41,41155.28,2,1,1,82794.18,1
15618695,22,571,3,42,27188.57,0,4,0,108117.1,0
15637110,35,634,10,49,28787.05,5,4,1,1000,0
15727408,27,523,8,18,2833.84,4,5,0,61688.61,0
15716328,40,501,2,37,11831.1,1,3,0,1000,0
15669060,74,662,6,13,44374.87,0,3,1,1000,0
15675854,50,573,0,2,48922.32,3,3,0,159304.07,1
15621116,33,648,5,39,1755.56,3,4,1,138664.24,0
15781495,22,662,2,12,39727.5,3,1,0,126362.57,0
15740470,39,725,4,8,5101.63,4,3,1,160652.45,0
15714391,35,563,2,16,5513.98,0,5,0,183572.84,1
15730137,31,628,0,21,24289.04,2,3,0,88421.81,0
15596455,45,546,2,28,2481.05,3,1,1,1000,1
15717290,41,688,2,1,26819.52,1,3,0,112871.19,0
15616555,41,850,8,28,32778.38,1,3,1,60880.68,0
15659820,34,614,5,7,4157.15,3,5,0,1000,0
15696301,37,719,9,42,8893.17,5,5,0,101455.7,1
15771087,71,757,0,9,8957.8,2,3,0,88084.13,0
15808831,29,669,7,41,34994.3,3,3,1,1000,0
15812241,59,438,7,6,27438.05,4,5,1,127197.14,1
15680370,39,492,7,21,44166.28,0,5,1,1000,0
15780561,39,622,9,17,16501.7,4,4,1,83456.79,0
15800784,42,645,4,42,36499.71,0,4,0,98298.18,0
15715796,37,728,0,29,31926.85,1,4,1,1000,0
15605375,35,651,2,32,32118.74,3,4,0,86911.8,0
15621520,42,783,2,17,12904.37,4,1,0,139707.28,0
15665460,67,732,1,44,28334.09,1,5,0,1000,0
15801152,39,553,1,17,44757.77,4,2,1,142876.98,0
15756425,30,660,7,29,38862.65,5,1,1,146301.31,0
15674328,40,670,3,16,33407.42,3,1,1,47364.45,1
15742404,38,718,7,32,10625.41,2,3,0,1000,0
15757140,51,787,0,42,11006.78,0,1,0,58137.08,0
15570051,38,775,6,21,28019.37,3,1,1,179886.41,0
15669175,24,479,6,31,36301.7,5,5,1,107637.97,0
15790324,20,660,6,29,45219.35,5,2,1,167685.56,0
15691119,68,721,4,25,38050.02,3,2,0,136525.99,0
15743478,39,659,8,4,9738.27,0,5,1,52106.33,0
15707007,39,743,8,5,3136.05,2,3,1,1000,0
15572547,45,670,9,6,31065.12,3,2,1,104930.38,1
15567063,34,766,6,32,25931.77,2,1,1,106434.94,1
15689633,38,845,2,22,19739.7,1,5,0,112803.92,0
15720637,46,710,10,39,4012.62,5,5,0,120530.34,1
15616859,43,602,2,34,10544.79,3,2,0,113641.49,1
15766166,43,604,2,11,23993.35,1,5,1,145081.72,0
15617655,35,564,9,6,33842.65,5,3,0,1000,0
15623450,27,637,7,16,3458.9,4,5,1,135842.89,0
15796612,31,527,1,23,36099.45,4,3,1,112203.25,0
15795963,34,687,7,48,35623.71,2,3,1,129895.19,0
15781598,41,756,6,25,42008.23,4,3,0,149049.92,1
15691871,42,503,9,27,23566.11,3,2,0,153279.39,0
15740345,42,657,5,4,29569.62,3,3,1,41473.33,1
15662626,40,666,2,12,49355.02,2,1,0,1000,0
15596575,39,615,5,26,9976.68,0,5,1,113193.51,0
15657321,27,712,8,20,2807.77,4,4,1,113174.21,0
15575955,24,764,0,6,45736.82,2,2,1,1000,0
15743893,42,471,3,34,47879.01,1,3,0,164951.56,0
15697270,27,608,4,6,18239.42,0,1,1,153325.1,0
15644356,47,682,10,29,31079.68,1,5,1,134032.01,0
15677586,32,587,3,36,10648.82,2,2,0,125445.04,0
15571261,35,714,6,14,38530.74,4,2,0,126077.43,0
15698758,31,630,1,9,2835.48,0,3,0,1000,0
15787014,28,648,8,20,44870.46,0,3,0,90371.09,0
15739857,40,785,3,20,10782.63,3,2,1,1000,0
15774630,47,601,1,15,18870.81,0,4,1,142802.02,0
15805523,28,717,1,49,42929.3,5,1,1,90537.16,0
15749557,44,707,6,50,44982.93,5,5,0,1000,0
15681180,23,771,7,18,40861.38,0,1,0,156123.73,0
15742028,35,602,5,20,31596.19,2,1,1,1000,0
15686463,38,626,7,7,42386.69,5,1,0,141074.59,1
15654379,59,588,4,17,11790.46,2,3,1,1000,0
15783629,42,616,6,41,17871.92,5,2,1,117899.95,0
15751193,33,621,4,33,5969.84,1,1,0,1000,0
15724099,26,674,6,11,22754.74,0,3,1,166257.96,0
15568429,46,633,3,23,20464.56,1,5,1,1000,0
15648967,64,698,1,38,34238.13,4,3,0,169362.43,1
15664498,26,508,7,22,26226.67,3,1,0,205962,0
15779522,24,736,0,20,20195.68,3,5,1,1000,1
15583850,68,672,0,8,129.29,3,1,1,126061.51,0
15696539,21,613,7,11,12842.62,2,2,1,105627.95,0
15760121,32,712,9,26,44228.38,5,2,1,100606.02,0
15628279,38,624,3,6,34081.15,2,2,0,1000,0
15766163,38,676,1,16,38058.83,2,4,1,1000,0
15566467,32,683,0,20,38418.72,4,2,1,138171.1,0
15639049,31,489,7,32,16656.11,1,1,1,139395.08,0
15736413,29,739,1,26,42915.52,4,1,0,1000,0
15634815,37,701,3,7,39931.49,2,5,1,1000,0
15716381,50,666,7,23,20613.17,5,1,0,109062.28,1
15708162,40,565,1,35,32212.68,2,5,1,89994.71,0
15569364,36,666,3,34,16153.48,2,5,0,1000,0
15791191,59,633,2,9,38421.12,3,3,0,103996.74,0
15621205,34,578,4,8,11432.77,2,2,1,175111.11,0
15704788,49,812,8,35,38886.05,2,5,0,66079.45,1
15775756,33,809,8,24,11702.02,5,3,1,148055.74,0
15641312,36,615,6,4,29581.08,5,5,1,1000,1
15782531,31,684,8,49,46157.57,3,2,0,1000,0
15724428,40,544,8,32,4404.17,3,5,0,1000,0
15743617,47,713,1,15,13984.09,1,4,0,95994.98,0
15585839,37,633,2,7,7410.42,4,5,0,1000,0
15658158,23,672,10,13,33422.39,1,5,0,110741.56,0
15637678,35,661,5,36,42070.62,4,4,0,1000,0
15701809,28,749,3,33,5517.5,1,5,0,1000,0
15676937,32,635,8,32,6489.16,0,2,1,1000,1
15778975,70,850,1,49,38323.21,4,4,1,96947.58,1
15710375,41,641,6,5,739.65,4,4,1,1000,0
15579914,30,633,2,17,19987.27,5,5,0,109786.82,0
15595160,35,413,2,2,21556.36,2,2,1,1000,0
15595391,31,538,1,47,1372.37,1,5,1,1000,0
15630363,39,437,0,31,14380.08,3,5,1,102721.49,0
15692443,33,612,5,39,26697.97,0,2,1,69478.57,1
15593795,53,516,1,42,21848.43,3,4,1,156674.2,1
15642824,56,826,8,18,49219.23,5,3,0,174506.1,1
15683524,23,660,6,25,6314.21,4,3,1,166070.48,0
15713532,29,646,4,36,21551.94,3,3,1,105957.44,0
15719827,36,767,3,4,49831.19,5,4,0,1000,0
15578435,40,640,8,46,49902.91,1,2,1,110340.68,0
15723028,33,778,1,7,35086.26,2,1,0,1000,0
15595609,52,679,9,20,24136.95,0,3,0,135870.01,0
15622443,31,549,4,22,24284.32,2,5,0,1000,0
15579112,47,598,2,8,25799.09,5,2,0,1000,0
15648479,45,655,0,36,9842.2,5,5,1,1000,0
15659234,30,494,3,6,13999.58,0,1,1,85704.95,0
15811970,42,653,1,47,36307.36,5,3,1,1000,0
15774192,38,539,8,30,25644.36,1,5,0,105435.74,1
15595136,37,645,1,35,35842.9,5,2,1,1000,0
15630580,34,751,9,39,22116.57,0,5,1,108513.25,0
15660646,35,528,3,24,37797.45,3,3,0,156687.1,0
15614365,31,696,3,22,9071.01,1,1,0,150604.52,0
15776128,44,716,6,40,26328.31,4,4,1,155114.9,0
15787035,35,602,8,40,16421.71,1,3,0,1000,0
15792646,64,647,1,4,33725.72,4,2,1,91216,0
15726832,61,850,3,2,13337.06,1,3,1,141784.02,0
15773260,32,590,0,9,10439.46,4,5,1,127763.24,0
15624437,32,825,1,3,20098.01,0,2,1,1000,0
15717138,31,850,6,11,12289.94,5,1,1,82613.56,0
15657317,32,789,7,16,20877.3,5,1,0,69423.52,0
15626948,42,701,6,15,32656.57,4,5,1,86167.82,0
15758901,47,713,1,7,40595.49,0,2,0,1000,1
15777759,30,570,2,45,45979.44,5,1,0,131406.56,0
15773322,44,536,4,32,28725.08,5,1,0,121898.82,0
15697318,32,771,9,37,26790.93,5,1,0,77487.2,0
15678916,75,512,2,34,38728.07,0,3,0,1000,0
15632118,45,698,5,29,2727.4,3,3,0,164450.94,1
15788118,33,656,7,44,29798.54,3,4,0,138705.02,0
15788930,37,761,7,14,41389.51,1,3,1,132730.17,0
15628583,30,709,5,49,18173.66,4,4,1,1000,0
15635177,66,597,3,18,999.58,4,2,1,1000,0
15587690,28,592,2,19,1997.18,2,1,1,116498.22,0
15627630,41,599,1,47,2107.31,1,4,1,1000,0
15610930,35,572,1,12,17657.56,3,2,0,139979.07,0
15657747,43,611,9,48,35774.68,1,3,1,127216.31,0
15568006,45,634,2,33,22782.42,4,3,1,1000,1
15751748,51,666,2,34,793.14,2,2,0,148222.65,1
15722212,41,696,8,3,405.75,3,4,0,1000,0
15658670,38,669,8,38,34168.09,2,1,0,1000,0
15761654,30,726,8,28,41914.48,0,5,1,134152.29,0
15812210,32,497,8,7,44738.21,5,2,1,111537.23,1
15787051,39,750,7,15,44581.27,1,4,0,119565.92,0
15642991,29,850,7,47,41880.81,2,5,0,1000,0
15713769,38,617,7,36,987.83,1,3,1,1000,0
15605826,46,652,10,32,10774.87,3,1,0,121063.8,1
15648898,27,560,7,48,2911.56,3,3,1,124995.98,0
15705309,39,629,5,50,35725.53,0,2,1,1000,0
15734202,52,660,4,40,3281.58,5,2,0,86891.84,0
15658852,38,676,8,41,19372.11,2,4,0,1000,0
15612633,43,581,9,2,19741.76,2,2,0,78022.61,0
15604818,34,798,9,38,42352.66,3,3,0,154495.79,0
15593900,38,705,1,6,2063.66,2,1,1,189443.72,0
15624995,31,714,6,14,25195.16,3,1,1,152926.6,0
15570087,44,664,8,23,42160.89,5,2,0,142989.69,1
15802617,43,697,7,37,6452.94,1,4,0,115371.94,0
15656029,37,609,6,21,26317.71,3,3,0,1000,0
15739194,38,548,0,39,37910.45,1,4,0,178056.54,0
15607275,39,850,6,30,31157.32,3,1,1,206014.94,1
15629475,41,656,2,29,32309.96,3,2,0,1000,0
15635034,37,727,9,36,43323.72,5,3,1,101191.83,1
15756333,55,642,7,20,31090.7,0,3,1,1000,0
15777436,31,710,5,31,29282.49,4,1,0,1000,0
15676835,33,710,1,46,26805.26,3,5,1,1000,0
15574206,37,718,7,28,47294.22,0,5,1,1000,0
15613017,32,586,1,20,36227.47,4,4,1,149814.54,0
15815131,36,617,7,18,24355.72,4,1,1,115617.24,0
15585455,28,630,9,13,12246.45,4,5,0,1000,0
15692929,42,791,10,46,46524.48,0,5,0,113657.41,1
15758081,39,673,8,2,19242.77,1,5,0,138160,0
15667476,36,477,3,33,23908.61,4,4,1,117700.86,0
15738248,37,662,5,44,33486.04,2,4,0,1000,0
15672152,37,850,9,47,20253.34,2,4,0,122506.38,1
15673372,58,635,1,21,44419.76,2,2,0,1000,1
15587611,59,537,9,49,4660.21,1,4,1,1000,1
15803415,39,579,3,11,42023.6,5,4,1,166501.17,0
15715673,46,651,4,12,44837.45,4,4,0,89743.05,1
15655648,25,610,2,1,3973.1,5,4,1,1000,0
15763613,30,581,1,39,38707.47,0,2,1,1000,0
15660385,39,592,7,6,39121.55,4,2,0,1000,0
15733261,35,688,6,45,28095.08,0,5,1,1000,1
15796231,18,681,1,20,14494.58,3,2,1,98894.39,0
15624866,37,658,3,12,28590.1,1,2,1,168735.74,0
15623730,34,792,1,18,35053.75,4,4,0,1000,0
15668248,62,528,7,43,32337.11,1,3,1,133201.17,1
15694518,36,624,0,43,19437.89,5,5,0,1000,0
15638028,31,562,4,33,36118.22,2,2,1,127237.25,0
15795895,36,678,1,46,43323.89,5,3,0,117864.85,0
15694376,64,705,3,2,9335.93,5,4,1,153469.26,1
15669204,23,650,4,4,19499.72,5,3,0,93911.3,0
15773779,46,593,2,17,1546.8,2,5,0,76597.79,0
15580682,40,652,4,42,27708.19,1,1,0,79927.36,0
15768530,27,554,4,48,35893.37,2,1,0,1000,0
15672875,32,584,8,36,39933.04,5,3,0,40172.91,0
15617082,33,516,7,45,47607.44,4,4,1,115195.58,0
15760514,43,789,9,41,32695.91,0,4,1,116644.29,0
15761775,20,598,8,45,18426.83,5,4,0,180293.84,0
15799964,30,669,7,4,44858.96,1,3,0,139872.81,0
15693906,24,645,3,29,35248.59,3,2,1,34547.82,0
15739514,32,659,9,5,23211.71,2,2,1,1000,0
15756926,29,833,1,13,15621.3,3,2,0,96462.25,0
15770984,40,697,7,1,44125.02,1,4,1,130334.35,0
15703979,39,580,3,21,46082.8,1,3,0,119688.81,0
15801821,38,691,1,41,2920.27,4,4,1,1000,0
15711028,52,534,1,26,20061.2,3,4,1,1000,1
15791842,32,478,6,15,42020.28,0,2,0,71187.24,0
15746127,47,572,2,22,33403.04,2,3,1,1000,0
15663625,37,501,4,16,23388.61,1,4,0,1000,0
15604891,38,624,8,9,41456.84,2,1,1,1000,0
15589666,39,595,9,14,40435.1,0,2,0,136422.41,0
15627881,30,603,8,44,42558.36,0,5,0,1000,0
15664895,25,602,0,10,46252.36,4,5,1,1000,0
15676094,34,500,6,32,29862.41,5,1,0,1000,0
15761720,41,422,6,22,21444.37,4,2,0,153238.88,0
15611961,35,615,7,33,41290.63,0,4,1,1000,0
15680167,78,635,6,29,17251.56,1,2,1,47536.4,0
15762543,32,711,1,11,37548.02,0,3,1,1000,0
15658475,36,834,8,47,37458.37,0,5,0,142882.49,1
15779743,44,633,7,20,25907.3,2,2,1,1000,0
15661532,31,650,1,29,14516.52,1,4,1,160566.11,0
15782360,65,743,2,49,43444.71,0,3,0,131935.51,1
15767908,38,567,6,4,15088.09,3,4,1,127678.8,0
15677105,46,706,4,24,20429.45,3,1,1,105214.58,1
15641474,46,638,9,48,14465.63,1,5,0,139859.54,0
15624451,38,641,3,50,36330.15,5,5,0,1000,0
15577985,34,574,5,11,26071.57,4,1,1,112324.45,0
15571666,30,642,8,39,15959.88,4,2,1,134497.27,0
15783691,35,722,1,16,40685.47,5,3,0,120171.58,0
15671172,23,623,1,28,23653.82,1,1,1,106012.2,0
15731760,25,681,5,36,41347.57,3,2,1,1000,0
15585599,34,530,8,47,8355.91,1,4,0,1000,0
15784958,55,797,10,12,37689.89,3,3,0,1000,1
15734524,51,653,3,6,35809.01,5,2,1,1000,1
15614103,42,850,8,42,40093.08,0,5,0,119839.69,1
15794895,34,581,1,12,32997.45,1,3,0,1000,0
15772381,38,589,8,24,28246,3,2,0,92219.21,0
15710553,48,555,3,3,22229.71,2,3,0,142055.41,0
15649292,49,748,7,38,38473.55,5,5,1,29602.08,1
15792565,46,745,7,7,41659.51,5,1,1,1000,0
15718245,34,730,1,31,570.39,2,4,0,1000,0
15703117,44,565,1,25,16891.11,1,4,0,1000,0
15758136,37,778,3,31,23055.77,4,3,0,141803.77,0
15799932,24,812,10,18,28862.63,1,4,1,1000,0
15633516,42,526,1,46,24496.22,4,3,0,1000,0
15622532,47,708,0,41,24252,2,1,1,126589.12,1
15798960,33,680,2,45,7272.77,0,4,0,108393.35,0
15698664,43,567,2,23,3229.39,5,5,0,115643.58,0
15703614,48,564,5,44,39712.97,1,5,1,132876.23,0
15699195,24,709,3,37,36763.52,5,3,0,110949.41,0
15710543,46,629,1,3,29556.94,0,4,1,130666.2,1
15695499,45,510,10,6,1771.39,5,2,0,103821.47,0
15622321,32,506,3,5,47221.47,4,4,1,1000,0
15715744,39,605,7,42,3864.42,3,4,0,1000,0
15788151,32,650,1,3,10511.11,5,2,0,132187.73,0
15687153,49,850,8,41,42277.93,2,3,1,98649.55,1
15684958,38,489,2,18,20034.68,2,3,0,126444.08,0
15706116,30,659,8,4,28696.09,4,1,0,154159.51,0
15740557,43,753,5,42,22973.88,4,3,0,1000,0
15707291,48,477,8,38,16212.67,5,3,0,129250,0
15583353,45,610,3,21,13421.43,2,4,0,1000,1
15761024,33,619,2,4,34024.9,2,4,1,167733.51,0
15630709,31,619,2,2,22500.91,3,2,0,56116.3,0
15639590,30,758,3,10,49513.5,4,4,0,141581.08,0
15659399,50,516,7,42,16160.48,5,1,0,139675.07,0
15567078,27,789,8,20,24735.72,5,5,1,66201.96,0
15696373,44,687,9,5,28341.38,2,1,1,1000,1
15786617,34,485,3,48,36449.89,5,4,1,133658.24,0
15657449,25,446,3,8,35076.49,2,5,0,136202.78,0
15672594,60,597,0,29,30553.02,5,3,1,131778.08,1
15714240,74,712,5,15,1677.71,0,3,1,1000,0
15782144,34,522,3,29,12028.74,2,1,0,1000,0
15665008,26,805,8,21,21833.34,1,3,0,42712.87,0
15581733,28,781,4,13,29905.52,4,2,1,1000,0
15751392,57,689,4,1,47989.61,2,1,0,1000,1
15785815,31,670,1,5,17911.98,3,1,1,142631.54,0
15664214,33,670,2,45,6166.11,5,1,1,141204.65,0
15579996,25,524,7,26,34768.91,2,4,0,131402.21,0
15675252,39,734,3,25,9378.58,2,1,0,92636.96,0
15579617,51,489,3,26,37906.16,5,2,0,1000,1
15593976,31,578,5,11,27919.09,1,1,1,102088.68,1
15716041,39,622,9,30,17814.4,0,3,1,1000,0
15654489,38,843,8,38,7658.84,4,3,0,134887.53,0
15736302,48,687,4,19,24630.8,3,3,0,1000,0
15805909,28,700,8,33,45464.52,3,4,0,159900.38,0
15572762,50,410,2,39,42781.16,2,5,1,102278.79,0
15724632,41,537,0,49,32766.09,2,3,1,1000,0
15670416,43,780,0,43,40135.06,2,4,1,1000,0
15749528,58,652,6,24,29717.88,2,4,1,1000,0
15578783,35,620,0,44,17137.78,2,5,0,76989.97,0
15580719,23,697,10,2,3380.3,5,1,0,1000,0
15656293,35,786,3,37,48850.06,1,4,0,1000,0
15691875,39,850,5,18,33487.54,5,2,0,114491.82,0
15596870,54,749,3,47,17359.01,5,5,0,144768.94,1
15780770,31,445,7,46,24668.87,3,5,0,145056.59,0
15751491,50,443,3,45,24539.76,2,1,1,117206.3,1
15706200,41,637,2,11,29279.44,1,1,1,138014.4,0
15808674,45,616,6,35,47847.6,0,4,0,128352.59,1
15641411,23,756,1,33,19456.44,5,4,1,112568.31,0
15764661,33,644,2,7,8533,5,2,0,1000,0
15689492,41,850,1,8,16416.04,1,1,1,176958.46,0
15602405,38,703,9,46,28286.86,0,4,0,99167.54,0
15610271,42,684,3,45,15038.08,3,5,0,103210.27,0
15791780,48,706,10,24,8299.35,2,3,0,104478.12,1
15589147,61,580,8,46,17495.87,0,5,1,125921.37,0
15756975,35,777,3,45,25463.67,2,4,0,1000,0
15729582,48,676,3,34,47522.6,0,2,0,80697.44,0
15742971,44,708,2,6,37870.77,0,3,0,161887.81,0
15568046,24,809,7,46,12690.26,5,1,1,109558.36,0
15694890,38,588,1,50,4030.46,0,1,1,124271.26,0
15736963,43,623,1,11,22781.2,1,5,0,1000,0
15646490,42,537,1,32,12758.49,4,3,0,190569.23,0
15607314,53,536,2,33,8753.01,3,1,0,143923.96,1
15576745,48,769,2,35,2815.13,5,4,0,96542.16,0
15669606,33,690,5,32,49727.69,3,4,1,1000,0
15737832,45,771,0,34,13317.96,5,3,1,139825.56,1
15681990,24,497,6,24,22509.44,5,4,1,111769.14,0
15758050,37,622,4,33,10961.12,4,1,0,1000,0
15787848,30,602,9,19,30097.71,4,1,1,113672.18,0
15713594,32,543,7,24,11859.69,3,5,0,147256.86,0
15588186,45,520,7,12,25979.62,4,2,0,107023.03,0
15786739,37,669,1,8,26949.34,1,2,1,125529.55,0
15699467,41,631,0,37,11608.89,5,4,0,1000,0
15680706,48,537,4,37,10470.33,3,1,0,131834.8,1
15645717,62,732,2,17,37349.34,3,1,0,1000,0
15748597,56,844,5,10,7423.57,1,1,1,99529.7,1
15773709,35,838,0,29,8245.57,3,4,0,1000,0
15629787,27,652,10,44,24208.97,2,2,1,107303.72,0
15661007,33,660,0,3,12838.86,2,4,1,72783.42,0
15686812,44,692,8,7,7476.79,3,5,1,1000,0
15754113,35,588,0,17,11568.63,5,4,0,1000,0
15749489,22,533,10,42,20880.44,0,5,1,115743.6,0
15574352,43,850,4,10,1396.47,1,5,1,161256.53,0
15701281,27,511,8,5,23563.26,0,5,1,1000,0
15811985,44,530,6,20,13384.38,3,3,1,1000,0
15713505,31,554,1,23,1787.49,2,2,0,1000,0
15685653,40,585,3,22,37375.93,1,1,0,162261.01,0
15758831,39,754,3,30,6999.23,4,2,0,74896.33,0
15618774,54,474,3,2,42092.71,3,5,0,1000,1
15764448,35,837,0,13,32339.8,3,4,1,144037.6,0
15611024,23,567,9,43,9815.7,4,3,1,93522.2,0
15738220,38,800,1,45,25349.46,3,3,0,1000,0
15805764,18,646,10,1,31327.91,3,5,0,1000,0
15580487,38,627,8,24,40047.89,1,3,1,106922.92,0
15675787,26,505,8,37,945.56,0,5,1,112972.57,0
15583580,35,566,1,7,41401.85,1,5,0,123042,1
15780654,33,619,3,11,49819.3,4,5,1,100488.92,0
15695034,44,757,4,44,6121.93,0,3,1,123322.15,0
15805671,32,648,0,18,38689.42,5,1,0,1000,0
15790658,42,621,8,37,36411.38,4,3,0,68683.68,0
15578648,49,543,6,13,12486.8,0,3,0,59532.18,0
15734987,43,658,7,47,32704.74,2,1,0,140260.36,0
15721740,50,633,7,21,35087.63,2,2,1,88302.65,0
15641822,19,648,1,23,24227.06,0,3,1,1000,0
15765650,40,501,5,45,42244.29,4,4,1,114655.58,0
15788556,42,683,4,39,10166.68,1,3,0,148283.94,1
15576550,38,619,1,30,43537.04,2,5,0,1000,1
15622230,35,705,3,21,14913.55,3,2,0,1000,0
15653937,53,638,1,19,43447.12,1,2,1,123916.67,1
15743538,31,710,1,21,12610.15,0,2,0,1000,0
15591740,54,590,4,49,29024.84,1,5,1,1000,1
15650086,43,725,2,21,36771.72,1,5,0,165896,0
15718773,32,638,0,29,31589.55,1,2,0,1000,0
15615140,36,791,6,8,31538.44,0,1,0,111168.97,0
15644361,40,702,1,45,10050.91,3,1,0,103549.24,1
15774536,32,607,6,17,30664.11,5,2,0,1000,0
15618661,30,535,6,33,18276.16,1,4,1,103804.97,0
15605020,45,651,2,35,23236.29,4,2,0,165901.59,1
15762134,59,506,8,15,44735.99,3,1,0,119152.1,0
15685279,57,511,8,27,27834.34,0,5,1,122950.31,0
15582849,51,757,1,11,48602.42,4,3,1,1000,1
15655410,49,768,1,28,48024.79,4,4,1,133384.66,1
15649129,32,757,9,38,48130.05,2,5,1,1000,0
15702380,64,663,6,49,46168.58,3,2,0,1000,0
15759067,37,537,7,15,404.84,4,5,1,158411.95,1
15683027,29,570,4,34,41877.78,0,3,0,122028.65,0
15597487,35,850,5,38,31886.77,4,1,1,1000,0
15763256,64,661,8,8,9551.36,1,3,1,128751.65,1
15620111,54,659,8,2,24693.01,4,1,1,133436.52,0
15623053,40,454,2,36,38957.96,0,5,1,123177.01,0
15595592,59,708,2,44,38949.82,5,5,0,1000,1
15740072,37,720,2,16,36860.51,2,2,1,120328.88,0
15778005,39,785,1,1,31649.3,2,1,1,130147.98,1
15583278,36,743,8,30,15114.22,5,5,1,92716.96,0
15601263,48,493,7,1,34394.85,3,5,0,1000,0
15709222,34,557,3,6,30023.87,4,1,0,1000,0
15713949,40,850,1,25,28325.41,3,2,0,76914.21,0
15717706,32,799,3,20,35098.11,3,2,0,106045.92,0
15756071,34,756,1,42,20720.69,2,4,0,103133.26,0
15696564,38,752,0,24,2881.51,4,4,1,145974.79,0
15657637,36,696,3,42,41552.27,1,5,0,1000,0
15755863,49,630,1,19,44816.17,1,1,1,1000,0
15719858,38,659,9,40,40226.47,0,4,1,1000,0
15688876,39,685,9,15,37268.82,4,3,0,1000,0
15698528,31,599,3,31,9676.23,4,2,0,1000,1
15770345,31,559,1,3,20523.35,0,3,0,139183.06,0
15761506,19,615,5,5,18690.06,4,4,0,1000,0
15716619,36,580,3,19,9283.28,1,4,1,74974.89,0
15788367,44,487,6,42,39277.91,0,1,0,61691.45,0
15709451,35,646,1,37,4438.84,4,3,1,121952.75,0
15640421,35,811,7,21,20594.46,0,5,1,1000,0
15580068,35,526,5,20,42738.56,3,3,1,1000,0
15677123,37,767,7,50,13585.3,3,2,1,1000,0
15619801,33,548,1,23,16991.03,1,3,0,80107.83,0
15582246,45,737,2,9,5467.09,4,3,1,1000,0
15711843,40,613,1,44,47612.76,4,4,1,147856.82,1
15680046,36,711,8,16,24650.68,4,2,0,1000,0
15804131,53,850,7,20,37063.99,2,3,1,65407.16,1
15722611,53,752,8,38,46599.33,4,2,1,114233.18,0
15729224,37,710,5,16,17680.51,1,2,1,1000,0
15811588,53,664,7,4,45108.25,0,1,0,187602.18,1
15702138,22,510,3,15,39691.46,0,2,0,156834.34,0
15749799,34,577,2,45,16465.91,5,4,0,1000,0
15752885,42,529,1,46,34587.51,5,1,1,157498.9,0
15674932,44,757,9,46,45416.2,3,1,0,1000,0
15743828,41,691,2,42,47839.91,3,5,0,1000,1
15642022,34,621,8,10,12156.03,3,2,1,1000,0
15746461,35,709,2,23,824.44,2,2,1,1000,0
15809991,19,756,4,17,35208.99,3,4,1,130274.22,0
15787322,41,788,6,3,9200.7,3,2,0,1000,0
15575498,39,705,5,15,27651.73,1,5,1,149379.66,0
15691387,29,483,9,29,39382.62,2,4,0,1000,0
15765457,35,719,1,33,2995.12,3,5,0,100829.94,0
15666173,32,793,1,16,7419.81,0,2,1,96408.98,0
15627377,41,593,6,6,22805.72,3,1,0,1000,0
15656683,52,551,1,31,38560.3,1,2,0,1000,1
15679810,39,690,6,39,23697.23,1,2,1,1000,0
15606310,71,823,5,4,48052.33,4,3,1,149105.08,0
15756871,39,512,3,45,43216.06,0,5,1,1000,0
15610002,41,802,5,11,39106.39,1,5,1,1000,0
15567802,34,450,2,12,20859.42,1,5,1,1000,0
15745452,41,651,1,19,15946.47,0,4,1,90218.11,0
15617252,33,697,1,45,37886.11,2,4,0,87347.7,0
15753248,28,611,2,5,30471.73,1,5,0,1000,0
15610755,33,643,0,4,42653.95,5,1,1,137811.75,0
15662238,37,822,3,12,39638.45,4,2,0,105563,0
15799186,38,632,4,11,11501.1,1,3,1,1000,0
15686941,26,575,7,14,5319.86,3,2,0,1000,0
15601172,31,672,6,49,38130.95,4,4,1,91125.75,0
15723858,39,517,3,9,26913.55,4,3,1,1000,0
15615896,39,621,8,5,27048.84,0,4,1,1000,0
15737647,77,775,6,9,40776.62,2,4,1,135120.56,0
15582841,29,600,8,36,18260.4,1,1,1,1000,0
15760090,28,640,7,8,26490.06,3,5,0,1000,0
15588587,36,752,1,23,26314.21,0,1,0,86837.95,0
15683157,26,613,4,8,16414.64,5,4,1,100446.57,0
15694209,32,484,3,42,48101.14,2,1,0,1000,0
15655875,33,511,3,19,16688.04,0,1,1,1000,0
15805704,32,745,2,26,40185.2,4,2,0,1000,1
15744789,32,786,6,26,23007.67,1,5,1,114512.59,0
15799357,35,727,5,9,32945.02,0,3,0,136364.46,0
15726153,31,622,5,47,38619.84,0,1,1,106260.67,0
15713346,24,794,10,4,14090.95,0,5,1,146126.75,0
15665053,52,636,4,34,17713.62,3,1,0,111284.53,1
15592379,42,741,9,46,6450.5,0,5,1,121056.63,0
15692599,34,687,5,36,42338.12,0,4,1,128270.56,0
15620758,30,660,4,21,36431.34,2,2,1,1000,0
15637428,35,660,7,15,23146.36,2,2,0,1000,0
15808389,79,617,7,31,5408.56,2,3,1,1000,0
15807003,32,762,10,18,36540.11,5,1,1,191775.65,0
15702912,35,752,2,47,27661.43,4,1,1,1000,1
15590623,34,561,4,26,1853.02,3,4,0,85141.79,0
15728078,26,609,10,12,21203.42,3,5,0,126392.18,0
15708256,28,803,3,31,42944.19,3,3,1,1000,0
15582335,40,556,9,23,22109.95,1,5,1,129860.37,0
15649150,53,531,5,11,27576.05,1,4,1,127642.44,1
15691647,35,411,2,50,4684.32,4,4,1,1000,0
15668270,44,587,5,18,39532.02,1,1,1,125584.17,1
15624820,56,683,7,3,20200.84,4,3,1,50911.21,1
15736254,29,654,2,13,10404.41,4,3,1,91955.61,0
15720814,36,670,2,6,41441.59,5,2,0,84266.44,0
15642997,36,655,2,15,49570.32,1,2,0,147149.59,0
15693200,36,752,7,13,46687.72,3,3,1,1000,0
15624596,23,534,5,22,5344.9,2,5,1,104822.45,0
15807167,42,635,1,7,44396.71,4,2,1,146766.72,0
15660301,70,491,6,35,40444.09,4,4,0,148745.92,0
15593094,27,516,9,49,36255.41,1,5,0,1000,1
15618239,48,530,0,2,7856.4,5,2,1,1000,0
15574137,35,687,3,1,26748.99,0,5,1,1000,0
15614740,41,684,6,18,48687.76,1,4,1,135203.81,0
15574071,23,706,2,46,9549.38,4,1,1,93301.97,0
15671148,33,490,5,43,257.15,5,3,1,96341,0
15721921,44,796,8,34,14610.68,1,2,1,165326.2,0
15717995,27,849,0,35,36205.98,4,3,1,1000,0
15632050,41,779,10,7,15644.14,0,1,1,99786.2,0
15647111,22,794,4,14,5522.36,0,1,1,114440.24,0
15759991,36,748,4,14,6879.71,5,3,1,141573.55,0
15790204,22,663,9,45,5474.17,3,5,0,1000,1
15686780,55,645,1,19,37399.99,1,5,0,133676.65,0
15640491,33,464,10,47,3798.72,4,5,1,147493.7,0
15783225,54,737,9,24,23313.77,1,4,1,1000,1
15734438,29,590,4,28,8029.22,2,5,1,1000,0
15688760,37,522,3,29,3593.64,4,2,1,95022.57,0
15768124,34,648,3,14,44439.19,1,4,1,1000,0
15661330,37,754,6,38,1954.89,5,3,1,1000,0
15781272,50,669,4,40,36937.71,4,4,0,149713.61,1
15573888,43,648,1,45,18503.61,3,5,1,107963.38,1
15575858,40,763,3,23,38768.55,2,1,1,1000,0
15645937,32,790,3,16,20994.69,2,2,1,1000,0
15702337,37,581,7,1,27661.58,4,2,0,1000,0
15764537,43,703,8,13,17587.74,4,3,0,1000,0
15619616,33,571,9,24,21337.07,0,5,1,102017.25,0
15585133,27,657,8,9,40507.19,0,4,1,1000,0
15573971,44,737,7,44,45529.15,4,4,0,1000,0
15579433,29,793,8,10,14118.6,2,3,1,96674.55,0
15777045,44,783,3,27,44448.74,4,1,0,81811.71,1
15611580,33,751,4,8,17436.11,4,2,0,79281.61,0
15614778,31,579,6,47,1890.24,4,1,0,1000,0
15771750,36,655,10,27,13755.24,0,2,1,122314.39,0
15593280,43,614,8,6,27721.37,3,5,0,140733.74,0
15569274,49,678,2,1,11749.38,2,2,1,116933.11,1
15654408,41,562,5,12,33057.48,0,4,1,165445.04,0
15657468,53,711,5,24,21949.01,3,2,1,123805.03,0
15614213,37,620,0,49,13563.57,4,1,0,107548.94,0
15589869,49,437,9,12,39256.18,1,2,1,111634.29,0
15693205,41,691,8,1,31501.47,5,5,0,109153.96,1
15797113,34,552,4,17,21522.18,2,4,0,1000,0
15676958,34,765,5,27,33743.35,4,1,1,86055.17,0
15739592,51,707,10,11,12127.97,2,3,0,98438.23,1
15656263,29,764,5,26,3945.22,4,2,0,1000,0
15636872,32,585,8,1,17419.52,3,3,1,144705.87,0
15589435,31,784,7,23,2453.79,5,4,1,1000,0
15640464,41,605,5,12,11708.32,4,2,1,91612.91,0
15723851,40,699,2,41,28792.22,4,2,1,1000,0
15722122,40,544,7,36,34335.16,4,2,1,1000,0
15696852,32,803,9,43,48867.86,4,5,1,192122.84,1
15634936,41,735,7,3,44040.53,2,1,0,179904,0
15575935,59,673,0,26,15420.48,4,5,0,178058.06,1
15634491,30,652,2,26,41248.56,4,4,0,176166.56,0
15628530,42,694,3,16,30564.63,2,2,0,156864.2,0
15678720,44,741,7,27,9278.92,5,4,1,1000,0
15627999,30,590,3,35,48383.07,4,4,1,1000,0
15571244,33,809,3,16,22826.19,1,1,1,1000,0
15739931,34,523,2,49,33687.2,3,3,1,161588.89,0
15806256,48,540,2,17,37458.74,5,1,1,109349.29,1
15787258,29,596,6,32,18524.47,3,2,0,1000,0
15706463,36,597,9,8,3068.18,5,3,0,1000,0
15691004,37,407,1,30,17247.76,1,1,1,1000,1
15792228,60,748,0,29,34600.57,3,2,0,152335.7,1
15733447,51,562,1,37,19809.87,1,5,1,124662.54,1
15679062,47,734,10,15,9190.19,2,2,0,91522.04,0
15594409,45,710,1,5,10948.89,0,1,0,1000,0
15613816,39,539,6,25,42495.6,5,4,1,62052.28,0
15681991,32,542,7,38,41403.13,5,3,1,107871.72,0
15796074,36,717,2,2,37997.77,3,3,1,99472.76,1
15625941,50,682,10,1,2586.21,5,1,0,128039.01,0
15615016,33,515,2,12,25150.6,0,4,0,1000,0
15748414,33,526,8,31,18721.33,2,3,1,114634.63,1
15751203,26,702,5,5,29396.89,3,2,0,56738.47,1
15662658,34,651,2,14,19652.86,4,2,1,90355.12,0
15574868,36,792,5,33,4469.99,3,3,0,115725.24,0
15790282,58,817,3,35,40664.94,0,4,1,114327.59,0
15762927,36,674,6,26,36173.35,1,1,0,100762.64,0
15803456,40,641,9,20,15667.7,1,1,0,1000,1
15771857,39,513,7,48,23069.47,0,1,1,89039.9,0
15700601,34,561,1,36,9999.89,1,1,0,78829.53,0
15569670,30,627,6,28,20578.28,4,4,0,112372.96,0
15772341,81,682,6,37,48737.87,2,2,1,122029.15,0
15661548,29,683,0,19,45674.32,1,3,0,157829.12,0
15787597,31,420,1,3,7529.68,5,4,0,108377.75,0
15806913,54,670,2,10,35777.76,0,5,1,95507.12,0
15804862,43,505,6,1,2702.22,5,3,1,127146.68,0
15792986,24,580,1,30,38620.36,5,4,1,133811.78,1
15625632,36,577,3,18,36988.51,0,5,0,121092.47,0
15727703,34,773,10,35,40276.21,2,2,0,126979.75,0
15606273,37,616,5,30,34571.64,2,4,0,144235.73,1
15799652,38,763,0,21,39030.27,1,3,1,152582.2,0
15715047,43,640,9,8,37958.87,0,5,0,172478.15,1
15784687,36,592,1,30,26622.1,5,4,1,126477.42,0
15615322,43,528,7,46,49253.35,1,3,0,97473.87,0
15722072,53,630,5,41,4472.32,1,2,0,138053.67,0
15646784,31,529,2,31,39497.47,2,1,0,164003.05,0
15644692,47,546,8,7,48383.3,2,1,1,1000,1
15670354,62,753,6,8,9860.88,0,5,1,1000,0
15716357,39,772,4,39,5618.22,1,4,0,122486.11,0
15786717,36,567,1,2,33123.71,2,1,1,1000,0
15771383,45,628,6,33,41657.41,0,3,1,53667.44,0
15649793,20,658,7,48,11266.44,0,1,1,1000,0
15731543,58,679,9,28,37994.48,4,5,0,109327.65,0
15684516,34,629,1,39,12407.32,2,1,0,121151.05,0
15677249,42,731,9,24,7592.75,0,4,1,101043.63,0
15581525,33,775,3,50,33645.78,1,4,1,83501.66,0
15628420,33,660,2,23,20106.37,1,2,0,80462.24,0
15600478,39,752,3,49,44889.85,5,5,1,1000,0
15594502,37,655,6,47,46826.27,2,3,1,109093.41,0
15784361,46,543,5,30,1371.83,3,4,1,140355.6,0
15767626,42,811,10,41,1612.95,0,2,0,1000,0
15632521,45,689,0,2,36458.03,2,3,0,130170.82,0
15665088,42,531,2,12,38904.56,1,1,1,1000,0
15652084,40,515,0,28,28462.43,0,3,1,109542.29,0
15574761,41,466,3,17,31644.68,3,5,1,33563.95,1
15729515,36,782,1,13,33836.88,1,3,0,148795.17,0
15682070,64,611,9,35,15967.02,5,3,1,1000,0
15743817,40,621,8,16,47277.94,5,5,1,174126.75,1
15572158,41,604,3,34,49791.42,3,2,0,1000,0
15584477,35,655,1,43,13177.73,5,4,1,106405.03,0
15614893,38,689,2,35,48247.74,5,3,0,1000,0
15665963,30,681,2,9,39272.58,2,1,0,128393.29,0
15612524,41,643,2,20,34072.6,2,1,0,127841.52,0
15596962,24,617,4,17,27749.47,3,5,0,137295.19,0
15744942,55,638,2,43,49032.46,0,1,0,155828.22,1
15573278,39,743,6,49,3832.7,3,1,0,1000,0
15717056,25,828,7,20,11671.58,1,1,1,144351.86,0
15795881,35,776,8,44,1632.32,3,1,1,106365.29,0
15758939,35,540,7,24,49910.09,4,4,1,127801.88,0
15792250,45,616,4,40,17964.7,3,1,1,122793.96,0
15740406,38,628,10,21,9918.74,0,4,1,113525.84,1
15768137,23,667,6,9,33453.37,3,4,0,136100.69,1
15569120,30,615,7,46,30628.99,3,4,1,1000,0
15723721,30,543,4,48,13698.73,4,4,1,140916.81,0
15777122,31,553,4,5,10189.76,5,1,1,1000,0
15742681,26,554,4,47,19809.21,4,5,1,121365.39,0
15582090,36,684,4,15,43778.43,0,5,1,1000,0
15711254,35,452,7,8,979.87,2,3,0,1000,0
15775067,47,606,3,24,2160.47,0,4,1,93578.68,1
15602851,40,629,9,3,8998.42,4,4,0,1000,0
15802857,33,659,8,44,2516.76,2,4,1,115409.6,0
15701175,33,493,8,50,15135.28,0,3,0,90791.69,0
15783019,62,794,9,28,18916.74,1,4,1,123681.32,1
15728912,44,554,6,20,22941.15,2,2,0,92436.86,0
15585580,52,796,9,36,40048.47,3,5,1,167194.36,1
15583480,36,807,4,15,6808.33,3,3,1,1000,0
15620341,44,500,9,28,5256.7,0,5,0,160838.13,0
15613886,43,722,1,35,29776.35,0,3,1,1000,1
15792916,40,559,7,13,41977.47,3,4,0,144470.77,0
15710408,38,584,3,8,26198.66,1,3,1,1000,0
15598695,68,834,9,44,5260.42,4,2,1,130169.27,0
15649354,35,754,4,12,20215.49,1,2,0,1000,0
15737556,43,590,7,14,13871.18,4,3,0,81076.8,1
15671610,36,740,7,17,42332.52,3,4,1,1000,0
15625092,57,502,3,43,45306.24,5,2,0,101465.31,1
15741032,48,733,5,25,22329.07,1,5,1,1000,0
15750014,37,755,0,28,32850.46,1,5,0,113865.23,0
15784761,46,554,7,15,2433.73,3,1,0,87603.35,1
15768359,36,534,4,6,43642.18,5,3,0,120037.96,0
15805769,33,656,4,11,11844.22,5,5,1,1000,0
15719508,49,575,7,18,3386.53,0,3,1,121205.15,1
15609011,47,480,8,27,41675.83,2,5,0,75408.33,1
15703106,40,575,5,9,32125.5,1,3,0,1000,0
15626795,40,672,3,38,39769.38,3,1,1,1000,1
15773731,35,758,5,15,9356.48,4,2,0,1000,0
15756196,50,682,6,44,41393.24,5,5,0,121818.84,0
15687903,29,501,8,3,11607.74,4,1,1,1000,0
15777599,34,746,6,2,1464.98,5,5,0,141806,0
15754577,51,556,8,6,28868.7,2,3,1,61354.14,1
15584113,53,823,4,39,25254.43,2,2,0,124954.94,1
15669589,68,491,1,47,36610.15,2,4,0,95039.12,1
15632793,29,638,9,40,21371.45,3,1,0,103417.74,0
15711130,45,734,2,12,45059.01,5,4,1,1000,0
15615254,40,555,10,13,43296.78,2,5,1,43028.77,0
15720583,44,745,0,29,30324.78,5,4,1,119638.21,1
15780432,37,728,3,31,19069.36,1,3,1,122689.51,1
15673223,44,626,10,13,19514.3,1,5,0,1000,0
15807989,37,681,8,31,35294.32,2,1,1,73179.34,0
15761168,38,478,4,33,18592.91,4,5,0,171913.87,1
15651272,38,709,5,46,23313.69,3,1,1,1000,0
15812832,33,562,8,18,7838.27,1,5,0,92659.2,0
15680517,34,769,7,45,38651.38,3,3,1,137239.17,1
15750569,46,684,3,6,4331.08,2,1,0,102955.14,0
15690743,61,536,8,1,5770.49,0,2,0,65190.29,1
15627741,29,631,2,29,1090.39,5,2,0,96863.52,0
15712121,34,657,5,38,21695.42,2,1,0,154983.98,0
15805429,59,699,3,13,20579.3,4,3,0,106819.65,0
15814923,38,606,7,41,30768.28,1,1,0,128578.52,0
15589230,63,612,2,41,11690.15,5,1,1,126473.33,0
15775490,38,660,5,16,35488.29,1,5,0,110570.78,0
15749727,50,829,7,48,9627.42,4,5,0,1000,0
15619238,29,567,8,5,47897.78,5,3,0,1000,0
15593468,33,850,3,5,6968.81,2,4,0,1000,0
15718454,44,712,2,37,16772.18,0,4,0,1000,0
15789498,30,562,3,8,20243.06,0,1,0,111099.79,0
15744691,29,755,3,6,24616.7,0,1,1,1000,0
15708289,25,793,3,26,8023.02,4,3,0,100913.57,0
15790412,26,471,8,47,1299.87,5,4,1,1000,0
15741416,42,707,2,23,15060.23,0,5,1,16893.59,0
15598894,38,784,10,45,27598.55,5,2,0,122267.85,0
15663294,32,703,1,18,21839.08,1,4,1,125685.79,0
15572728,36,704,8,50,32685.45,5,1,1,127397.34,0
15706729,38,662,0,44,6172.23,5,5,1,105271.56,0
15674433,28,636,2,14,46334.18,4,4,0,115265.14,0
15641170,36,640,4,41,29268.1,5,1,1,1000,0
15806284,31,739,1,43,22662.61,5,1,0,1000,0
15690958,23,767,2,31,17597.87,1,5,1,139542.82,0
15606386,46,753,3,4,44773.23,1,4,1,111512.75,1
15682322,37,714,9,37,26926.87,2,4,0,148466.93,0
15579915,29,707,4,9,5905.41,2,2,1,1000,0
15681928,35,577,4,33,15976.5,3,5,0,108155.49,0
15734005,42,633,1,46,23840.45,4,5,0,1000,0
15650432,41,849,10,12,42813.63,1,5,0,84622.13,0
15592578,41,614,7,10,32859.63,0,2,0,146997.64,0
15671243,47,558,9,6,22166.14,2,5,1,1000,0
15775709,27,832,10,5,48016.59,5,4,0,98590.25,0
15702631,26,567,2,15,25264.41,4,4,0,1000,0
15602282,45,587,8,47,22996.22,0,2,0,134980.74,1
15717879,79,712,5,10,7017.59,0,3,0,108078.56,0
15740878,29,655,9,42,34106.87,4,1,0,1000,0
15794468,42,641,6,8,15671.27,4,4,0,1000,0
15773277,35,676,5,41,46474.87,1,1,0,106836.67,0
15572657,29,472,8,12,49687.81,1,2,0,102490.27,0
15800295,34,644,9,12,47031.74,4,1,1,112746.54,0
15672397,38,598,0,6,24001.83,3,5,0,125487.89,0
15684921,25,792,8,49,44157.83,4,3,1,142862.21,0
15720676,37,700,7,24,37750.38,2,3,1,1000,0
15731829,34,616,10,49,2211.82,2,5,1,1000,0
15732672,35,743,6,30,13031.37,3,5,0,79388.33,0
15692406,37,427,5,27,28534.71,1,1,1,1000,0
15764405,29,731,10,32,28636.59,0,2,0,1000,0
15757537,31,610,6,24,44021.28,3,4,0,107784.65,0
15793307,41,724,4,29,1111.66,4,1,1,142880.28,1
15660679,38,653,9,28,30701.67,3,4,0,149571.94,0
15666856,49,774,1,25,40583.08,0,2,0,142767.39,0
15687372,49,547,8,16,36988.39,1,4,0,121537.71,1
15667289,50,719,2,45,9339.25,4,1,1,1000,0
15624641,43,740,9,30,4697.59,0,1,1,1000,1
15734610,42,543,4,5,11707.47,5,5,0,89838.71,1
15631882,45,688,9,46,37366.49,1,3,1,103399.87,0
15642709,30,474,9,5,14555.32,4,4,1,1000,0
15811026,43,505,5,44,21843.24,1,5,1,136855.94,0
15596303,39,688,0,40,42523.72,4,1,1,1000,1
15787255,55,650,2,29,36417.15,1,5,0,140891.46,1
15617166,37,610,0,46,16703.29,3,1,0,1000,0
15742442,46,705,5,40,44281.38,2,4,1,89364.91,0
15758692,29,669,7,12,20883.59,4,1,0,146011.4,0
15568238,20,650,8,14,35561.08,3,2,1,1000,0
15730353,29,550,9,14,21158.15,5,5,1,145294.08,0
15731555,45,595,9,7,19226.28,0,1,0,106000.12,1
15582404,26,572,5,31,1812.26,4,2,0,1000,0
15721462,58,622,2,43,11651.05,4,3,0,1000,0
15632899,20,662,9,50,28692.08,0,4,1,104508.77,0
15808526,58,783,3,42,2919.09,3,5,1,127539.3,1
15694349,44,714,7,21,25865.13,3,1,1,1000,0
15718465,51,671,3,45,34573.85,0,1,1,96891.46,1
15682995,32,600,1,37,32836.24,5,1,1,78535.25,0
15584776,37,847,9,33,8770.35,4,3,1,112712.17,0
15777772,55,650,9,23,9890.75,0,5,1,119618.42,0
15576156,28,710,6,27,30371.99,3,3,1,1000,0
15646756,33,682,8,18,9548.26,0,3,1,74963.5,0
15742886,26,642,1,39,45159.84,5,5,1,138023.79,0
15586135,28,536,4,31,8664.91,4,2,0,1000,0
15616152,47,754,1,37,4955.69,1,5,1,185513.67,0
15721460,60,678,8,14,44431.54,1,1,0,185648.56,1
15727317,49,533,1,20,35754.68,4,2,1,102286.6,1
15649536,38,741,4,41,16807.51,2,4,1,128015.83,0
15754929,31,757,10,3,17619.81,1,1,1,39539.39,0
15572051,40,721,3,15,8962.7,3,3,0,1000,0
15668142,37,700,3,21,34009.81,4,1,1,77608.46,0
15701176,26,663,5,22,727.77,4,5,0,141462.13,0
15708422,35,677,0,4,22724,1,2,0,1000,0
15655632,27,655,2,42,6792.23,3,5,1,131691.33,0
15744606,29,832,8,11,35632.67,1,3,0,93833.86,0
15612140,46,721,7,45,33339.92,3,3,1,137933.39,0
15656086,54,542,8,28,32720.48,0,4,1,105770.14,1
15655298,54,654,5,28,47946.88,5,1,1,1000,0
15644796,38,821,8,11,13004.05,1,3,0,1000,1
15726250,38,508,3,44,19477.37,1,3,0,166328.65,0
15764432,42,588,2,13,22686.96,0,4,1,164307.77,0
15631721,38,691,9,30,15809.97,2,2,1,163965.69,0
15707479,40,664,7,43,42763.92,1,2,0,125608.72,0
15579826,66,439,9,25,25717.12,3,4,1,1000,0
15668104,37,479,6,29,43489.03,4,5,0,118433.94,0
15641604,55,850,10,10,38248.1,2,1,0,98488.08,1
15587240,40,518,4,33,43992.13,5,4,1,1000,0
15680767,64,717,10,6,8719.16,1,5,1,98362.35,0
15601594,51,698,6,10,12502.93,5,3,0,144237.91,1
15589969,34,850,6,8,29811.94,3,4,0,1000,0
15703728,47,700,4,37,43714.94,3,5,1,1000,1
15617790,29,626,4,22,32264.46,2,5,0,105767.28,0
15662500,32,774,9,30,5636.83,3,1,1,1000,0
15778526,48,719,5,17,44570.76,2,3,1,1000,0
15670584,31,646,2,33,19357.14,0,5,0,1000,1
15748069,25,485,3,34,44738.46,4,2,1,134467.26,0
15680597,38,784,1,1,6566.09,0,5,0,138515.02,0
15628992,32,850,2,10,22099.19,0,2,0,128647.98,0
15719624,38,669,9,28,25711.59,1,1,0,121858.98,0
15812767,70,731,3,44,21834.26,0,4,0,1000,0
15689201,49,721,1,23,9626.12,0,3,0,120108.56,0
15614716,37,515,0,20,15719.01,3,5,0,196853.62,0
15683618,35,774,3,28,3811.67,1,3,0,121418.62,0
15799631,36,585,10,39,41339.31,1,2,0,1000,0
15692259,29,695,9,5,11184.2,4,3,1,1000,0
15590966,42,729,4,49,11334.52,1,3,0,97495.8,0
15656426,42,713,3,17,17872.99,5,1,1,1000,0
15675256,33,555,5,12,13075.48,2,5,0,127343.4,0
15751185,50,699,0,16,40185.72,0,1,0,158633.61,0
15789582,55,587,9,11,16886.16,3,3,0,1000,0
15651103,69,762,9,12,19068.31,2,2,0,183744.98,0
15672299,44,510,6,27,21588.83,5,3,1,1000,0
15772250,46,842,9,11,47688.99,4,5,1,1000,0
15763922,31,608,7,13,13023.57,3,1,1,79962.92,0
15633870,36,850,10,32,40329.06,0,4,0,1000,0
15624323,36,642,4,5,46006.2,0,1,0,1000,0
15688612,33,850,7,32,12698.63,3,3,1,140956.99,0
15694644,43,455,6,36,16007.04,5,2,1,1000,0
15587174,29,726,7,30,8809.91,2,3,0,1000,1
15579559,30,544,8,3,21034.73,4,4,0,145241.63,0
15775430,31,651,7,23,5056.36,1,5,1,138008.06,0
15623695,31,814,4,24,24476.84,2,1,1,1000,0
15760849,39,537,2,46,25879.86,5,4,0,1000,0
15813095,37,553,2,24,42780,1,5,0,1000,0
15705281,38,800,9,13,17640.03,4,2,1,1000,0
15812594,34,791,7,43,177.23,1,4,1,1000,0
15626322,29,699,9,27,14473.77,0,5,0,127570.93,0
15723105,28,756,6,39,40131.74,4,3,0,1000,0
15588449,27,591,5,6,17895.64,2,2,1,107812.67,1
15794849,22,850,7,48,29843.2,5,4,1,91560.58,0
15620000,34,760,6,9,13365.03,5,1,1,121303.77,0
15799720,43,569,8,29,18785.8,3,3,1,161546.68,0
15711287,35,661,5,17,93.67,4,5,0,128415.45,0
15613102,31,670,2,39,410.7,3,3,0,57530.06,1
15621440,38,694,1,35,43885.3,0,5,1,1000,0
15677146,28,728,4,10,38491.12,1,2,0,142243.54,0
15801169,39,764,9,35,32424.52,3,3,1,138341.51,1
15722425,32,639,9,3,40972.21,0,4,0,1000,0
15682421,30,683,2,19,17048.16,0,2,1,1000,1
15691910,30,663,4,11,42252.5,0,1,1,1000,0
15721779,41,826,5,19,30357.89,1,2,1,146466.46,0
15579548,36,735,5,24,4997.54,0,1,0,1000,0
15681075,58,682,1,6,4777.5,1,3,0,1000,0
15607884,39,663,8,15,42110.64,1,5,1,1000,0
15767757,29,562,9,4,27273.06,1,4,0,120307.58,0
15791550,27,696,4,6,14595.67,2,1,0,87637.26,0
15658589,38,850,2,15,44438.55,3,5,1,94652.04,0
15670822,22,719,7,8,19886.83,5,1,1,114415.84,0
15629744,71,804,8,40,9614.49,3,5,0,1000,0
15660768,40,604,1,12,4490.1,1,4,1,84315.02,0
15726310,27,782,3,46,43757.35,0,5,1,1000,0
15641298,42,512,9,16,12573.4,2,2,0,93955.83,0
15625675,36,569,1,4,780.25,0,4,0,67087.69,0
15713354,22,597,6,24,13018.12,1,5,1,101528.61,1
15633866,30,753,1,45,27019.65,5,5,0,110824.52,0
15704231,33,430,8,7,42101.2,0,3,1,1000,0
15735400,28,756,8,25,38337.99,0,4,1,179960.2,0
15632826,38,493,3,32,36360.25,3,2,1,134006.77,0
15751022,37,777,10,20,23455,0,5,0,121532.17,0
15664737,38,779,7,4,12959.06,4,5,0,1000,0
15681126,38,702,2,11,36769.56,0,2,1,1000,0
15738954,35,551,7,50,6412.77,3,1,1,129717.3,0
15662263,22,749,4,22,22970.05,3,4,1,94762.16,0
15621611,55,742,5,21,10955.4,5,5,1,155196.17,1
15783752,29,752,4,39,2856.3,5,5,0,129514.99,0
15709474,57,740,3,36,40992.39,5,4,1,113386.36,1
15701280,24,576,3,2,2841.3,3,5,0,1000,1
15671104,43,637,3,12,26835.46,1,1,0,172196.23,0
15796434,28,724,5,10,48524.74,0,2,0,97612.12,0
15781505,20,685,4,36,23469.69,0,1,0,104719.94,0
15625819,38,625,7,29,36357.02,3,4,1,1000,0
15753174,37,571,9,38,41462.62,1,1,1,139592.98,1
15654067,29,584,4,14,30426.71,3,3,1,1000,0
15724719,22,550,7,20,9935.33,0,3,0,139096.85,0
15624695,72,662,7,15,17454.5,3,1,0,140301.72,0
15718216,43,803,3,31,12788.35,0,5,0,1000,0
15586300,66,615,7,20,46898.74,3,4,1,1000,0
15783349,39,481,1,31,28431.15,1,5,1,111233.09,0
15725767,23,701,3,17,29984.98,3,3,1,1000,0
15791925,29,751,10,23,19287.47,5,3,1,147737.63,0
15793585,35,675,8,13,9078.31,5,1,1,1000,0
15576641,40,733,5,23,28775.54,0,3,1,125725.02,0
15749519,38,822,6,50,28997.44,1,2,0,128289.7,1
15684960,46,559,5,9,39422.16,3,2,0,1000,1
15591286,49,731,4,15,35913.88,3,4,0,88826.07,1
15668323,41,678,1,25,30068.32,5,1,0,143443.61,1
15608528,68,645,9,32,47229.35,1,1,0,1000,1
15645184,29,701,2,20,12849.23,1,2,0,1000,0
15702566,26,554,8,30,23901.28,3,2,0,149134.46,0
15660840,30,723,3,49,9670.27,0,2,0,124119.54,0
15750811,44,766,3,44,45847.92,2,1,0,116822.7,0
15733842,24,597,1,28,38153.29,5,2,1,103219.47,0
15581526,41,574,1,16,46453.64,5,4,0,1000,0
15662751,40,655,0,36,30089.97,5,5,0,81954.6,1
15684319,37,780,10,31,28769.86,1,2,0,95196.26,1
15702190,43,672,5,8,24521.37,3,2,0,1000,0
15588517,38,717,7,17,10439.67,3,2,1,1000,0
15801863,32,521,2,3,49791.17,0,3,1,136555.01,0
15584271,59,633,5,32,34837.91,4,4,0,1000,0
15700366,39,669,3,5,36247.39,0,5,1,119452.03,0
15804038,44,740,9,17,3923.19,5,5,0,1000,1
15720820,24,462,9,32,34426.84,0,3,1,69881.09,0
15743759,39,619,5,15,42689.95,5,3,1,1000,0
15749947,44,665,7,11,10474.92,2,1,0,1000,0
15670496,27,655,9,21,29854.79,3,2,1,1000,0
15746664,20,463,8,11,38038.81,1,1,0,204223.03,0
15745533,63,799,1,18,6754.01,3,4,1,110314.21,1
15761497,48,713,1,44,41424.97,1,3,0,163760.82,1
15628600,31,807,1,37,16996.19,0,2,1,141069.18,0
15627002,38,728,1,14,39022.69,0,5,0,115934.74,0
15614635,52,582,2,29,5534.8,0,3,1,151457.88,0
15731281,35,704,3,37,7163.55,0,3,0,154206.07,0
15814022,26,714,9,27,10350.02,3,4,0,89928.99,0
15659194,30,628,8,18,36114.36,0,5,0,89182.09,0
15745030,41,809,1,20,46846.09,2,5,0,79706.25,0
15691817,44,547,5,24,17559.24,0,5,1,1000,1
15707488,27,560,5,29,33964.62,4,4,1,1000,0
15784700,31,811,7,9,33387.14,0,1,1,117799.28,0
15710397,26,584,4,3,28485.81,3,4,1,1000,0
15687648,28,691,1,13,36319.04,3,1,0,1000,0
15732281,34,680,6,14,38293.16,3,3,0,146422.22,1
15607230,33,588,9,41,23840.5,4,1,0,150186.22,0
15567630,40,721,6,24,34731.65,1,5,1,100275.88,1
15587507,47,850,6,46,3570.88,4,4,1,1000,1
15733904,32,529,9,38,49446.68,5,3,1,147493.89,0
15709511,43,622,8,18,49339.7,3,2,1,1000,0
15579616,42,683,8,17,36522.5,1,1,1,1000,0
15694852,29,575,4,23,40426.28,3,4,0,121823.4,0
15589924,40,577,1,15,34289.95,4,1,1,1000,0
15799300,31,510,0,42,48575.67,2,2,1,113688.63,1
15731330,40,652,7,10,43137.61,0,4,0,100471.34,0
15694129,28,569,3,3,5825.51,3,4,1,100032.52,1
15620372,31,687,3,30,45312.21,0,2,0,1000,0
15744622,32,822,8,6,26850.28,0,3,0,116358,0
15799815,23,656,4,3,15279.45,4,4,0,163549.63,0
15759250,51,745,3,41,27622.09,0,4,1,99183.9,0
15732643,53,386,1,14,3052.16,1,4,0,131955.07,1
15690540,41,684,1,17,19179.88,2,2,0,134177.06,0
15803078,38,635,1,35,1571.75,2,4,1,1000,0
15652180,30,582,2,26,41097.8,0,2,0,1000,0
15741195,19,613,5,22,34006.39,5,4,0,1000,0
15743490,56,795,9,24,14277.73,3,5,0,94348.94,1
15575510,32,659,2,50,49075.16,1,1,1,155584.21,0
15732610,28,745,6,48,26232.39,5,5,0,1000,0
15602909,41,604,10,44,37714.07,0,1,1,1000,0
15734058,32,509,9,23,5734.76,1,2,1,170661.47,0
15801788,29,706,6,33,46936.06,5,2,1,185544.36,0
15702462,44,619,6,17,41201.87,1,4,0,52831.13,1
15683416,51,572,8,40,46892.21,0,4,0,97750.07,1
15794187,36,695,6,34,24804.24,3,3,0,114007.5,0
15792989,71,543,1,24,36501.23,3,5,1,104308.77,0
15613734,33,640,6,9,41255.88,5,4,1,84719.13,0
15606177,39,672,2,31,7308.9,5,1,0,1000,0
15636700,39,701,9,27,28628.15,5,3,0,140236.98,0
15645766,25,634,9,31,28626.39,2,3,0,1000,0
15671345,42,531,6,13,29182.44,4,5,0,75302.85,0
15652469,27,699,1,13,16732.5,2,2,0,1000,0
15749638,51,605,9,30,17872.39,4,1,1,104760.82,1
15728706,49,534,7,39,305.19,5,2,0,1000,1
15735439,31,449,1,12,35352.52,2,2,1,113693,0
15778696,36,684,5,15,32001.1,4,2,0,174180.39,0
15624744,42,622,9,24,41428.94,5,1,1,115766.26,1
15584338,40,714,0,17,41057.06,0,2,0,1000,0
15726178,48,712,8,21,3236.71,2,2,1,1000,0
15794939,72,783,5,6,27818.35,0,1,1,121215.9,0
15788068,45,743,10,45,14749.32,1,3,1,144677.19,1
15572956,36,683,5,20,2529.49,0,5,0,115350.63,0
15780386,40,654,5,47,25195.41,2,1,0,105683.63,0
15791114,37,700,1,49,41082.88,2,2,1,135179.49,0
15708046,31,744,0,39,42097.18,5,4,0,117551.23,0
15719779,25,645,1,41,4249.02,4,5,1,157404.02,0
15591550,36,525,3,32,12030.7,1,3,0,77910.23,0
15639368,25,732,0,14,38786.7,2,5,0,110942.9,0
15699830,40,721,7,5,28644.09,5,1,1,1000,0
15569264,32,622,5,4,48298.16,2,1,0,179305.09,0
15595158,31,654,5,14,19344.51,2,5,1,150593.59,0
15599126,43,529,0,14,3549.35,0,3,0,123815.86,1
15650575,59,720,6,47,31587.36,0,4,1,1000,1
15641490,25,850,8,32,44048.21,5,2,1,69385.17,0
15680234,27,667,2,21,4549.09,3,5,1,138032.15,0
15592230,41,620,3,39,42177.04,4,3,1,1000,0
15626212,29,616,9,6,45937.48,4,2,1,1000,0
15700627,46,637,2,40,18638.06,4,5,0,143500.82,1
15782641,29,710,3,41,16678.88,1,1,1,119670.18,0
15784445,33,717,1,34,37912.98,1,5,0,99106.73,0
15813681,24,786,2,41,15084.18,5,2,1,120135.55,0
15596649,39,651,8,42,11075.08,3,5,0,1000,0
15700460,55,530,4,1,18206.81,3,3,0,120905.03,1
15724076,57,815,5,33,12600.86,5,1,1,1000,1
15784000,34,715,9,39,36134.15,0,5,0,102277.52,1
15733966,55,496,4,29,20613.1,5,5,0,125292.53,1
15612667,42,680,0,33,17672.25,3,5,1,1000,0
15654025,51,646,4,21,5393.48,5,5,0,101629.3,0
15589431,47,807,1,8,24159.47,5,4,1,171937.27,0
15578238,47,727,7,3,34480.12,5,3,0,1000,0
15566269,25,787,5,26,332.08,1,5,1,1000,0
15639217,34,806,6,50,40773.21,3,3,1,1000,0
15688644,31,603,1,18,11891.98,0,2,0,129743.75,0
15662426,32,649,1,10,11230.47,4,4,0,1000,1
15720511,41,547,3,8,45446.99,4,1,0,151191.31,1
15567246,32,684,3,46,16932.44,2,1,1,102630.13,0
15647965,57,477,9,43,39842.1,1,5,1,114023.64,1
15679048,41,558,2,13,29371.2,2,1,1,124227.14,0
15675749,23,695,1,18,39548.63,3,3,0,1000,0
15782181,35,592,6,23,43499.87,1,2,0,80285.16,1
15795738,31,789,4,7,12141.75,1,1,1,175477.15,0
15773751,29,597,1,1,29022.97,0,3,0,132144.35,0
15655436,47,839,2,48,35234.69,2,2,0,136911.07,1
15691396,31,405,5,2,11053.87,2,4,1,133299.67,0
15796958,39,658,7,33,2008.21,4,3,1,1000,0
15801832,42,684,1,28,28337.98,4,3,1,117691,1
15661349,35,633,10,40,49064.13,0,3,0,1000,0
15719265,46,589,9,29,5430.23,5,4,0,1000,0
15779985,37,750,1,44,28367.25,0,2,1,133199.71,0
15663410,51,771,5,39,6797.84,0,5,1,135506.58,1
15704144,33,812,2,4,28404.73,3,3,0,127154.14,0
15774104,39,539,2,19,24961.41,3,4,1,1000,0
15812230,42,670,5,39,43887.23,1,1,0,49508.79,0
15742848,41,673,5,39,10164.91,4,3,0,1000,0
15745326,62,538,3,31,2983.65,2,1,0,75051.49,1
15674541,52,575,8,40,8240.07,5,2,1,123925.23,1
15728564,41,682,6,18,13998.71,4,5,0,1000,1
15580701,33,712,3,10,15163.4,1,3,1,153819.58,1
15688973,39,598,5,44,38590.6,3,1,1,1000,0
15709412,30,776,6,40,9357.05,5,1,1,1000,0
15607753,23,606,10,43,33351.02,0,4,1,70417.79,0
15705352,38,686,7,27,10228.88,4,2,1,111484.88,0
15602500,38,850,1,3,44854,4,1,0,146343.98,0
15672437,72,642,1,22,8834.99,2,2,0,160541,0
15720968,27,606,2,50,24630.04,3,5,1,130274.26,0
15730796,21,627,7,2,7714.8,5,1,1,98993.02,0
15768219,36,850,0,15,16672.39,0,1,1,1000,0
15663883,32,850,9,16,42208.77,1,2,0,141827.33,0
15589296,40,724,6,10,28234.13,5,5,0,110054.45,0
15586425,28,579,4,20,12735.45,3,1,0,1000,0
15679813,28,727,1,9,44605.26,0,4,1,1000,0
15681410,36,813,6,1,49636.79,3,1,0,98088.09,1
15668283,48,642,9,36,10894.87,1,3,1,118317.27,1
15624072,22,669,10,40,11823.2,4,5,0,1000,0
15669664,54,574,1,49,23030.11,0,1,1,99774.5,1
15682728,32,774,4,33,32644.93,0,3,0,1000,0
15573851,38,735,1,35,30735.6,5,4,1,1000,1
15733661,27,639,8,31,31274.47,4,2,1,133806.54,0
15710012,44,738,2,23,48707.46,0,4,0,1000,1
15763327,32,835,8,18,2775.39,5,1,0,124993.29,0
15668853,44,637,0,31,11666.76,4,5,0,157622.58,0
15639303,48,589,5,25,21398.76,0,2,1,126111.61,0
15691011,42,591,9,12,49879.34,0,3,1,161651.37,0
15638513,40,723,7,50,42108.03,2,3,1,142856.95,0
15648933,44,831,3,42,27281.93,0,4,0,111100.98,1
15628904,35,733,8,38,31440.1,1,4,1,102918.38,0
15644788,30,731,5,39,37981.33,1,1,0,1000,0
15598161,47,654,10,31,41547.95,2,5,0,1000,0
15745624,37,828,4,13,25732.36,4,1,0,1000,0
15733169,22,590,7,12,30205.43,4,5,0,125265.61,0
15801417,37,657,4,34,32021.76,2,1,0,82500.28,0
15592707,64,531,2,37,44727.8,4,1,1,175754.87,0
15593954,47,516,6,38,11076.03,4,1,1,109387.33,0
15714431,37,561,1,30,32094.64,5,5,1,100443.36,0
15638257,54,682,0,30,32319.07,4,3,1,83102.72,0
15690939,28,575,7,12,47264.17,3,3,0,1000,0
15723613,28,623,4,15,6916.01,2,4,0,1000,0
15813640,40,642,7,39,35437.98,5,2,1,1000,0
15707322,48,779,2,13,2832.57,4,5,1,115290.27,1
15588918,42,671,6,32,47368.47,1,2,1,1000,0
15600357,40,495,1,12,47828.88,5,4,1,140197.71,0
15747014,28,850,1,23,37844.91,1,3,1,105245.34,0
15809830,50,630,8,27,41361.34,1,4,0,1000,0
15662245,32,588,1,10,41559.33,4,5,1,1000,0
15651075,35,562,3,9,27175.31,0,3,1,142296.13,0
15594456,56,740,4,39,40676.54,1,4,0,99097.33,1
15583462,28,695,5,38,27995.49,5,5,1,171069.39,0
15757661,39,589,7,32,9975.11,5,5,0,1000,0
15729117,31,607,1,18,538.83,4,4,0,102523.88,0
15749671,35,794,6,29,21140.46,0,1,0,1000,0
15566253,44,580,9,20,14689.42,4,5,1,143391.07,1
15595153,44,644,8,1,4823.12,1,4,1,106022.73,0
15698572,36,636,1,44,47958.76,0,2,0,1000,0
15674149,36,599,3,7,46346.05,2,3,0,128960.21,0
15623082,35,507,2,22,5873.58,2,3,1,1000,0
15797905,48,682,7,6,21305.19,0,3,1,1000,0
15746028,24,714,7,40,39203.22,5,2,0,1000,0
15582951,25,696,8,50,9408.89,1,1,1,126442.59,0
15616471,51,599,0,48,22837.33,4,1,0,1000,0
15641575,37,577,2,14,30933.22,1,2,0,127261.35,0
15638803,32,733,5,40,18089.9,4,3,0,1000,0
15808283,33,647,4,26,39066.66,0,5,0,1000,0
15811200,34,831,2,41,34776.1,0,5,1,1000,0
15733476,30,543,6,21,48766.91,0,2,1,73481.05,0
15633274,34,679,7,2,47592.03,0,4,1,160515.37,0
15582168,61,713,4,48,42915.4,5,3,0,149525.34,0
15807269,43,690,2,33,27910.8,5,2,1,166522.78,1
15602979,29,751,1,44,29045.65,5,4,1,135536.5,0
15660417,43,613,10,4,43027.87,2,2,1,120481.69,1
15590199,28,701,1,17,15620.42,5,2,0,103421.32,0
15641794,33,698,5,7,23354.18,1,1,1,135658.73,0
15779174,36,451,2,36,41367.42,4,1,0,1000,0
15785547,28,665,8,34,25268.64,1,3,1,191402.82,0
15795124,50,726,9,20,9871.64,0,1,0,94504.35,0
15718912,44,608,5,11,41879.01,1,4,1,126147.84,1
15592028,46,549,7,15,2997.66,4,3,1,1000,0
15580227,33,803,6,41,37370.33,0,2,0,1000,0
15657830,43,663,4,32,38288.26,4,2,0,87624.03,0
15798256,45,558,1,39,8209.86,4,2,1,153697.53,1
15643819,25,714,4,24,4942.76,1,4,1,1000,0
15754301,39,704,5,46,44256.26,0,3,1,1000,0
15726855,45,805,9,26,18974.24,0,3,1,116585.97,1
15755225,34,659,9,3,25400.8,0,1,1,134464.58,0
15725221,62,738,10,40,21122.26,5,4,1,83008.31,0
15789055,35,635,2,30,44725.47,1,1,0,113635.16,0
15617507,36,530,7,12,40759.6,0,5,1,1000,0
15668894,41,661,5,19,39270.85,5,1,0,122552.48,0
15589563,31,531,2,1,4007.07,2,2,0,118899.45,0
15693162,29,694,5,47,16829.12,2,4,1,99713.87,0
15750099,36,731,6,4,10040.45,1,5,0,1000,0
15795540,36,556,2,16,28623.8,5,5,0,134208.22,0
15794941,41,647,1,46,3151.78,4,5,0,85906.65,0
15611848,32,850,3,14,17018.76,1,2,1,137714.25,0
15581237,33,573,1,17,35610.76,2,3,1,160777.9,0
15738150,45,591,5,48,4520.44,0,2,0,1000,0
15678571,21,723,4,21,11215.84,2,2,1,1000,0
15736124,25,617,1,47,43494.97,4,4,0,102585.88,0
15623202,39,704,10,46,41916.94,4,4,1,102556.18,1
15804201,42,457,4,32,6437.53,1,2,0,126772.57,0
15596863,38,787,3,26,25118.58,2,5,1,158373.23,0
15696277,34,651,9,3,7256.28,0,4,0,1000,0
15748608,42,612,5,49,8128.63,5,1,0,141927.1,0
15723864,47,828,1,36,30431.54,3,4,0,109876.82,1
15802390,34,724,2,18,18835.72,5,1,1,1000,0
15774336,44,648,9,34,25934.88,5,4,0,111369.79,0
15648766,35,569,3,11,16960.87,0,4,1,116969.35,0
15659094,34,765,8,19,47425.63,2,4,1,136729.51,0
15606397,44,577,1,7,9346.04,0,4,1,152086.15,1
15642619,46,603,2,33,7925.92,4,5,1,1000,0
15666032,28,568,1,45,26970.81,1,4,1,127289.28,0
15595842,45,748,2,35,42311.29,2,4,1,119852.01,1
15753837,38,573,4,21,42882.33,0,5,0,1000,0
15783882,41,771,5,11,2894.83,3,4,0,1000,0
15799790,35,763,9,27,32865.42,4,2,0,1000,0
15628155,35,410,7,43,4307.93,1,5,0,117183.74,0
15703778,33,728,8,37,42997.1,4,3,0,129907.63,0
15722322,78,655,2,39,547.44,5,2,0,1000,0
15639278,36,580,6,9,20503.79,4,5,1,145387.32,1
15568487,35,712,7,7,16871.64,3,3,1,124616.23,0
15682084,31,680,9,11,38666.44,1,4,0,1000,0
15642821,48,383,8,30,40579.59,5,4,0,95808.19,1
15601387,35,721,10,14,23235.13,1,3,0,1000,0
15642515,42,620,1,27,11763.34,1,5,0,1000,0
15710421,36,774,8,11,36796.73,1,1,1,117152.3,0
15726774,35,563,3,11,29761.65,5,3,1,106250.72,0
15649078,27,850,8,50,9727.88,4,5,0,111837.78,0
15641877,47,681,9,16,14469.06,1,2,1,97023.21,0
15796496,31,631,8,50,7580.46,1,1,0,137687.72,0
15815690,40,614,3,20,32771.11,4,1,0,113348.5,0
15631739,24,704,10,1,41915.54,3,2,1,122109.78,0
15625584,32,786,2,7,34804.26,2,1,0,120452.4,0
15802466,53,534,7,46,25229.56,4,1,0,1000,0
15697028,34,590,0,17,1990,1,2,1,65812.35,0
15575759,40,583,3,30,5807.28,2,2,1,54428.37,1
15567442,75,656,3,16,11402.56,3,5,1,1000,0
15746805,33,597,9,27,20484.6,0,1,0,1000,0
15636330,48,588,1,49,38547.04,4,5,0,143279.58,1
15714970,32,667,0,40,7640.69,5,3,0,103846.65,0
15653784,37,627,2,45,40752.41,3,4,1,125190.86,0
15693543,33,708,8,50,5378.95,1,1,1,1000,0
15773283,65,641,6,49,13948.55,2,5,1,38340.02,1
15742534,28,527,2,30,35839.8,4,1,0,123802.98,0
15569878,37,592,3,29,12865.32,0,4,1,96651.03,0
15729454,33,465,8,45,19245.03,1,3,0,1000,0
15578375,39,628,6,14,29656.6,1,2,1,1000,0
15785559,43,678,1,17,31888.35,4,5,1,133237.21,1
15649414,61,570,6,24,14913.43,4,4,0,142105.35,0
15701605,37,815,1,1,20936.13,3,1,1,166115.42,0
15686696,37,817,6,48,17460.31,4,5,1,81070.34,0
15625586,35,717,4,12,40937.62,3,3,1,1000,0
15654975,53,641,0,33,11623.94,2,5,1,123835.52,0
15782993,51,624,10,25,25335.86,4,1,0,123401.43,0
15774382,49,579,4,44,6612.37,0,5,1,169377.31,0
15689602,38,698,2,29,28605.61,3,2,1,130015.24,0
15756155,32,645,4,44,27045.29,5,4,0,1000,0
15812647,34,691,8,35,4304.11,4,5,1,133936.04,0
15736043,34,638,6,48,6388.71,4,5,0,114543.27,0
15696744,31,705,3,20,47376.04,3,5,1,119794.67,0
15602572,33,720,9,23,20309.5,4,5,1,1000,0
15674765,44,553,4,25,48976.66,0,5,1,1000,0
15678725,29,658,8,19,41211.44,0,2,1,1000,0
15694444,32,648,8,17,24883.93,5,5,0,157138.99,1
15795878,45,636,3,10,46035.43,3,4,1,1000,0
15735346,41,527,10,40,48544.08,4,2,1,136733.24,0
15687094,28,717,9,7,32696.3,3,4,0,82498.14,0
15790067,39,614,3,27,5950.39,5,4,1,151914.93,0
15605742,43,737,0,30,45900.65,5,1,1,80090.93,1
15566740,51,587,3,39,28345.83,5,4,1,83739.32,0
15664897,35,682,2,18,21717.43,2,5,0,181166.44,1
15585777,38,710,3,8,1508.03,0,4,1,130588.82,0
15650864,42,507,6,49,12908.64,4,2,1,1000,0
15806709,33,609,6,16,30436.4,1,3,0,94126.67,0
15633818,32,786,9,29,37601.52,4,4,1,1000,0
15713845,38,688,7,30,3437.03,1,2,0,148045.68,1
15639662,38,710,2,39,14946.79,5,5,0,1000,0
15567013,33,779,3,15,36312.72,5,3,1,1000,0
15777784,44,733,6,37,24713.13,0,1,0,168165.84,0
15800251,26,583,10,12,15987.58,4,5,0,72835.56,0
15651315,41,627,3,25,9236.46,1,4,0,1000,0
15651450,31,666,3,50,33510.98,1,2,1,123212.08,0
15784218,38,620,0,3,4160.91,0,5,1,1000,0
15572398,39,614,6,47,32784.45,2,5,1,1000,0
15707962,40,606,6,20,38306.98,2,2,1,119501.88,0
15705663,39,700,5,45,7501.83,2,3,1,144550.83,0
15645355,34,677,3,6,12480.33,5,2,1,126729.41,1
15729557,36,850,5,29,44949.39,1,1,1,119984.07,1
15631436,35,564,4,31,47223.06,5,3,0,1000,0
15583073,56,771,2,43,694.67,4,4,1,1000,1
15614361,42,620,9,27,21289.59,3,2,1,121490.05,0
15724684,46,610,5,3,20481.93,3,5,0,91897.8,0
15700083,39,609,2,49,12106.4,1,4,1,139443.75,0
15636541,35,683,5,2,31034.45,3,4,0,144961.97,0
15796015,42,633,3,25,31333.95,1,3,0,126041.02,0
15787222,28,676,1,23,36319.26,4,4,1,69459.05,0
15594270,38,693,7,27,15836.75,1,3,1,198338.77,0
15701524,36,709,0,4,28745.53,1,4,0,1000,0
15645847,35,569,2,21,35626.24,2,2,0,109196.66,1
15708867,38,684,3,30,17937.99,2,1,1,134168.5,1
15613140,34,565,6,19,46258.26,0,1,0,1000,0
15628893,29,681,8,17,4515.15,0,3,0,1000,0
15764073,36,503,9,5,9814.08,3,1,1,1000,0
15782879,40,656,2,12,25846.94,0,2,1,1000,0
15635964,65,566,4,18,42967.49,0,5,0,120100.41,1
15726087,62,592,5,40,15641.17,3,5,0,1000,0
15726313,50,687,5,38,43709.09,5,5,0,1000,0
15578073,22,686,8,25,31589.72,4,1,0,1000,0
15786249,30,616,2,42,30044.24,4,4,1,1000,0
15812850,67,494,5,27,43322.3,1,2,1,1000,0
15596972,38,534,3,32,18376.84,2,4,1,1000,0
15620579,31,695,8,30,40708.66,4,1,1,1000,0
15768270,31,579,9,27,12853.17,5,2,0,1000,0
15656597,38,432,2,11,20951.94,0,4,0,135559.8,0
15699446,25,816,2,35,15617.55,4,5,0,150355.35,0
15615004,37,730,1,44,20780.83,0,2,0,1000,0
15704771,35,593,6,34,40407.8,2,3,1,133489.12,0
15588372,37,715,9,25,48024.59,2,1,1,105489.31,1
15681439,25,775,10,15,15819.12,0,5,0,60205.2,0
15607509,38,539,5,46,42120.93,1,4,1,1000,0
15670343,19,576,6,42,3787.91,0,3,0,1000,0
15597968,50,617,7,33,13339.6,3,3,1,1000,1
15658432,40,688,6,50,2230.94,3,1,0,1000,0
15616431,33,608,4,5,47045.15,4,3,1,1000,0
15796957,35,597,9,50,13203.7,2,2,1,1000,1
15815552,42,670,6,50,14263.93,0,5,1,112333.63,0
15631871,57,616,7,37,17218.06,0,2,0,116936.81,0
15635870,50,579,5,5,33004.7,2,5,1,117721.02,1
15596713,37,786,7,28,8992.98,0,5,0,165896.22,0
15684211,44,704,9,42,12159.66,0,2,1,153656.85,0
15760521,50,796,1,26,28334.65,4,2,1,94164,0
15608408,39,598,1,26,47769.93,3,5,0,1000,0
15804721,49,602,0,9,2597.87,5,4,0,191808.73,0
15730272,58,619,5,1,45630.37,3,5,1,152199.33,0
15741988,52,492,8,28,4429.88,0,5,1,125396.24,1
15771728,41,641,7,2,46791.3,0,1,1,104405.54,0
15605113,27,518,1,15,46163.9,0,4,0,133801.49,0
15661945,40,623,4,44,22253.28,4,4,1,1000,0
15783816,28,733,5,44,16420.99,5,3,1,1000,0
15721207,42,625,6,23,32800.31,4,4,1,100047.33,0
15764072,31,759,1,15,43488.23,2,2,0,109848.6,0
15689412,32,604,7,30,6136.8,1,5,0,127849.38,0
15798385,46,512,3,29,26995.61,1,1,1,1000,0
15775339,29,520,8,46,8006.38,1,2,0,95947.76,0
15585256,26,805,2,32,42794.14,2,2,1,1000,0
15797329,43,626,4,16,21385.05,5,3,0,137638.69,1
15780220,38,656,10,46,2573.22,5,4,1,1000,0
15648951,41,785,7,14,34772.6,0,5,0,1000,0
15752409,31,553,6,2,46955.71,5,1,1,1000,0
15807524,44,569,4,23,36453.6,2,3,1,1000,0
15766649,38,670,10,35,1088.26,1,5,0,89416.99,0
15696812,42,586,6,50,20915.19,0,5,0,1000,0
15581295,45,617,1,24,322.83,4,5,0,1000,0
15663234,60,508,7,7,38311.25,3,3,1,143262.04,0
15741417,35,624,7,21,41871.17,2,1,1,119656.45,0
15695174,29,654,4,7,34696.09,1,4,1,132954.64,0
15665168,44,681,3,13,15078.48,1,3,0,105206.7,0
15601503,28,578,4,48,34185.41,2,5,0,1000,0
15706131,37,621,9,37,35995.33,4,3,0,83061.26,0
15782758,40,632,5,41,10973.26,0,5,0,147650.68,0
15591091,44,644,5,26,40912.3,0,4,1,73348.56,1
15715877,28,821,2,27,2665.17,3,1,0,1000,0
15756918,38,754,2,49,11774.48,5,4,0,1000,0
15746662,27,568,1,20,31834.95,1,3,0,116320.68,0
15626679,33,584,3,19,21247.48,4,3,1,1000,0
15793343,29,549,8,32,33271.54,1,2,0,1000,0
15576774,38,729,7,39,5068.8,2,5,0,1000,0
15801316,61,523,8,48,15173.89,4,3,0,66250.71,0
15800514,24,477,2,41,45379.45,2,1,1,95675.62,1
15662232,42,675,2,5,757.34,3,1,1,92616.64,0
15737778,41,782,4,17,35439.25,3,5,1,1000,0
15782096,36,616,6,36,20247.08,4,1,1,1000,1
15783522,37,738,8,4,47020.38,4,2,0,100565.94,0
15785373,42,717,5,46,41626.49,3,4,1,190305.78,1
15756272,35,526,9,17,6451.99,2,4,0,118536.4,1
15615245,19,660,5,49,4590.35,1,1,0,127649.64,0
15600174,35,525,7,44,29161.67,4,1,0,165358.77,0
15752956,29,629,6,45,2509.38,2,4,0,1000,0
15644882,36,616,10,40,48068.4,2,3,0,78249.53,0
15766272,61,521,0,18,5475.32,1,4,1,125193.96,0
15800620,29,691,9,33,44777.8,4,5,1,1000,0
15569764,41,687,2,8,29828.95,5,2,0,154007.21,0
15747458,43,677,3,28,4034.93,5,5,0,133214.88,0
15573171,63,695,1,40,9892.46,0,3,1,146202.93,1
15736769,27,663,9,1,32121.9,0,3,0,1000,0
15763381,30,496,0,50,43029.21,2,4,1,90963.49,0
15814430,41,747,9,6,5634.37,4,1,1,1000,1
15638607,52,546,2,18,12392.26,5,2,1,1000,1
15737133,68,706,4,47,7069.3,2,3,0,114386.85,0
15613945,26,472,5,7,11619.49,2,5,0,1000,0
15659937,40,703,7,39,8154.64,3,2,1,1000,0
15765287,38,850,2,4,9410.33,2,4,1,1000,0
15661723,71,667,4,6,39153.69,4,2,1,137260.78,1
15766064,33,559,9,4,20193.13,1,3,0,111060.05,0
15649616,60,636,7,27,44803.07,1,4,1,124447.73,1
15719017,34,672,8,26,42401.15,5,5,0,1000,0
15720919,42,667,7,13,13245.47,0,5,1,1000,1
15706706,33,648,7,42,13131.59,5,3,1,135310.41,0
15709653,32,497,8,9,20302.36,0,3,1,1000,0
15805104,73,743,6,29,41369.72,1,3,1,1000,0
15622442,29,619,5,11,1933.93,1,4,0,1000,0
15572801,34,639,5,24,38256.03,0,3,1,139393.19,0
15767598,28,540,8,13,18696.97,0,3,1,1000,0
15757897,26,766,3,48,35761.3,2,5,1,104258.8,0
15568104,26,749,6,14,26692.49,0,4,1,1000,0
15763414,32,655,9,28,24397.94,0,3,0,113447.01,0
15732265,33,630,9,25,39311.88,5,4,1,1000,0
15621974,33,778,4,10,49157.08,0,3,0,111063.73,0
15803947,30,757,6,38,44507.68,5,3,1,161378.02,1
15720706,39,529,2,46,16232.23,0,5,0,82766.43,0
15759290,29,620,9,21,35064.08,4,3,0,1000,0
15651664,61,615,1,39,17697.38,3,2,0,104267.7,1
15795132,25,735,3,47,6373.53,1,5,0,91718.8,0
15811565,47,705,3,39,38164.6,4,1,1,63488.7,1
15713774,46,644,6,9,15233.92,0,5,0,12459.19,1
15691840,37,505,6,9,10857.94,4,3,1,159863.9,0
15682021,23,471,6,22,46252.11,0,2,0,104592.55,0
15612931,50,722,4,2,11826.07,2,5,1,132088.59,0
15676707,39,577,4,34,47539.17,3,3,1,1000,0
15601383,44,744,5,24,47393.81,3,3,0,120654.68,0
15662662,30,573,6,41,22669.24,0,2,0,1000,0
15752694,32,653,4,6,30621.25,5,3,0,83772.95,0
15590683,31,660,6,29,40165.34,0,5,0,172325.67,0
15773591,46,787,7,9,1863.06,5,2,1,117685.31,0
15723620,41,617,7,40,17520.65,1,4,0,1000,0
15671779,39,567,5,7,9152.07,3,2,0,1000,0
15672966,64,682,9,41,33840.07,4,4,0,1000,0
15624667,35,684,6,46,26404.59,1,2,0,135871.5,0
15812888,41,447,3,48,8440.94,0,1,0,1000,1
15724154,49,625,4,36,46483.95,3,1,0,128504.76,1
15749540,36,585,7,13,8895.5,5,1,1,1000,0
15621063,42,516,8,47,9649.85,2,5,1,56228.25,0
15661626,45,732,6,38,28334.55,2,4,0,98792.4,1
15698703,40,628,5,15,13841.61,3,2,0,181768.32,0
15801431,48,682,9,31,7103.33,2,1,0,101198.01,0
15649451,25,746,9,10,6666.82,2,5,1,1000,0
15626156,60,655,3,28,26054.43,2,5,0,1000,0
15606158,39,644,9,44,45225.07,4,4,1,1000,0
15589496,34,778,5,40,1267.51,1,3,1,139064.06,0
15730345,35,617,2,39,9764.98,5,1,1,104508.1,0
15572038,35,660,9,4,24374.74,5,5,1,113948.58,1
15643439,47,537,10,33,49117.03,5,3,1,1000,0
15604158,39,554,10,3,2453.7,1,1,1,1000,0
15657396,31,806,9,19,31221.73,1,4,0,1000,0
15709478,37,611,1,30,18157.48,1,5,1,117524.72,0
15628824,37,665,5,20,29346.96,2,1,1,160389.82,0
15814519,37,648,7,1,30940.32,0,5,0,1000,0
15636520,27,692,1,33,40595.14,4,1,1,125547.53,0
15794414,46,507,6,13,596.47,4,4,1,92783.68,0
15643671,49,696,5,33,23981.27,2,5,1,97036.22,1
15700650,34,681,3,38,47655.02,5,5,0,1000,0
15680224,26,687,6,46,4758.23,2,3,0,1000,0
15784286,40,641,5,29,3003.51,5,2,0,102145.13,0
15693996,33,507,1,47,48723.41,5,5,1,113452.66,0
15764343,46,688,8,5,7819.15,5,5,0,155681.72,0
15704168,38,535,8,9,40502.98,3,3,0,127475.24,1
15680197,41,701,10,17,26379.8,5,4,1,1000,0
15633729,43,488,10,39,43115.9,0,4,1,112751.13,0
15577683,29,539,4,39,44676.09,0,2,1,1000,0
15800746,45,674,7,14,42061.88,4,4,0,144889.18,1
15788686,40,538,8,27,34611.12,3,3,1,1000,0
15742798,22,829,7,38,5786.43,2,1,1,150126.44,1
15596647,54,768,8,18,39778.71,0,1,1,69712.74,0
15756070,44,585,4,45,20787.72,4,5,1,1000,0
15775116,31,581,3,34,33139.91,5,1,0,1000,0
15575428,35,682,2,37,11615.38,2,4,0,117438.92,0
15654074,38,653,8,47,47563.77,1,5,1,119315.75,0
15695872,30,712,1,47,23505.98,1,2,1,89571.59,0
15568885,34,620,8,29,40619.34,0,2,1,102251.57,0
15725036,42,709,9,43,46964.9,2,5,0,118546.71,0
15632665,61,832,2,4,39384.19,0,5,1,1000,1
15571476,38,635,0,36,29646.93,3,2,1,103257.14,0
15776850,43,749,1,13,31413.33,1,4,0,124209.02,0
15623649,32,629,3,43,14904.19,4,2,1,1000,0
15751131,41,836,7,22,28750.81,1,3,1,150302.84,0
15688128,34,542,8,6,23607,4,1,0,108653.93,0
15678412,45,645,8,42,35793.97,4,2,0,85325.93,0
15770291,29,844,8,38,11801.47,1,2,0,1000,0
15583392,37,747,9,14,33967.85,5,1,1,135776.36,1
15690731,40,645,6,23,8174.88,0,4,1,131411.24,0
15697948,36,752,3,18,3880.4,0,3,0,1000,0
15608328,41,760,6,1,13896.31,3,3,0,1000,0
15766378,45,714,9,4,16671.05,5,5,1,106431.97,0
15600813,50,717,9,32,38680.74,4,2,1,90305.76,0
15706217,28,645,7,10,18169.35,3,2,0,117466.03,0
15601417,32,681,3,6,10569.74,4,3,0,148884.47,0
15610972,44,681,4,8,30487.03,2,4,1,91115.76,1
15674620,37,679,8,15,46261.69,1,3,1,77373.87,0
15785350,23,528,7,44,11748.34,4,1,0,104744.89,0
15749119,31,710,3,24,1815.51,0,3,0,1000,0
15756535,39,733,5,2,27788.2,5,3,1,91538.51,0
15700965,32,724,6,44,395.13,2,1,0,1000,0
15791851,34,726,0,7,21284.92,4,3,1,185734.75,0
15717156,30,520,3,43,43712.39,5,5,0,143396.54,0
15740846,40,556,5,25,22352.61,1,3,0,125909.85,0
15573284,45,579,2,32,32575.53,0,3,0,1000,0
15729083,36,674,2,8,29557.06,5,3,0,154525.7,0
15611612,29,570,0,12,34087.37,2,4,1,1000,0
15694381,51,631,8,33,36936.29,0,5,1,100654.8,0
15651737,44,623,1,6,8397.7,0,4,0,83325.77,0
15663168,35,665,8,19,10538.75,2,4,0,110934.54,0
15643426,36,523,8,1,4912.8,1,5,0,113680.54,0
15618245,31,706,1,37,598.81,3,3,1,117020.08,0
15717527,49,619,9,33,19945.64,4,4,0,145359.99,0
15793478,39,593,8,35,15106.77,1,2,0,151391.68,1
15642248,66,608,8,27,25927.23,1,3,0,123935.35,0
15640377,36,526,0,24,1121.69,4,1,1,1000,0
15723950,40,684,2,39,41830.93,5,1,1,70291.02,1
15590327,42,604,10,17,27189.8,2,4,0,166031.45,0
15706199,36,636,6,12,28207.95,1,3,0,96643.32,0
15671514,33,669,8,9,20073.32,0,2,1,1000,0
15727041,71,624,7,12,4305.28,4,1,0,1000,0
15738063,29,631,2,20,10714.49,3,4,0,1000,0
15711733,48,753,4,8,33067.3,4,1,1,1000,0
15652320,40,588,5,50,10869.4,0,5,1,1000,0
15634180,26,729,4,20,46281.03,5,4,0,97268.1,0
15694566,42,602,10,43,5690.88,3,1,0,1000,1
15726103,55,689,1,39,23723.05,4,3,1,76296.81,1
15646351,27,486,7,17,15185.12,3,1,0,1000,0
15730044,42,809,6,36,8475.18,5,3,0,64497.94,1
15795186,38,562,5,41,6587.23,5,4,0,1000,0
15784890,32,763,8,34,20796.52,3,3,0,1000,0
15694125,57,669,5,47,8406.93,3,4,1,1000,0
15565891,39,709,8,43,28494.5,2,4,1,1000,0
15674254,45,554,4,2,28360.19,1,3,1,1000,0
15775206,37,699,10,5,40916.98,3,3,0,1000,0
15797627,54,732,0,16,14945.38,2,1,0,134249.7,0
15649853,45,625,3,28,22845.22,0,5,1,1000,1
15610379,30,599,9,31,47112.42,4,5,0,105443.68,0
15659800,50,584,1,13,23768.26,3,2,0,1000,1
15716236,35,499,10,47,26946.62,0,2,1,1000,0
15672053,38,526,2,22,25723.72,1,2,0,1000,0
15663933,35,625,5,47,15192.88,0,1,1,86147.46,1
15814236,38,537,1,31,13172.12,3,4,0,96939.06,0
15583597,47,696,1,36,23311.59,5,5,1,106758.6,0
15607395,33,679,9,33,25437.09,4,4,0,112528.65,0
15694556,60,684,2,41,5539.07,3,4,1,116563.58,1
15744109,32,850,4,11,23025.93,4,4,0,1000,0
15800688,42,495,7,19,9440.75,1,3,1,1000,0
15810878,38,537,6,18,2652.24,2,5,1,141786.78,0
15587835,41,850,3,48,489.98,2,2,1,136416.82,0
15763515,30,513,5,32,22.14,5,5,1,1000,0
15725882,40,618,1,37,15700.61,5,1,0,133245.52,0
15788022,41,802,4,6,25352.4,2,2,1,90757.64,0
15663917,43,547,1,50,47102.03,0,1,1,92350.36,0
15656865,69,613,9,23,20171.5,2,3,0,78778.49,0
15667971,34,592,6,33,10949.82,0,2,1,102143.93,0
15800366,29,546,5,20,18614.92,3,1,0,1000,0
15717231,37,721,4,45,24376.7,2,4,0,98459.6,0
15643188,47,671,7,44,30385.84,3,2,0,114603.76,1
15671351,35,624,2,32,49579.69,3,3,0,1000,0
15573628,51,751,7,28,4329.92,2,1,0,148074.79,1
15698953,36,636,1,20,39768,3,2,0,1000,1
15753888,62,607,8,45,3270.88,1,2,0,108004.64,1
15737961,29,509,0,34,28024.37,2,3,1,107712.57,0
15801701,35,653,9,7,30747.42,5,5,0,1000,0
15684419,37,709,8,17,13348.78,2,4,1,1000,0
15794266,32,559,9,1,4618.36,1,4,0,145303.52,0
15810711,37,684,4,16,29617.2,1,3,0,138476.41,0
15771270,27,635,8,43,35462.38,5,5,1,127471.56,1
15607786,26,709,6,11,1973.39,5,3,0,156551.63,0
15624519,49,656,9,15,39743.68,1,3,1,97092.87,1
15799910,32,793,2,44,3888.64,2,5,1,1000,1
15602479,37,609,5,16,41091.42,0,3,1,129312.79,0
15617419,29,618,10,50,11701.38,5,1,1,100315.1,0
15657603,35,850,6,9,39075.63,2,5,0,81684.97,0
15570379,51,669,3,22,26100.09,0,2,1,88827.53,1
15772996,40,594,0,44,18355.28,1,1,0,152092.44,0
15729574,71,616,4,35,34234.57,1,1,0,1000,0
15737267,49,676,1,20,16710.94,4,1,0,1000,1
15799128,38,608,9,37,13778.87,2,1,0,102406.76,0
15813327,21,710,4,18,16695.69,2,2,1,109130.96,0
15711921,29,695,5,12,5148.92,4,4,0,1000,0
15654300,33,530,9,38,2382.49,4,5,1,75242.28,0
15569945,29,509,1,17,1621.05,5,5,1,1000,0
15569666,45,517,4,38,8320.09,2,1,1,1000,1
15681887,33,758,0,27,22633.63,3,3,1,129142.54,0
15608873,51,665,2,17,8871.01,2,3,1,1000,0
15762091,22,631,6,8,26036.31,1,3,0,139129.92,0
15722053,33,576,3,26,15659.83,3,1,1,1000,0
15782100,22,544,3,37,38307.48,0,1,0,66483.32,0
15765300,40,596,5,26,27234.03,0,5,0,62389.03,1
15743570,34,481,5,12,11713.34,1,1,1,1000,0
15608541,46,498,1,24,1501.92,3,4,0,91857.66,1
15750671,31,512,6,24,4492.74,4,3,1,1000,0
15813659,56,594,7,23,9943.69,0,4,1,1000,1
15757867,30,570,10,23,14478.6,5,3,0,176173.52,1
15652914,38,721,7,3,18018.96,5,2,1,1000,0
15723818,37,453,4,21,18048.8,3,4,1,131834.76,0
15713819,48,562,3,39,16571.79,2,3,1,92347.96,0
15656484,40,682,4,24,48111.66,1,4,0,1000,0
15778515,40,748,3,21,33580.37,2,2,0,95297.11,0
15803840,32,729,9,25,216.82,2,5,1,1000,0
15735339,39,663,4,9,49403.01,4,4,1,1000,0
15600392,53,735,8,44,5724.44,0,2,1,123845.36,1
15625740,62,627,3,17,11810.77,0,4,1,143426.34,0
15663817,46,713,5,34,22120.86,3,3,0,1000,0
15734461,31,562,2,29,38667.54,2,4,0,112708.2,0
15780142,43,632,2,10,32527.6,3,5,1,100013.51,0
15709920,33,479,2,45,34974.64,3,4,0,208165.53,1
15684248,21,658,7,29,36628.31,5,5,0,1000,0
15643158,40,598,9,20,19716.16,5,5,1,1000,1
15693902,19,597,2,21,39139.01,1,2,0,1000,0
15578307,33,512,6,5,32813.2,4,2,1,121685.31,0
15585379,39,704,2,2,23497.98,4,1,1,111525.02,0
15758510,26,474,6,29,33860.36,2,1,1,1000,0
15692918,36,604,10,26,5395.01,5,3,0,113546.3,0
15705301,41,683,6,7,13073.68,3,3,1,95696.52,0
15718231,28,537,0,28,33506.98,4,3,1,88963.31,0
15567991,31,794,0,24,42706.24,4,4,0,144880.34,0
15772650,55,732,9,41,29854.85,3,5,1,136576.02,1
15574795,38,495,2,6,21390.7,3,1,1,63093.01,0
15706036,38,552,10,11,8757.45,5,4,0,132271.12,0
15723856,29,602,3,48,39129.2,5,3,1,88814.4,0
15812920,40,607,5,14,4628.19,3,3,0,90594.55,0
15691287,33,675,0,46,19597.26,5,5,0,141816.25,1
15804797,54,443,3,25,15472.05,0,4,1,138547.97,1
15708650,31,727,2,12,33694.36,1,3,0,52192.08,0
15712777,38,482,4,20,32141.22,0,2,0,124976.19,0
15786469,34,686,1,43,12181.88,5,4,1,1000,0
15669219,35,588,3,12,46105.38,0,5,0,104356.38,0
15641004,48,605,10,30,632.41,2,2,0,150315.92,0
15648067,39,583,1,35,31135.16,0,4,1,129299.28,0
15704014,37,738,7,18,24803.01,1,4,1,140950.92,0
15645136,30,744,1,3,44043.41,0,3,1,128065.12,0
15709604,23,781,2,38,12665.77,5,4,1,107433.48,0
15713637,34,699,2,21,2871.02,2,3,1,117468.67,0
15793901,27,639,2,5,47063.23,3,2,0,1000,0
15569759,27,583,4,14,245.51,5,2,0,1000,0
15712930,42,587,1,7,3039.63,4,1,0,1000,0
15586504,40,694,9,17,30375.18,0,5,1,1000,0
15677317,29,570,4,24,4963.75,0,2,1,153040.03,1
15664270,45,692,6,23,44233.55,2,3,0,142084.04,1
15731519,30,511,5,30,20588.39,5,3,1,1000,0
15745623,32,788,4,26,44562.36,1,1,0,112079.58,0
15813862,66,526,7,36,12563.28,0,2,0,132044.6,0
15641934,46,749,9,23,25700.68,4,5,0,66582.81,1
15713043,33,691,6,17,26652.11,1,5,1,1000,0
15700749,39,481,6,30,25545.3,1,2,0,1000,0
15697567,33,752,4,38,14694.54,5,3,0,1000,0
15715414,38,658,6,5,47749.81,0,1,0,102895.1,0
15639530,42,679,2,4,31627.4,4,1,0,1000,0
15726058,27,754,7,10,44050.18,1,5,1,117578.35,0
15725665,47,679,10,12,40881.49,1,1,0,198546.1,1
15698872,39,633,2,44,11880.4,2,4,0,1000,0
15812184,31,674,1,14,6051.78,2,2,1,1000,0
15742609,28,600,2,42,41662.7,0,3,1,116623.31,0
15815043,49,645,8,39,15570.87,0,3,0,1000,0
15640648,36,698,6,42,7432.17,0,3,1,1000,0
15627203,54,508,10,35,8948.51,3,5,1,1000,0
15786196,44,555,3,33,28494.13,2,5,1,105770.7,1
15612095,48,751,9,29,18937.38,3,2,1,1000,1
15674368,39,738,1,50,24999.78,4,1,1,94435.45,0
15783477,39,706,8,41,32937.22,4,1,1,112889.91,0
15757559,53,595,7,11,14816.73,2,1,1,1000,1
15591036,43,577,3,48,45040.41,3,1,1,127940.47,1
15761241,36,578,8,49,141.3,4,5,1,129745.1,0
15695078,32,699,3,5,35628.69,5,3,1,1000,0
15645744,30,826,5,46,8350.95,5,4,0,1000,0
15566988,46,656,7,49,48496.22,4,1,1,141535.52,1
15749300,47,556,2,26,20583.87,2,3,1,139914.27,0
15594340,41,569,4,12,29210.41,3,4,1,120243.49,1
15607065,34,765,9,35,46515.02,1,3,0,91835.16,0
15778089,37,544,2,24,18053.22,1,2,1,1000,0
15773723,22,588,9,7,36210.53,0,5,0,67178.19,1
15697035,31,740,8,21,47564.44,4,4,0,1000,0
15679668,38,850,7,5,11453.16,2,1,1,115378.94,0
15709861,30,766,4,20,39711.09,5,2,0,127786.28,0
15791958,41,849,6,3,13695.02,5,1,0,1000,1
15791030,33,612,0,24,12868.08,2,5,0,64900.32,0
15695339,53,517,0,25,4237.37,2,1,0,109172.88,1
15658813,55,645,7,9,18101.71,1,2,0,1000,0
15715709,43,696,4,21,9090.05,5,4,0,114091.38,0
15722533,40,716,3,32,672.82,2,1,0,1000,0
15683118,32,590,9,36,11370.56,1,5,1,1000,0
15672798,45,656,7,22,188.47,1,4,1,145933.27,0
15680112,35,473,7,18,28846.15,0,2,0,131504.73,0
15714575,44,742,8,28,40514.86,2,3,0,107926.02,1
15806808,57,834,8,21,35687.65,1,5,1,112281.6,1
15590637,41,721,7,31,27549.34,5,5,1,1000,0
15657535,29,590,10,36,32985.51,4,3,0,1000,1
15696141,31,516,7,42,34787.37,5,4,1,1000,0
15811947,33,850,0,5,40199.99,2,5,0,124781.67,0
15649024,39,748,9,49,20019.83,3,5,0,132865.56,1
15594928,38,798,4,9,7583.61,2,1,1,129055.13,0
15765532,76,612,6,17,12465.53,2,2,1,96166.88,0
15741719,40,540,3,27,45276.23,5,1,0,165298.12,0
15665629,33,719,7,36,30882.22,5,3,1,1000,0
15728917,48,598,6,45,26804.65,4,4,1,120682.53,1
15762993,32,796,5,24,13084.51,5,1,0,102773.15,0
15571193,42,579,0,14,2866.79,0,2,1,144386.32,1
15653521,40,850,7,11,7503.71,3,3,1,104449.8,0
15802220,35,599,6,46,12779.61,1,3,1,137102.65,0
15644132,30,724,9,15,24154.76,2,3,1,142475.87,0
15600832,43,508,9,29,29386.74,1,2,1,1000,0
15797919,37,773,2,8,21519.97,1,3,0,103195.2,0
15603743,28,526,1,19,21862.14,5,2,1,112070.44,0
15579714,29,542,7,43,19448.71,0,5,1,1000,0
15634295,35,470,1,22,45765.26,4,1,1,96473.59,0
15786680,37,805,5,15,36123.63,1,5,0,1000,0
15623499,49,548,9,20,40437.06,3,4,1,108437.89,1
15691823,37,672,5,6,46254.39,3,4,1,153195.59,0
15809279,45,773,8,8,26008.91,2,3,1,96877.21,0
15758039,44,614,6,16,20111.54,2,5,0,1000,0
15807163,38,537,10,21,44438.58,3,1,1,1000,1
15631639,40,704,6,28,20146.84,0,4,1,95452.89,0
15713770,41,586,3,39,3625.05,2,5,0,63873.56,0
15698167,24,677,0,1,23146.9,3,2,1,148298.59,0
15781710,31,558,7,20,9626.94,2,2,0,1000,0
15801296,37,634,7,39,23529.84,1,4,0,143258.85,0
15704378,37,655,9,2,21543.31,3,3,1,121342.24,0
15767891,28,619,6,50,38206.97,4,4,0,99152.73,0
15640667,41,662,4,20,21811.75,0,1,1,1000,0
15702145,33,705,7,32,3716.99,5,5,0,68423.89,0
15679738,35,527,8,42,32396.21,1,3,0,1000,1
15636634,25,630,7,5,23980.16,3,5,0,79656.81,0
15809227,35,850,2,37,38295.21,0,4,0,1000,0
15601811,53,668,10,13,10952.98,1,4,1,110240.04,1
15625494,32,573,9,28,8151.06,2,5,1,125321.84,0
15723737,27,680,3,10,30312.69,5,4,1,1000,0
15682955,32,758,2,35,2409.65,0,4,0,84378.9,0
15758856,45,597,7,8,23409.47,5,4,0,1000,0
15746065,35,580,10,29,18434.12,4,5,0,136281.41,0
15783865,59,622,5,24,46681.87,1,1,1,119380.37,0
15745455,62,638,4,8,34071.79,3,1,0,108716.59,0
15583033,20,640,4,9,12144.46,4,3,1,1000,0
15644212,28,644,0,42,30184.33,1,1,0,1000,0
15735688,31,753,6,15,22564.13,3,4,1,106596.29,0
15658577,37,629,10,43,17774.22,5,3,1,99546.25,1
15606887,30,775,5,48,33584.23,0,3,1,1000,1
15783026,41,701,2,32,22248.78,1,1,1,1000,0
15579892,19,708,7,2,20671.1,5,2,0,112615.86,0
15802088,22,521,10,15,9959.55,2,2,0,1000,0
15589323,24,636,9,45,45037.34,5,5,0,1000,0
15636395,31,529,5,27,18535.11,5,5,0,1000,0
15712772,28,757,3,5,23245.24,2,2,0,75381.15,0
15700937,24,767,5,26,42298.17,1,1,0,1000,0
15766659,33,525,5,18,42886.1,2,3,1,1000,0
15814033,38,759,1,45,6763.49,0,2,0,1000,0
15783007,45,520,1,45,47786.96,1,5,1,123086.39,1
15654183,26,738,3,22,17571.47,3,1,1,1000,0
15609899,37,548,4,48,15216.47,3,4,0,1000,0
15747323,48,535,9,45,31543.77,2,1,1,109472.47,1
15582591,59,615,4,3,4372.81,4,1,1,155766.05,0
15738835,38,850,7,23,17193.82,5,4,1,101985.81,0
15782404,34,487,2,45,45625.14,4,4,1,96019.5,0
15697480,30,731,7,10,28725.57,2,1,1,1000,0
15697045,35,726,9,33,11054.39,4,2,1,1000,0
15781234,35,609,2,26,17272.4,2,4,0,147900.43,0
15579891,52,714,4,36,21140.67,1,2,0,100755.66,0
15805690,35,694,7,30,32397.11,1,4,0,1000,1
15612139,33,786,0,28,13753.6,4,1,0,83036.05,1
15568834,27,698,6,4,1667.12,0,1,0,125427.37,0
15709917,46,601,3,11,36682.6,2,3,1,98202.76,0
15718843,41,769,1,49,6624.21,0,3,1,72509.91,0
15799494,44,850,3,50,600.94,4,2,1,140393.65,0
15673439,50,646,5,43,43504.09,3,2,1,142644.64,1
15669011,44,659,9,35,39430.5,4,4,0,23503.31,1
15581388,33,487,8,8,27407.82,1,3,1,145729.71,0
15743153,40,740,2,26,23472.99,2,5,1,122295.17,0
15579787,39,686,4,3,40843.39,3,1,1,1000,0
15759966,36,612,5,34,14229.09,5,1,1,119799.27,0
15601045,37,655,8,16,46615.92,3,2,1,163708.58,0
15764021,34,617,1,1,44024.71,1,4,1,61687.33,0
15687218,27,674,4,7,32561.44,2,5,0,79144.34,0
15626452,32,711,5,26,43966.15,4,1,0,1000,0
15700964,27,624,7,18,14485.62,1,2,1,104848.68,0
15768887,26,597,5,36,21757.16,0,4,0,1000,0
15735358,46,682,4,45,43710.8,1,5,1,1000,0
15749472,45,775,8,3,37856.87,4,4,0,1000,0
15685872,29,727,1,37,41656.98,3,1,1,146652.01,0
15760851,31,629,6,12,16650.2,0,1,1,1000,0
15734588,46,684,0,12,32894.75,3,3,1,1000,0
15784594,37,549,1,26,38698.3,3,1,1,130622.34,0
15606435,69,593,2,34,41892.61,1,2,1,187013.13,0
15790247,40,536,9,43,33537.2,0,2,1,1000,0
15676433,36,707,6,17,21756.33,2,2,1,1000,0
15625905,41,592,0,26,48770.08,1,1,1,1000,0
15626414,44,703,6,20,10162.65,2,2,0,98862.54,0
15623220,45,723,4,29,27369.41,2,1,1,1000,0
15752857,52,452,1,26,24681.01,5,4,1,98443.14,0
15677908,42,552,4,49,47126.96,2,1,1,1000,0
15773013,47,633,0,19,40665.9,5,3,1,1000,1
15623972,23,479,9,14,30088.29,5,5,0,123575.51,0
15738627,25,768,6,34,41505.67,5,5,0,1000,0
15643392,31,742,4,28,24155.96,2,5,1,105239.1,0
15684868,56,668,9,15,13025.1,0,5,1,110993.79,1
15627854,44,707,3,10,43848.01,5,3,0,1000,0
15669253,39,754,7,28,19642.57,4,1,0,157691.98,1
15758023,47,544,5,48,5489.62,3,1,1,105245.21,1
15574558,32,718,8,25,24460.68,2,3,0,1000,0
15635256,31,762,7,24,38732.68,0,1,0,117687.35,0
15680399,23,772,2,38,35312.39,0,2,1,1000,0
15674720,37,691,7,15,12151.23,4,3,1,123067.63,1
15580249,45,502,0,42,35946.64,1,3,0,1000,0
15675431,34,563,6,31,17881.29,2,3,0,1000,0
15698285,41,676,4,48,25971.84,2,3,1,101457.14,0
15810775,52,576,2,20,10923.76,4,1,1,100549.43,0
15678173,35,629,4,28,3741.34,0,5,1,174588.8,0
15665222,52,625,8,45,30468.4,1,5,1,121161.57,0
15803908,45,628,9,37,49933.99,5,4,1,1000,0
15586039,36,471,5,24,18907.93,1,1,0,90063.74,0
15802570,45,811,5,40,14297.89,0,2,1,1000,0
15781451,42,504,3,27,6873.25,5,5,1,134936.97,0
15721019,24,687,3,45,34648.72,0,3,0,110495.27,0
15738588,37,660,2,23,21621.81,3,1,0,133200.09,0
15730657,41,548,4,2,550.57,2,3,1,82596.8,0
15739292,31,609,9,8,37057.73,4,4,0,103837.75,0
15725945,42,659,2,25,12390.76,3,4,0,1000,1
15813159,52,526,8,1,25953.9,1,3,1,93590.47,1
15636820,40,725,8,15,33924.18,1,3,1,104149.66,0
15603880,38,519,1,20,10848.73,1,4,0,114141.64,1
15619494,31,562,9,49,20266.03,0,3,0,117153,0
15596992,45,482,7,47,20986.62,0,3,1,156353.46,1
15735025,37,535,3,9,46239.39,4,5,1,175534.78,0
15730759,27,561,9,46,36266.81,3,3,1,135637,1
15752912,30,661,7,39,9552.48,5,1,1,1000,0
15711316,27,771,2,30,16902.64,4,1,0,1000,0
15738785,26,545,7,24,20455.75,0,4,0,1000,0
15777896,33,850,2,49,46255.44,5,3,1,83415.04,0
15628963,43,601,3,39,47294.97,0,5,0,141859.12,0
15742126,38,712,7,22,42137.95,4,4,0,132767.66,0
15575623,31,589,10,34,42149.47,5,5,0,110635.32,0
15741652,37,600,8,14,14564.99,1,3,1,177657.35,0
15738884,41,642,4,35,26538.54,4,5,1,157777.58,0
15615050,47,575,9,26,46077.63,4,1,1,107915.94,1
15803005,57,570,5,32,43627.68,2,4,1,86568.75,0
15743498,52,532,9,11,37681.88,4,3,1,137755.76,1
15720463,30,796,2,14,44232.72,0,3,0,137262.71,0
15588695,32,833,6,1,23535.25,5,5,1,1000,1
15665802,36,642,6,31,18695.31,5,2,1,1000,0
15571144,28,655,10,29,12215.9,4,1,0,1000,0
15750731,50,736,9,2,3356.62,4,5,1,116309.01,1
15605134,34,617,0,21,30762.68,0,1,1,131244.65,0
15626044,28,762,3,44,20278.17,5,2,1,125155.83,0
15737910,35,703,5,42,7971.49,0,2,1,140691.08,0
15761076,41,507,3,3,16496.94,4,3,1,58820.32,0
15710105,26,581,3,17,11489.41,1,2,1,105099.45,1
15577402,31,593,9,18,42948.86,3,4,0,1000,0
15803337,23,648,9,16,11460.22,5,4,1,168372.52,0
15654372,34,462,1,13,25147.69,0,3,0,94682.56,0
15585867,36,596,2,30,27531.04,3,2,1,1000,0
15662488,44,627,5,20,27781.55,5,4,0,1000,1
15604813,40,494,7,31,34642.36,1,3,0,1000,0
15611644,73,627,0,23,29848.74,0,4,0,146329.73,0
15674928,37,850,2,43,29252.5,0,1,1,1000,0
15656100,49,632,5,22,17924.56,3,5,0,167962.7,0
15764293,33,490,1,37,44076.37,5,2,1,1000,0
15636423,40,715,7,39,47142.55,3,4,1,1000,0
15607629,48,679,8,14,11576.08,4,4,1,1000,0
15577313,44,619,3,35,6664.41,0,5,1,116967.68,1
15714493,33,465,6,33,37881.37,4,5,0,1000,0
15643359,32,736,7,20,31599.2,0,3,1,1000,0
15687913,34,501,7,16,15214.93,4,4,0,93244.42,0
15790935,29,535,5,44,19603.08,0,1,1,1000,0
15708693,33,759,2,8,38135.95,4,5,0,1000,0
15672016,35,819,1,32,20759.52,0,5,0,1000,0
15727605,43,533,4,19,45848.82,3,3,0,80442.06,0
15651144,35,632,2,5,26591.1,3,1,0,150561.03,0
15749401,60,686,9,31,23013.64,2,5,0,1000,1
15691874,34,687,9,46,6339.27,1,4,0,125474.44,0
15620735,33,667,4,13,30821.4,0,4,1,127076.68,0
15769781,25,699,8,32,6546.95,3,1,1,1000,0
15624611,37,497,8,26,10831.22,4,3,1,128650.11,0
15773071,33,780,6,22,45579.78,1,3,1,145580.61,0
15720371,51,652,3,8,35089.88,0,3,0,1000,1
15717984,47,477,9,30,12989.34,1,5,1,144900.58,1
15806407,37,652,4,38,12129.18,1,5,1,1000,0
15785042,31,488,8,30,45149.81,0,1,0,97588.6,0
15809302,24,572,1,23,45134.1,3,1,0,1000,0
15677550,38,755,1,12,16021.27,3,4,0,1000,0
15654096,24,779,10,12,20886.53,5,3,1,122200.31,0
15617320,46,693,3,14,21323.49,2,3,0,151709.33,0
15653065,22,530,7,27,21645.22,5,3,1,1000,0
15649112,33,738,3,25,33542.48,4,5,0,122134.4,0
15690526,31,690,2,48,13861.34,5,2,1,137260.45,0
15806945,30,611,9,11,13530.29,5,2,0,88594.14,0
15670066,34,643,6,44,16721.71,1,5,1,1000,0
15625761,41,632,8,5,41460.56,0,4,1,127205.32,1
15761525,31,727,10,47,24762.12,2,4,0,96997.09,0
15735080,64,508,2,26,45120.08,0,3,1,1000,0
15619537,31,550,5,38,36952.32,3,3,0,142200.19,0
15598162,39,754,3,38,10301.22,0,3,0,160761.41,0
15694300,26,759,4,14,11748.49,0,5,0,1000,0
15637235,33,794,8,20,27967.88,2,1,1,1000,0
15612444,29,549,3,2,2617.1,5,1,1,1000,0
15626457,31,671,0,41,18023.96,3,4,0,116234.61,0
15627995,26,756,5,48,20105.36,0,3,0,155143.52,1
15706128,21,632,1,48,27786.93,0,1,1,1000,0
15666430,38,579,8,48,2924.26,4,2,1,1000,0
15627385,34,748,5,44,13091.06,1,5,1,84009.47,0
15581323,28,488,7,34,39369.26,3,1,1,139246.22,0
15608109,58,710,7,45,9855.33,4,2,1,170113,0
15801942,41,619,8,22,41073.83,0,4,1,1000,1
15567431,64,773,2,13,40264.21,0,5,1,145578.28,0
15810167,75,657,7,46,4780.35,2,4,0,126273.95,0
15644501,26,579,10,27,13088.09,3,5,1,162482.76,0
15785290,29,542,9,18,5860.23,4,1,0,1000,0
15611157,32,709,2,12,20208.66,0,3,1,87814.89,0
15673837,61,617,3,7,26451.61,2,5,1,113858.95,0
15656822,43,568,5,33,23940.66,0,4,0,87612.64,1
15580560,73,769,1,17,24956.21,3,4,0,1000,0
15760641,26,608,1,1,11760.43,5,2,1,106648.98,0
15587584,31,503,4,21,25614.33,1,2,0,1000,0
15604146,38,608,8,3,6686.73,5,2,1,103653.51,0
15813974,37,731,3,39,30780.37,4,3,1,116880.53,1
15746986,40,850,4,48,40044.95,0,2,0,97990.49,0
15759741,34,591,4,33,28922.13,3,3,0,150635.3,0
15734892,37,579,4,43,30465.02,5,4,1,1000,0
15797194,39,570,10,18,8989.44,4,1,1,129674.89,0
15723786,37,709,9,8,2792.67,0,2,0,1000,0
15642726,53,611,3,10,35875.59,3,2,1,83568.26,0
15664339,48,775,4,11,46287.11,2,5,1,178144.91,1
15754526,36,699,6,28,10474.17,3,3,0,147137.74,0
15703037,37,618,5,33,41932.34,3,4,0,1000,1
15751412,36,704,3,26,10068.69,2,2,0,114370.41,0
15609558,47,835,5,19,7654.56,1,2,1,108289.28,1
15572408,39,714,3,29,40402.7,5,1,0,149887.49,0
15613923,43,581,4,29,20494.72,3,2,0,170172.9,0
15747000,27,592,3,26,15338.18,1,3,0,1000,0
15731781,43,551,7,28,30084.6,1,3,0,1000,0
15727198,28,689,2,10,15393.84,1,3,1,64808.32,0
15794273,56,604,0,9,36410.4,4,2,1,62732.65,0
15804950,41,514,7,44,45687.65,4,5,0,1000,0
15576304,29,698,5,39,42162.87,5,5,1,95167.55,0
15645200,54,581,2,47,25782.68,1,3,1,152508.99,1
15779627,31,573,0,15,10181.93,5,4,1,134644.19,0
15750755,33,449,8,36,25627.56,3,5,1,1000,0
15569654,31,850,3,40,11827,3,4,0,51293.47,0
15753079,41,612,5,23,47379.68,3,1,1,1000,0
15684995,49,690,8,11,1052.32,2,1,1,116622.73,0
15790763,49,599,2,23,16713.21,0,2,1,1000,0
15766458,33,498,1,41,6007.61,1,2,1,198113.86,0
15616221,29,497,4,2,4305.66,5,2,1,85646.81,1
15776124,51,802,7,21,21494.09,2,1,0,1000,0
15665811,33,644,9,29,45068.71,1,4,1,141234.98,0
15729804,34,714,10,19,5178.61,5,5,0,1000,0
15714062,40,690,9,34,11775.15,3,2,1,77641.99,1
15592197,30,522,3,11,170.17,3,4,0,1000,0
15793116,40,502,7,19,31836.74,1,2,0,117304.29,0
15638231,62,730,2,17,363.3,3,5,1,1000,0
15697678,36,590,6,24,7264.64,1,2,1,92340.69,0
15800412,35,458,9,24,22714.36,0,2,1,146780.52,0
15597610,41,553,6,13,44458.9,1,4,0,144974.55,0
15726634,47,479,1,4,18063.05,5,5,1,1000,0
15670866,31,693,2,34,46725.29,3,2,1,1000,0
15667462,43,707,10,36,8983.13,3,1,1,1000,0
15662574,37,636,1,42,28666.82,0,1,0,115137.26,0
15716926,33,807,10,42,30542.27,5,5,0,101952.97,0
15603554,45,513,0,9,1534.14,1,1,0,164649.52,1
15716800,31,582,2,3,853.74,4,1,0,1000,0
15679429,32,694,0,11,40264.75,4,5,1,91956.49,0
15616122,39,777,8,33,43049.74,1,5,1,1000,0
15742172,32,598,9,24,18604.54,5,4,1,123938.6,0
15792305,46,762,6,2,2215.79,4,1,0,123571.77,1
15636016,34,588,3,2,49076.78,0,4,0,120777.88,0
15733138,42,663,5,1,1616.71,0,4,1,90248.79,0
15669741,36,777,7,40,46324.73,2,2,0,1000,0
15616954,71,592,4,45,45627.38,5,1,1,1000,0
15729238,48,631,1,3,12079.56,5,3,0,106396.48,1
15718242,47,725,1,30,22820.72,2,1,0,104887.43,1
15682914,34,850,2,28,39790.06,3,1,0,72079.71,0
15654274,37,540,6,2,18711.83,5,3,1,1000,0
15691457,36,674,2,41,1589.46,0,4,1,1000,0
15719649,38,553,3,47,42019.87,2,5,1,99844.68,0
15778897,28,630,1,30,49801.56,0,1,1,1000,0
15589437,26,466,3,16,34426.64,5,5,0,156815.71,0
15682369,47,613,6,7,47915.52,5,5,1,146034.74,0
15626507,27,558,1,23,5855.8,3,2,0,152283.39,0
15571995,33,775,1,38,22439.11,1,5,0,118897.1,0
15673333,52,698,8,34,15334.26,1,1,1,96781.39,0
15748752,33,608,1,14,26396.68,4,2,1,102772.67,0
15725302,20,670,4,41,25118.38,2,2,1,1000,0
15722083,39,591,8,17,24142.8,4,1,0,1000,0
15771442,40,633,4,21,16372.03,0,2,0,150578,1
15803633,46,678,1,42,5158.69,3,5,1,1000,0
15672185,47,590,3,42,35572.84,3,2,0,1000,0
15806486,48,705,0,21,2392.86,4,1,1,1000,0
15570895,42,608,10,8,47361.44,1,1,0,163548.07,0
15614520,37,682,8,2,7296.49,3,4,1,148580.12,0
15687492,32,596,3,25,44542.51,4,1,0,96709.07,0
15675337,34,395,5,25,7516.92,1,3,0,106011.59,1
15721047,37,578,1,16,29103.84,1,2,0,135650.88,0
15589017,55,547,4,28,5561.38,2,4,1,111362.76,1
15611186,37,609,1,47,17366.24,1,5,0,39344.83,1
15617301,36,774,9,32,34910.13,1,3,0,130809.77,0
15726046,27,712,2,49,37853.78,4,4,1,133009.51,0
15585748,28,585,9,16,13733.14,1,1,0,135337.49,0
15672826,32,666,10,46,42968.01,4,5,0,112536.57,0
15595162,35,708,8,17,23325.82,5,1,0,122570.69,0
15650026,44,513,1,49,35368.04,0,2,0,63562.02,1
15745826,37,445,3,34,18479.39,2,1,1,1000,0
15708610,44,690,9,34,3958.68,2,1,0,100368.63,0
15624471,37,850,6,44,37673.84,1,5,0,1000,0
15590097,33,537,7,43,10998.38,0,4,1,136082,0
15689328,48,705,9,39,3029.3,2,2,0,114169.16,1
15582154,45,670,5,46,23347.44,1,3,0,47884.92,0
15734626,36,652,1,36,13440.37,0,1,0,1000,0
15702806,24,696,9,23,2751.4,4,3,1,1000,0
15620756,49,747,6,33,46020.97,0,4,1,202904.64,1
15611331,46,511,1,7,35756.48,4,2,0,1000,1
15576935,43,743,2,9,46852.03,1,4,1,161807.18,1
15661275,52,532,3,31,49706.19,0,1,1,110791.97,1
15814940,33,642,9,29,22387.26,2,2,0,1000,0
15768471,54,554,6,11,45463.28,2,5,1,108755,1
15697391,34,604,3,28,5903.88,4,4,0,1000,0
15793346,72,602,3,14,33607.27,5,2,0,1000,0
15608338,55,757,9,40,45836.6,2,2,1,117294.12,1
15578546,26,491,4,50,3048.35,1,4,0,102251.14,0
15656921,31,850,4,29,21212.22,0,5,1,1000,0
15761340,22,521,5,2,49.97,2,5,1,1000,0
15591135,37,726,2,17,46161.04,4,4,0,132057.92,0
15623219,33,596,8,26,26840.13,5,3,1,1000,1
15655229,35,850,7,41,29079.15,2,2,0,114285.2,0
15805884,41,637,9,4,43830.72,4,4,0,1000,0
15668289,32,690,2,34,39970.8,3,3,1,76087.98,0
15568562,40,689,8,5,38166.08,3,1,1,160272.27,0
15773276,63,633,4,25,17154.71,0,3,0,114552.6,1
15622801,27,555,8,16,36776.64,5,5,1,102000.17,0
15779886,24,563,7,44,17987.85,2,3,0,1000,0
15713673,33,494,1,15,44801.8,2,1,1,137853,0
15783083,27,534,9,12,27567.46,5,1,0,1000,0
15742824,42,696,7,12,39398.52,4,5,0,162318.61,0
15621550,50,535,1,8,5257.6,4,1,1,140292.58,1
15799480,34,600,0,30,33546.95,1,2,0,1000,0
15625247,34,807,1,24,34782.75,3,5,0,1000,0
15755241,52,714,2,33,1850.52,1,1,0,1000,1
15575679,24,590,7,39,34928.72,1,2,1,126431.54,0
15668235,41,614,3,15,36162.85,5,2,0,123475.04,0
15683183,45,766,6,35,42671.22,2,1,1,97652.96,0
15684592,42,557,4,16,26318.2,4,2,0,1000,0
15591169,49,788,4,4,30614.89,5,1,1,137455.99,1
15653455,38,648,2,6,7375.08,4,3,1,1000,0
15732563,33,726,7,22,32763.98,0,2,0,99046.31,0
15656471,33,773,9,40,46066.28,2,3,1,1000,0
15598510,27,583,4,41,18535.8,4,5,0,105907.42,0
15766427,52,565,5,24,44496.13,0,1,0,97720.35,1
15785342,25,705,9,18,44616.69,2,2,1,1000,0
15641595,43,685,4,27,12931.36,3,3,1,97392.18,0
15798429,29,741,8,35,12961.23,5,5,0,1000,0
15648136,28,658,9,28,5546.09,0,4,1,152812.58,0
15812482,27,575,3,37,7565.05,5,3,1,139301.68,0
15790810,41,844,10,24,6488.16,5,3,1,76319.64,1
15687421,67,559,9,37,5743.85,2,5,1,125919.35,1
15765643,37,725,6,46,15892.63,5,4,1,124348.38,0
15654878,29,450,7,5,17200.07,4,5,1,117199.8,0
15686835,57,738,9,46,39694.64,5,5,0,148384.64,1
15768340,19,642,3,10,11154.28,2,4,0,113905.48,0
15673599,32,618,5,34,18334.19,3,2,0,133476.09,0
15689096,47,590,0,13,5846.72,0,1,0,117879.32,0
15684294,50,735,2,10,11687.68,1,2,1,1000,0
15615828,34,550,8,23,12757.06,1,5,1,122359.5,0
15746012,28,729,0,19,46084.59,3,1,0,1000,1
15615797,59,743,5,15,21958.14,4,4,0,108585.35,1
15788494,31,555,8,1,13511.87,1,2,1,145875.74,0
15793856,36,667,3,49,8879.37,5,1,0,121542.57,0
15629545,41,790,7,17,28863.6,3,4,0,109508.68,0
15661198,34,727,2,14,41975.51,5,3,1,146407.11,0
15715117,39,744,6,5,12553.11,1,4,0,1000,0
15701074,35,629,8,40,28664.13,5,2,1,112330.83,0
15793046,35,619,4,35,13928.29,2,1,1,90413.12,0
15623744,34,634,8,4,4437.21,5,3,1,105302.66,0
15611329,35,608,6,39,5310.63,5,3,1,1000,0
15740428,35,507,1,4,46495.66,4,4,0,1000,0
15781534,35,536,4,29,39305.09,4,3,1,121520.36,0
15618243,43,730,1,45,16481.72,5,4,0,103960.38,0
15784161,39,583,8,40,38282.23,3,2,1,102945.01,0
15700325,24,644,8,28,44546.43,5,2,0,92760.55,0
15659064,37,790,8,22,29326.84,5,3,0,1000,0
15658364,40,807,1,48,3448.07,4,5,0,134590.21,0
15704340,37,581,10,46,7939.16,1,3,1,104255.03,0
15793455,55,627,6,42,44691.25,1,1,1,1000,1
15579777,41,850,3,11,29342.7,2,2,1,1000,0
15632345,35,754,4,13,23809.25,2,4,1,1000,0
15814468,50,551,1,46,41875.57,5,5,0,121399.98,1
15754820,35,637,8,14,31195.68,0,2,1,147127.81,0
15707505,31,699,8,10,13364.28,2,3,0,125927.51,0
15699507,25,542,7,3,43705.66,1,2,1,1000,0
15799600,48,640,1,30,26079.56,1,2,0,111599.32,0
15794472,27,553,3,42,26423.71,2,3,0,1000,0
15646632,38,741,9,34,41641.59,3,2,1,1000,0
15676353,35,598,8,29,7805.93,0,2,1,114212.6,0
15566312,42,660,5,30,46201.18,4,4,0,1000,1
15570414,41,618,4,35,1498.46,2,2,0,115251.64,0
15776743,43,647,9,45,18676.12,2,2,1,1000,0
15674637,68,491,3,16,43993.83,1,3,1,107571.61,0
15730418,32,652,2,15,36145.49,0,3,0,1000,0
15739972,45,650,9,18,24922.5,1,4,1,152367.21,1
15661591,39,413,1,11,48956.77,3,2,0,130969.77,0
15675585,25,416,0,14,5196.48,0,1,1,97738.97,0
15814750,34,629,8,28,42035.01,5,2,1,1000,0
15593454,40,678,4,25,21689.9,3,2,1,113794.22,0
15663421,28,527,6,1,3369.8,0,2,0,128396.33,0
15576196,48,743,5,13,34050.8,1,2,0,118207.69,1
15677324,73,683,9,25,8331.47,0,5,0,124730.26,0
15568742,41,536,9,3,1387.98,4,2,0,1000,0
15693764,52,663,0,40,6410.14,4,2,1,136298.65,1
15714260,38,646,2,44,22047.7,5,4,1,1000,0
15798200,35,707,2,7,19246.58,3,3,1,1000,0
15656627,34,602,5,46,18042.61,3,1,1,1000,0
15791111,47,635,2,29,8142.01,0,3,1,125724.95,0
15638269,67,597,2,25,18331.91,1,5,0,1000,0
15807473,38,503,1,25,1271.86,1,5,0,1000,0
15708534,64,524,5,46,23741.45,1,5,0,1000,1
15640686,46,700,5,17,36205.43,1,4,1,95872.86,1
15588904,33,692,9,18,38910.97,1,4,1,1000,1
15768763,37,562,2,3,36529.78,0,4,1,1000,1
15770543,37,679,7,46,23421.05,2,5,0,74260.03,0
15642162,35,603,1,23,37589.45,4,3,0,123407.69,1
15714046,33,720,3,28,41253.09,1,2,1,123783.91,0
15575060,24,797,5,35,13676.88,3,2,1,1000,0
15812040,36,594,6,36,32945.41,0,1,0,153880.15,0
15812073,31,529,7,7,19818.3,4,4,0,1000,0
15706810,32,606,1,41,35749.83,3,4,0,106301.85,0
15584090,40,621,7,26,17039.56,2,4,1,1000,1
15810807,43,513,9,7,13839.77,5,5,0,1000,0
15582033,44,753,3,8,6239.49,2,5,0,138076.47,1
15687607,30,605,9,29,38702.16,1,2,0,135422.31,0
15588406,37,574,7,28,35802.13,0,3,0,1000,0
15784099,38,726,5,3,15353.72,1,2,0,126875.62,0
15701352,28,611,3,34,38281.42,0,3,1,96381.68,0
15789371,41,593,4,13,1675.73,5,5,0,119703.1,0
15602845,41,466,2,43,21189.12,3,1,1,152102.18,0
15707918,36,741,0,1,3124.71,1,4,0,127675.39,0
15602812,44,684,2,32,703.7,0,5,1,133776.86,0
15675888,33,550,9,30,48958.07,4,1,1,72788.03,0
15591822,26,593,9,10,9144.57,1,2,0,76226.9,0
15738501,48,601,9,7,22309.49,1,2,0,163630.76,1
15585907,30,676,5,5,2243.99,4,2,1,1000,0
15579040,46,556,10,15,8100.26,1,3,1,1000,0
15804211,36,719,3,6,19957.63,5,4,1,155423.17,0
15736126,55,850,0,8,23683.36,4,1,1,98710.89,1
15745399,49,649,2,7,42526.19,0,4,0,1000,1
15760749,41,509,7,22,49448.24,0,3,1,126683.8,0
15637118,33,684,4,39,2702.12,5,2,0,140700.61,0
15657829,30,806,8,26,24800.81,3,3,0,168078.83,1
15738497,44,729,4,43,3820.25,0,1,1,107726.93,0
15690695,33,683,9,32,4220.04,3,4,1,1000,0
15762351,63,689,1,47,22723.91,3,5,0,1000,0
15791172,21,672,1,27,20734.25,1,2,0,35741.69,0
15598982,53,602,5,6,1851.75,3,1,1,98268.84,1
15734765,20,739,4,37,9285.77,3,2,0,133800.98,0
15642912,21,618,2,24,15451.08,3,4,0,125682.79,0
15769516,42,674,9,46,26783.46,3,5,0,1000,0
15789379,26,762,6,17,25554.24,4,5,0,130428.78,0
15695103,37,790,6,31,46569.05,4,4,1,1000,0
15801924,27,754,8,27,10748.88,1,4,1,1000,0
15767804,44,729,6,34,17968.68,4,1,0,1000,0
15718039,47,606,0,38,40477.96,1,4,0,137138.2,0
15579994,23,616,8,18,10601.6,4,2,1,73112.95,0
15595037,47,772,9,20,2638.7,3,5,0,152347.01,0
15600720,41,652,8,30,36766.4,2,4,1,115144.68,0
15782608,43,743,5,9,23362.37,4,1,0,1000,1
15566894,39,793,3,22,38259.37,5,2,0,137817.52,0
15749123,45,743,7,13,40162.58,5,1,1,157332.26,0
15668943,37,746,2,8,9777.88,1,1,0,1000,0
15577423,39,627,5,13,25192.9,5,1,1,124586.93,1
15623102,38,713,6,23,18252.65,0,4,1,116980.78,0
15728012,40,678,3,16,20794.78,3,1,1,128398.38,0
15683363,39,540,1,17,33651.03,2,5,1,1000,0
15699335,33,615,3,14,40139.56,4,1,0,137657.25,0
15574369,53,415,5,47,12135.62,1,4,1,167259.44,0
15703167,45,628,8,50,15436.47,0,5,0,1000,0
15754874,26,700,4,8,35119.58,3,5,0,119009.57,0
15723216,33,623,2,19,39144.75,0,1,1,80002.33,0
15725094,37,623,4,38,42914.53,5,2,1,140211.88,0
15647974,44,679,3,44,13545.5,3,5,0,118742.74,0
15583371,37,632,1,33,34411.68,4,2,1,138207.08,1
15772559,47,790,10,25,34858.15,1,3,1,148636.21,1
15711251,45,514,1,38,41542.04,4,2,0,178827.79,0
15719212,33,491,5,33,44914.4,4,3,1,83134.3,0
15764927,92,753,3,31,22221.67,2,1,1,121513.31,0
15731412,37,693,6,19,44198.69,4,5,0,95900.04,0
15719170,30,679,1,3,28169.76,1,5,0,112543.42,0
15596011,34,529,9,38,15260.04,2,5,1,1000,0
15614834,31,619,3,47,26523.49,2,1,0,141751.82,0
15600510,37,680,6,48,49017.56,2,5,0,124140.57,0
15625706,45,693,2,49,6964.16,0,4,0,116546.59,1
15781409,28,834,6,19,49078.12,5,3,1,1000,0
15722583,29,636,6,31,13752.77,0,4,0,157576.47,0
15677243,43,538,5,34,48995.86,0,1,1,1000,0
15815070,44,566,5,18,11578.44,0,3,0,141428.99,0
15705899,35,597,0,18,19859.56,0,2,1,127510.99,0
15701522,29,711,9,42,42859.83,5,5,1,1000,0
15755978,31,606,10,16,1660.89,4,4,0,1000,0
15722090,51,615,6,32,36947.92,2,5,0,81818.49,0
15783526,36,589,1,12,40180.65,0,4,0,100895.54,0
15632125,45,606,5,37,11192.62,0,4,0,63832.43,0
15688395,29,582,4,29,29687.52,1,5,1,1000,0
15666975,36,710,4,5,29838.12,3,2,1,116085.06,0
15682211,57,467,1,29,20383.1,3,2,0,1000,0
15637411,30,749,1,9,38768.23,5,4,1,1000,0
15591512,33,564,2,13,24298.6,2,2,1,115761.51,1
15606855,26,730,6,2,23626.84,0,2,0,1000,0
15763683,32,678,4,22,4239.34,4,3,1,139626.01,1
15641782,31,540,7,14,8258.09,1,3,1,1000,1
15677184,35,767,6,17,4981.01,2,5,0,115576.44,0
15775042,23,615,4,14,19632.64,4,4,0,1000,0
15616630,41,583,5,12,24807.55,0,5,0,77647.6,0
15800233,40,850,5,30,23271.3,3,1,1,1000,0
15588419,34,651,10,17,14155.23,2,1,1,148962.46,1
15595557,22,798,8,30,7894.79,4,5,1,1000,0
15626143,37,695,2,28,41920.79,5,5,0,1000,0
15566030,41,497,5,3,2326.09,4,5,0,80542.81,1
15701412,40,739,4,8,29465.68,5,2,0,1000,0
15702464,34,549,4,29,37502.94,5,3,0,1000,0
15573348,35,850,9,29,31969.92,3,5,1,102050.47,0
15704160,49,648,5,35,28220.92,3,1,1,1000,1
15693704,24,679,6,21,26438.25,1,4,1,114948.76,0
15664752,39,606,8,24,44146.75,4,1,0,136000.45,0
15628292,32,850,4,39,27728.83,5,4,1,156001.68,0
15621195,41,619,3,18,49416.19,2,2,0,147974.16,0
15668629,44,719,2,45,3117.36,5,5,0,1000,0
15635197,26,640,5,16,20170.82,2,5,1,90402.77,0
15592761,40,710,5,5,25333.77,4,5,0,1000,0
15574283,31,580,2,23,22773.48,4,3,1,1000,0
15598097,44,550,9,17,24032.4,1,2,0,1000,0
15711352,31,841,3,35,38275.89,5,2,0,162701.65,0
15620751,34,760,2,29,25723.07,2,4,0,1000,0
15656717,30,687,6,28,33011.25,4,5,1,1000,0
15643121,35,753,5,43,34845.73,2,5,0,82453.96,0
15723671,35,661,9,42,41004.21,1,4,1,100107.99,0
15752846,28,699,7,12,18623.11,2,1,1,1000,0
15640852,39,617,5,34,28725,5,2,0,83348.89,1
15789313,44,595,4,28,37367.74,5,2,0,96553.52,1
15793688,50,669,9,44,35642.37,2,4,0,201009.64,1
15770405,27,613,5,21,33614.28,4,2,1,125167.74,0
15702561,32,782,9,40,42783.49,2,2,1,1000,0
15625964,43,582,5,11,27131.92,3,3,0,153313.67,0
15761364,30,679,9,36,48156.74,5,2,0,1000,0
15590286,40,611,2,6,13873.52,3,5,0,125879.29,0
15587978,37,455,6,36,38120.34,1,3,1,170057.62,0
15773242,32,621,1,16,41400.71,0,1,1,1000,0
15761053,48,596,2,13,2285.55,3,4,0,131326.47,1
15702095,56,585,1,9,26554.66,5,1,1,128472.8,1
15764253,32,742,6,16,33100.79,0,1,0,160485.16,0
15700801,42,850,6,30,7167.38,3,5,0,84445.68,1
15730590,40,738,1,34,42495.92,1,4,1,115409.18,0
15643916,46,619,8,22,49500.75,3,1,1,62400.48,1
15720636,50,628,4,45,40433.85,4,2,1,143054.56,1
15795429,24,487,7,45,27347.22,0,4,0,133628.09,0
15609254,41,513,9,21,40928.2,5,4,0,107135.04,0
15625141,26,563,7,15,14277.56,0,4,0,1000,0
15810898,65,803,2,47,8783.57,1,4,0,151659.52,0
15775797,32,607,7,29,15133.11,1,4,0,1000,0
15795246,51,628,9,13,24527.27,1,5,1,155903.82,0
15795275,49,521,4,35,37235.23,4,1,0,82940.25,1
15571869,50,669,4,15,38491.55,1,2,1,112650.89,1
15694143,41,686,10,42,41239.9,1,2,1,1000,0
15748231,35,700,4,4,16693.5,3,5,1,95853.39,0
15632185,42,663,1,39,4371.63,4,1,0,82228.67,0
15806249,31,671,4,4,2278.1,0,1,1,1000,0
15743293,35,651,1,13,47247.99,4,1,0,163700.78,1
15598157,34,728,4,21,27744.34,0,2,0,106328.08,0
15700946,34,574,7,45,25353.63,3,5,1,152992.91,0
15722692,38,464,3,9,19092.15,2,2,0,116439.65,0
15696506,27,604,9,18,49780.93,1,4,0,101352.78,0
15728823,37,836,10,33,9522.81,4,4,0,1000,0
15808851,75,511,9,8,49056.58,2,2,0,105609.17,0
15675231,45,518,8,1,45406.17,0,1,0,1000,0
15732299,67,756,4,31,49051.2,5,5,0,1000,0
15706269,47,489,8,35,43617.03,5,4,1,103894.38,0
15590078,27,622,9,26,16333.25,1,2,0,139834.93,0
15776985,36,652,6,12,17431.45,0,3,0,112518.71,0
15756743,37,625,7,17,9963.31,2,2,1,115895.42,0
15782364,39,521,3,48,2399.92,2,5,0,146408.68,0
15604093,34,546,4,18,4924.48,2,5,1,165363.31,1
15749328,45,697,1,30,2379.23,3,3,1,1000,1
15656322,33,571,3,9,37516.15,0,5,1,71843.15,0
15685564,35,748,5,13,45111.89,3,2,1,105492.53,0
15785831,35,591,7,25,17519.43,5,4,0,183027.25,0
15796218,29,814,1,25,46145.52,2,5,1,131968.57,0
15716218,45,709,3,26,13067.08,0,2,0,104118.5,0
15572735,27,433,2,1,1622.44,3,5,1,1000,0
15633840,20,781,0,3,6748.95,1,2,1,125023.1,0
15608760,30,656,4,39,32765.29,0,1,0,74323.2,0
15627848,38,683,7,39,37417.97,3,2,0,109346.13,0
15792029,32,620,6,1,44218.62,1,4,0,1000,0
15617331,39,637,3,47,17147.65,2,1,1,109698.41,1
15651740,30,525,5,27,47673.39,0,4,0,1000,0
15636407,34,793,5,4,35445.58,3,4,1,127758.09,0
15607526,50,638,1,3,22630.6,5,3,1,102645.48,1
15632576,31,520,4,8,16757.35,1,1,1,93249.4,0
15581505,35,641,5,29,46844.64,0,3,1,1000,0
15612207,51,840,1,7,432.08,4,1,0,87779.83,1
15707242,40,504,5,4,6772.41,5,3,0,1000,0
15721937,38,686,0,19,34371.53,4,2,1,138131.34,0
15773852,38,533,4,13,39452.09,5,5,1,70362.52,0
15719778,32,577,1,49,42320.4,0,2,1,1000,0
15650538,48,445,7,26,15403.46,5,1,0,168286.58,1
15797475,44,720,3,21,25325.41,3,5,1,86102.27,1
15780359,25,643,4,34,30750.73,3,3,0,115142.9,0
15737104,47,652,0,10,517.52,3,3,0,126597.89,1
15789936,33,663,2,48,18633.6,3,3,1,1000,0
15709523,30,525,0,28,45018.12,5,1,0,157989.21,0
15593425,54,662,1,20,25916.87,3,3,0,187997.15,1
15776725,54,724,8,42,23500.51,4,5,1,172192.49,0
15604706,38,581,1,5,22107.47,4,3,1,133105.47,1
15790958,38,685,4,5,24927.36,3,3,1,1000,0
15747534,46,595,10,24,24236.48,3,1,1,1000,1
15574237,21,588,8,41,38117.24,2,2,0,1000,0
15690332,35,647,3,28,33026.88,2,2,1,192407.97,0
15661290,38,785,9,23,17517.48,3,4,0,107199.75,0
15651883,55,794,6,35,34289.48,1,4,1,115796.7,1
15808905,37,823,5,17,21110.5,5,4,1,164858.18,0
15715532,38,687,4,35,40248.52,5,4,0,117633.28,0
15786078,28,850,9,37,12809.85,0,5,1,1000,0
15652401,36,496,7,20,27033.47,1,2,0,1000,0
15673074,30,527,6,46,22677.35,1,4,1,126663.51,0
15598744,71,576,6,32,28144.11,5,5,1,140273.47,1
15785975,60,525,7,45,16021.85,1,4,0,1000,0
15613180,21,727,8,49,10485.02,0,5,1,153344.72,0
15584229,23,671,9,30,14259.75,0,3,0,123943.18,0
15773804,39,625,5,15,1200.04,3,1,1,1000,0
15699515,33,643,7,26,35643.91,2,3,0,98630.31,0
15705313,33,707,2,49,21881.07,3,2,1,58036.33,0
15693817,28,539,5,25,4361.55,1,2,1,1000,0
15673790,45,498,7,36,35926.67,4,1,0,109200.74,0
15674868,30,696,0,14,25347.51,4,3,0,1000,0
15692110,33,758,7,16,44224.3,1,3,1,1000,0
15645904,33,685,6,5,4224.27,2,2,1,1000,0
15581332,30,655,1,49,46552.16,3,2,0,83173.98,0
15808544,40,747,3,43,3836.39,4,1,1,1000,1
15734948,24,601,7,50,24351.1,0,4,1,1000,0
15654531,22,477,5,50,44020,1,1,0,82559.42,1
15637774,32,558,5,2,34244.69,1,3,0,73494.21,0
15677141,29,586,2,29,33824.92,1,3,1,132450.24,0
15739578,49,850,6,4,6327.21,4,4,0,128663.9,1
15697360,36,505,2,27,19522.71,4,5,0,79951.9,1
15655213,51,591,8,25,21494.1,2,1,0,132508.3,1
15580872,38,761,1,18,8042.93,2,5,0,120530.13,0
15683213,35,554,10,27,17146.46,3,3,1,74988.59,0
15801188,47,774,6,7,33215.73,4,3,1,94722.88,0
15645029,33,771,5,48,23952.35,1,1,1,1000,0
15633181,31,792,6,6,26601.11,5,3,1,71269.89,0
15598259,41,673,9,31,43706.7,0,5,0,98612.1,0
15576000,40,765,6,11,38231.16,0,4,0,138033.55,0
15766047,41,748,2,31,4614.61,3,4,0,91621.69,0
15596339,54,422,3,24,9645.89,4,2,0,140014.42,0
15715199,27,568,5,45,7843.86,5,2,1,126815.97,0
15615938,64,502,3,36,21696.4,2,4,0,139663.37,0
15679991,28,524,7,12,37984.79,2,3,0,1000,0
15626135,34,689,1,10,29062.48,3,4,0,165312.27,0
15792934,26,661,8,47,21846.65,0,3,0,1000,0
15744046,33,606,8,22,32454.81,4,4,1,1000,0
15700826,54,678,1,42,38745.15,5,2,0,123699.28,0
15756301,29,636,3,10,11038.11,3,5,1,97325.15,0
15586517,32,647,5,33,13582.77,5,3,0,97041.16,0
15751297,36,732,5,16,5015.58,5,5,1,1000,0
15710365,50,646,0,19,3554.97,4,3,1,104129.24,1
15679307,43,559,1,44,5704.89,2,2,1,1000,0
15610753,28,581,3,30,26880.4,4,3,0,104367.5,0
15811036,46,565,7,30,47316.77,1,2,1,135369.71,0
15610912,41,657,6,16,24423.6,5,5,1,112119.48,0
15619932,66,847,7,6,30092.5,3,3,1,123760.68,0
15746199,41,558,6,19,8056.98,2,1,1,1000,1
15584967,57,596,6,28,3209.82,2,2,0,1000,0
15734365,39,579,5,41,15611.44,3,3,1,1000,0
15726960,36,741,3,45,40024.04,1,3,1,1000,0
15665177,44,613,3,30,35863.73,0,5,0,1000,0
15779915,31,694,5,42,44363.92,1,5,0,1000,0
15729110,42,729,7,5,17580.91,4,5,0,1000,1
15575399,42,480,1,16,22886.85,0,3,1,152160.21,0
15678374,59,666,5,37,38100.19,2,1,1,1000,0
15792679,24,575,2,45,23745.73,2,3,1,1000,0
15668767,36,850,3,44,1978.25,2,1,1,1000,0
15761886,36,740,4,14,48901.93,5,3,0,172381.8,0
15583076,41,588,6,31,14476.11,1,2,0,106116.56,0
15815615,36,681,5,29,27669.27,2,1,0,141952.07,0
15591942,33,611,7,24,8853.97,3,5,1,1000,0
15724924,37,589,6,10,19628.09,1,2,0,138497.84,0
15762123,34,717,1,3,23043.64,3,3,0,1000,0
15567893,33,556,3,22,24539.44,0,5,1,124213.36,0
15648989,37,850,4,44,46509.37,1,5,1,126872.6,0
15662021,42,685,2,34,32114.9,3,1,0,1000,0
15691627,37,713,8,4,35154.51,0,3,0,1000,0
15731751,26,437,1,37,30123.16,0,5,0,120923.52,0
15635277,47,605,7,15,8732.09,3,5,1,142643.54,0
15655252,41,758,10,29,24874.06,1,1,0,79857.64,0
15803941,46,600,10,19,21282.41,1,4,1,95502.21,0
15714380,38,827,5,47,15236.92,2,5,1,1000,0
15666559,23,608,8,22,18731.93,4,5,1,197715.93,0
15799998,30,608,8,45,12935.83,3,5,1,85859.76,0
15703763,44,554,7,1,26565.85,0,3,0,85304.27,0
15795640,35,683,1,31,49714.75,4,4,1,132371.3,0
15780056,33,660,4,22,5987.83,1,3,0,1000,0
15777873,31,628,5,33,10344.81,1,3,0,1000,1
15584749,39,668,4,14,44950.06,4,4,1,79896,0
15765258,29,776,5,41,48738.38,0,5,1,1000,0
15623346,36,820,4,21,8522.83,0,3,0,1000,0
15614054,36,665,1,30,34700.23,5,1,1,1000,0
15766185,31,850,4,47,17171.54,3,4,0,146587.3,0
15667632,42,703,7,40,48745.96,3,1,0,1000,0
15599024,32,506,8,25,23007.33,2,2,1,1000,0
15798709,32,588,3,3,45956.06,1,3,1,109109.33,0
15741921,26,622,8,4,27964.13,5,1,1,1000,0
15793671,34,606,5,30,35556.56,4,2,1,1000,0
15797900,56,517,9,13,20328.45,0,3,0,142147.32,1
15667932,43,758,10,7,13372.63,2,3,0,1000,0
15795933,49,677,3,9,6638.75,3,3,1,1000,0
15660403,35,827,0,25,29925.45,5,4,1,1000,0
15736299,36,729,8,36,11858.51,0,3,1,109106.8,0
15759034,36,654,2,40,49298.88,0,2,0,112262.84,0
15724663,36,654,5,24,11504.78,0,5,1,1000,0
15594556,52,619,8,45,6277.19,4,4,1,1000,0
15737169,26,642,8,25,22171.84,1,2,1,144238.7,0
15632472,32,472,1,19,23127.16,5,5,0,159397.75,0
15722813,30,470,4,42,31784.28,1,2,1,125385.01,0
15588450,60,633,8,8,44794.42,3,4,1,69365.25,0
15736717,31,602,7,47,40495.62,5,5,1,155271.83,0
15680683,29,640,5,14,41953.16,5,3,1,197200.04,0
15710316,48,454,5,9,14700.33,3,5,0,144837.79,0
15746333,57,562,3,21,2686.98,2,1,1,1000,1
15606861,34,636,8,50,47641.09,2,1,0,1000,0
15641285,50,621,3,35,49131.79,2,1,0,163085.79,0
15662908,38,795,7,5,23815.26,3,2,0,125903.22,0
15814267,22,550,6,1,4241.25,4,1,0,154377.3,0
15614923,41,630,7,19,7481.29,0,1,1,107511.52,0
15579223,30,573,8,50,31936.7,0,5,0,127406.5,0
15651389,24,561,8,33,6899.56,5,4,1,143656.55,0
15677087,39,662,5,26,47739.58,0,5,0,138106.75,0
15665784,27,637,9,1,2147.05,2,3,0,128940.24,0
15576706,37,651,9,49,10986.07,2,3,1,114453.58,0
15615473,33,646,2,9,48507.5,4,4,0,1000,0
15587299,48,567,3,23,9171,3,5,0,1000,0
15655389,41,638,1,42,8644.47,0,5,1,131762.94,0
15784491,31,725,6,2,37260.53,2,5,1,1000,0
15809999,41,709,3,35,5703.34,4,2,0,150300.65,0
15681115,39,787,10,35,27146.1,1,3,1,108935.39,0
15629390,37,653,7,26,14971.5,5,3,0,135847.47,0
15792668,37,661,7,44,36272.5,1,5,1,109908.06,1
15583863,49,681,8,28,16151.72,1,5,1,142946.18,1
15681878,45,436,3,29,16319.11,4,2,0,104339.11,1
15782875,33,663,5,25,44588.97,5,5,0,157274.36,0
15732235,64,662,0,44,25617.37,0,4,0,98848.19,0
15735909,39,607,8,45,3250.1,0,5,0,105103.33,1
15653448,34,754,7,32,49880.86,0,2,0,1000,0
15587647,66,850,0,24,32656.21,1,1,1,127120.62,1
15701037,39,578,2,47,7422.05,1,3,1,1000,0
15727499,36,666,3,27,1684.25,2,5,0,129118.5,0
15724838,43,599,4,29,23825.86,1,4,0,1000,0
15666711,46,586,0,43,19974.96,4,4,0,1000,1
15588933,36,825,3,5,7104.24,1,3,1,146053.66,0
15763111,67,808,10,19,7756.13,0,5,1,124577.15,0
15805676,29,515,4,22,5559.16,4,4,0,151012.55,0
15586674,58,663,5,9,44460.91,1,2,0,216109.88,1
15744553,34,444,2,33,48888.62,3,2,1,144318.97,0
15776629,39,650,4,3,27588.56,4,5,1,1000,0
15647207,26,609,7,19,11715.31,3,1,1,1000,0
15715638,77,824,3,2,34387.09,5,5,1,27517.15,0
15750602,29,662,5,21,22845.88,2,3,0,147092.65,0
15766810,51,699,2,2,35145.59,4,1,1,92246.14,0
15756625,41,752,8,33,34166.46,3,4,1,1000,1
15639552,40,603,8,17,27609.69,1,5,1,148897.02,0
15633213,50,628,8,5,14948.72,4,2,1,1000,1
15610416,36,745,9,50,9668.99,4,1,0,1000,1
15715208,33,804,10,35,49132.16,4,4,0,138335.96,0
15619608,50,454,10,39,26571.21,5,5,1,92895.56,1
15628697,46,631,9,49,32613.8,1,4,0,160736.63,0
15643826,32,503,4,5,41109.96,1,4,0,1000,0
15718588,37,548,9,26,30317.91,4,5,1,1000,0
15709741,28,668,4,33,3859.23,0,2,0,107141.27,0
15723318,55,619,0,36,17951.02,5,3,1,1000,1
15717328,37,842,4,40,30192.78,2,4,0,132446.08,1
15771299,57,707,1,15,35969.4,1,1,1,92053,1
15706223,38,715,2,37,35746.05,1,3,0,96798.79,0
15612358,35,573,9,5,5708.4,0,4,0,134498.54,0
15769191,55,509,8,10,947.71,5,1,1,132387.91,0
15618816,40,670,2,22,5851.77,5,4,1,147171.2,0
15730810,44,613,9,35,383.96,1,5,0,100524.69,0
15783463,26,678,1,25,36428.21,3,4,1,1000,0
15616213,51,555,9,23,623.54,1,2,0,138214.5,1
15611287,30,777,4,31,9143.39,3,5,1,1000,0
15786454,55,552,3,46,21388.62,1,4,1,1000,0
15768682,39,640,3,16,9357.29,4,2,1,1000,0
15766172,34,541,3,23,33031.48,5,4,1,128743.55,0
15637646,31,756,10,22,35464.32,3,5,1,122647.32,0
15653404,24,684,9,38,21828.98,3,3,1,79263.9,0
15690546,42,618,2,23,5158.16,1,5,0,1000,1
15735636,53,604,2,11,16160.54,3,5,0,121389.78,1
15605424,38,624,7,2,46162.17,3,2,1,123906.55,0
15568449,38,661,7,40,45743.43,1,5,0,143006.7,0
15688085,28,627,3,26,15692.8,4,2,1,157597.61,0
15683483,38,812,3,48,48238.34,5,1,0,127117.8,0
15659567,39,473,9,47,35113.84,2,2,0,117103.26,1
15766667,36,717,2,8,26422.41,4,3,1,102989.83,0
15624975,28,693,1,18,20280.55,3,5,1,145118.83,0
15660878,92,705,1,15,46049.2,1,1,1,126076.24,0
15586557,41,661,5,32,37282.84,5,5,1,1000,0
15746183,27,573,4,5,34333.23,5,4,0,1000,0
15631457,37,639,5,39,7264.84,2,5,1,98186.7,0
15754053,67,718,7,33,17275.08,4,2,0,1000,0
15645839,37,570,6,4,28876.27,2,3,1,1000,0
15689955,40,461,7,10,24573.25,3,5,1,1000,0
15593510,33,638,5,20,2848.58,0,3,0,129335.65,1
15654964,48,608,7,5,35104.87,3,3,1,75801.74,0
15594039,42,599,6,33,16026.46,4,3,1,1000,0
15625929,44,762,7,45,9176.74,5,4,1,159316.64,0
15815295,38,662,2,17,26345.19,0,5,1,96479.81,0
15621818,29,747,7,11,15452.4,3,5,1,117726.33,0
15652700,39,539,6,14,46508.65,3,5,0,1000,0
15636860,43,625,4,27,42176.18,3,4,0,122351.29,0
15569432,48,656,9,16,33421.66,1,3,0,1000,1
15751455,48,469,5,2,33082.91,5,5,1,1000,1
15800583,43,621,8,23,38047.57,5,3,0,1000,0
15770214,27,754,7,41,24212.53,2,3,0,1000,0
15613463,50,679,6,46,31185.26,4,3,1,132598.38,0
15587066,38,535,2,5,33767.26,5,5,0,119272.29,1
15693752,37,487,2,13,48062.58,0,5,0,1000,0
15714874,42,850,3,3,42489.79,5,3,1,1000,0
15657809,55,585,10,27,13554.01,1,1,1,106415.57,1
15651955,31,603,4,12,39475.07,5,5,0,1000,0
15570912,32,728,9,20,47170.43,3,5,1,127772.1,0
15640266,41,621,5,47,46266.23,5,1,1,104631.67,0
15652069,30,833,1,28,9355.5,5,3,0,1000,0
15596074,37,502,10,21,8793.22,3,2,0,1000,0
15800268,37,825,6,3,2839.19,5,2,0,118050.79,0
15809847,46,668,0,18,11097.28,5,2,0,1000,0
15599074,40,487,6,31,39560.36,3,4,1,136093.74,0
15599591,39,600,7,13,39931.24,1,4,0,88477.36,0
15776096,34,606,3,17,37452.69,3,2,1,161572.24,0
15611669,50,623,7,14,13648.69,5,2,0,126608.37,1
15694098,54,575,9,23,20678.24,1,3,1,68332.96,0
15713347,48,577,6,28,35251.4,5,3,1,179852.26,0
15713094,25,651,8,47,27173,2,5,1,1000,0
15811978,46,693,2,23,39651.73,1,3,1,104763.41,0
15799925,60,800,6,15,20961.26,1,2,0,88541.57,0
15692575,38,760,6,6,29368.46,1,2,1,162888.73,1
15743149,35,711,8,38,22437.4,3,3,0,1000,0
15776947,43,637,8,41,47074.46,3,3,1,1000,1
15700656,32,662,9,36,14372.37,5,2,0,1000,0
15594515,44,568,7,33,35647.85,0,2,1,1000,1
15787884,30,692,7,12,14546.65,4,5,1,1000,0
15577988,35,614,1,12,18622.17,4,5,0,1000,0
15795586,35,478,1,20,27370.37,1,3,1,92474.05,0
15677739,36,562,6,36,20004.28,5,4,1,1000,0
15720134,30,709,9,7,41623.31,1,1,1,115479.48,0
15688868,26,684,5,13,47747.74,3,4,1,87098.91,0
15642996,42,546,9,21,49857.72,2,3,0,86351.85,0
15771222,42,779,5,33,47838.28,5,5,0,1000,0
15605059,63,576,3,19,45467.67,1,4,0,148843.56,1
15568088,44,481,3,45,32545.67,1,2,0,163714.52,0
15665943,25,445,6,34,10612.56,1,3,1,1000,0
15795571,36,606,0,22,28998.38,5,4,1,94153.56,0
15662243,50,559,5,17,7864.64,2,3,1,162702.35,1
15593128,56,608,10,31,6376.12,1,1,0,129255.2,1
15589739,41,698,3,28,1373.84,0,3,1,90605.29,0
15787602,39,568,5,40,25700.29,4,5,1,1000,0
15685019,29,528,3,41,217.02,5,3,1,102787.42,0
15704209,39,802,7,6,12418.52,2,4,0,120145.96,1
15605264,47,669,0,23,29619.19,2,2,1,63723.78,0
15708265,24,581,10,26,6496.59,4,2,1,159203.71,1
15740264,38,640,9,8,6798.64,5,5,0,1000,0
15615477,44,529,1,39,18794.72,0,5,0,1000,0
15727361,51,547,1,46,9409.61,2,2,1,1000,0
15760216,49,718,10,14,33782.51,5,4,0,1000,1
15806134,34,707,9,14,6675.36,1,1,0,162691.16,0
15601351,43,735,9,44,42029.37,5,4,1,127806.91,0
15669262,43,765,9,26,10180.16,4,4,1,157960.49,0
15696989,52,469,8,45,33930.83,5,3,0,139493.25,1
15688498,21,594,2,28,12956.82,0,4,1,87096.82,0
15686964,34,675,10,50,37613.76,4,4,0,84944.58,0
15625035,50,703,8,1,29413.43,1,4,0,160139.59,0
15618391,33,810,6,26,5033.34,2,4,0,1000,0
15591344,42,715,6,41,43763.31,4,5,1,1000,0
15605455,40,664,9,19,30937.51,3,4,1,1000,0
15680804,29,850,6,3,22189.75,2,5,0,1000,0
15768282,36,724,6,19,9837.09,5,5,1,94615.11,0
15685826,30,563,7,20,12248.89,0,1,0,90727.79,0
15793491,26,714,3,27,26199.94,5,5,0,119545.48,0
15797787,36,614,1,16,12413.57,1,2,0,118311.76,0
15611171,33,740,1,30,43833.9,4,1,1,129574.98,0
15601627,33,587,8,10,37611.5,4,3,1,148163.57,0
15734085,24,465,5,42,30766.03,2,5,1,117154.9,0
15809309,40,689,5,42,31227.81,3,5,0,154251.67,0
15809462,30,656,3,31,27896.5,0,2,1,1000,0
15634628,33,579,1,2,4234.48,1,1,1,65667.79,0
15775678,44,716,1,19,5930.82,2,3,1,1000,0
15579526,42,551,1,38,9731.79,0,3,1,50194.59,0
15779103,39,527,9,32,46448.83,2,3,1,96748.89,0
15738715,37,600,4,11,24035.53,5,3,1,1000,1
15593943,43,685,1,13,28751.43,5,4,1,132667.17,0
15754574,36,738,5,40,17987.13,3,2,0,1000,0
15737814,41,622,2,9,38918.02,0,4,0,127087.06,1
15670889,34,528,1,33,4195.54,1,2,1,125566.9,0
15629299,52,546,1,50,9984.53,3,5,0,106074.89,1
15771569,46,576,4,11,37983.77,2,3,1,137367.94,0
15811927,38,733,3,20,47594.69,0,1,1,157658.36,0
15785654,45,727,6,27,16823.66,3,1,0,114422.85,1
15665524,41,605,5,35,11306.45,3,3,1,103154.66,0
15736287,33,586,9,43,19897.13,2,2,1,1000,0
15765732,24,564,6,47,27374.91,3,1,0,149592.14,0
15797381,48,593,3,6,26041.3,0,1,1,133903.12,1
15598536,26,736,0,22,23558.79,3,2,0,84587.9,0
15664506,32,675,8,1,10157.93,0,2,0,197436.82,0
15575619,32,656,1,20,11871.8,1,2,0,104254.27,0
15587394,39,462,4,37,22738.25,4,1,1,140133.08,0
15654457,30,685,2,20,43407.84,5,5,0,1000,1
15762793,36,850,0,34,45734.69,5,4,0,136980.23,0
15658067,48,636,3,35,43545.78,5,1,1,120568.41,1
15642816,27,850,7,40,20979.13,1,2,1,43658.33,0
15693088,37,628,9,13,43700.1,3,4,1,1000,0
15793883,28,798,3,13,9855.26,0,1,0,1000,0
15665283,57,610,7,39,2377.37,3,4,1,72092.95,1
15680421,42,591,10,32,39388.17,0,4,1,1000,0
15695148,37,614,9,37,12986.41,3,1,0,1000,0
15636592,35,651,0,28,41807.9,3,5,0,181821.96,1
15772618,25,665,7,1,43620.22,5,1,1,90920.75,0
15724453,23,570,2,12,42568.26,0,2,1,1000,0
15565878,29,631,3,44,1721.67,5,1,0,1000,0
15609160,32,586,1,10,21382.3,2,3,0,1000,0
15678460,30,691,9,22,9562.29,3,1,1,1000,0
15662571,35,639,8,23,44132.96,0,4,1,1000,0
15606849,27,698,1,20,12561.5,0,1,0,94920.71,0
15670738,45,733,2,35,5225.71,0,3,0,113939.36,0
15662641,19,850,8,38,19557.46,0,5,0,1000,0
15727539,31,618,4,30,22407.09,4,2,0,1000,0
15651020,25,473,6,31,26690.38,5,1,1,110666.42,0
15673877,39,490,1,22,49430.69,5,1,0,1000,1
15760865,48,754,7,46,38328.9,3,3,0,141819.02,1
15705009,56,649,8,18,47196.78,0,5,0,156974.26,1
15657540,50,578,5,43,8955.92,0,4,1,151215.34,0
15707441,26,690,8,43,29332.48,5,5,1,116318.23,0
15694765,49,610,6,40,48646.35,5,2,0,113882.33,1
15649086,42,596,7,32,19017.12,4,2,0,1000,0
15650488,48,492,6,32,41720.68,4,1,0,127253.98,1
15760924,41,575,2,39,23274.53,4,2,1,100062.39,0
15700263,66,569,2,7,18435.03,1,3,1,1000,1
15806922,41,674,4,10,5456.8,1,5,0,126605.14,0
15637522,31,507,0,43,46867.54,1,1,1,106942.08,0
15636548,44,457,7,25,28164.7,5,5,0,1000,0
15566891,41,584,3,28,43200.6,5,3,1,88594.93,0
15627185,29,744,6,2,22217.16,5,4,1,123737.04,0
15754012,35,687,1,30,17198.33,4,4,0,110752.15,0
15627514,46,688,3,27,39746.43,1,1,0,1000,0
15661433,34,519,5,35,36791.78,2,4,0,1000,0
15610653,38,733,5,45,4817.68,5,4,0,1000,0
15667002,43,666,5,4,12637.34,1,2,0,1000,0
15709199,40,511,1,34,23558.39,2,4,1,1000,0
15710087,54,705,3,28,24303.72,3,4,1,125889.3,1
15679884,48,544,10,9,40035.16,3,2,0,78314.63,1
15784180,36,564,7,17,12829.17,1,2,0,206329.65,1
15808849,40,702,7,22,21390.06,4,3,0,145536.9,0
15751549,31,658,2,29,8889.47,2,3,0,77082.65,0
15588235,24,654,8,2,47018.91,5,3,1,145081.73,0
15640418,41,649,4,45,47024.53,5,4,1,115897.73,0
15721116,24,597,0,44,37916.04,3,3,1,108058.07,0
15599084,33,782,7,8,27889.56,2,2,0,191523.09,0
15773394,38,644,3,31,11919.71,2,4,1,1000,0
15625713,39,679,7,22,27525.13,2,5,1,91187.9,0
15766417,60,678,2,45,21358.17,3,3,0,1000,0
15622578,34,806,5,41,19955.33,3,3,0,113958.55,0
15799924,43,668,1,15,33833.71,1,4,0,147167.25,0
15618363,29,659,9,39,1791.86,1,3,1,82916.48,0
15637138,34,660,1,18,22289.14,1,3,0,1000,0
15781665,37,601,5,44,17353.49,2,5,1,1000,0
15804853,48,781,0,7,35950.17,3,3,1,57098.96,1
15651627,39,628,1,29,45553.13,3,2,0,115341.19,1
15680685,30,751,3,42,18348.76,3,5,0,165257.2,0
15808930,37,531,1,12,4611.34,1,2,0,1000,0
15570970,42,647,9,12,20631.41,3,4,1,1000,0
15679961,46,708,7,23,13346.18,4,5,0,68799.72,0
15705458,39,550,2,29,27161.9,4,4,0,116120.19,0
15750396,33,670,1,6,5672.34,2,1,0,1000,0
15679928,31,592,2,50,21113.57,2,4,0,84102.11,0
15711181,50,589,4,19,42123.45,0,1,0,1000,0
15698324,33,725,4,25,33177.95,0,5,1,1000,0
15807433,43,570,9,19,3686.16,0,5,1,1000,0
15636590,46,575,1,29,29158.06,3,2,0,1000,0
15628950,25,501,6,7,7077.54,0,4,0,104013.79,0
15617206,42,431,8,7,31952.46,0,5,1,120822.86,0
15603741,40,719,4,18,41379.1,3,2,1,128389.12,0
15742607,36,850,7,8,36820.19,3,3,1,102800.72,0
15747821,31,554,6,26,42380.96,4,5,1,135470.9,0
15612043,36,418,7,22,15060.16,2,3,1,90145.04,0
15809558,31,715,7,39,18380.24,2,2,0,1000,0
15803750,33,750,3,20,2614.84,5,2,0,161801.47,1
15704681,37,766,2,2,23929.97,2,1,1,99660.13,0
15667392,38,652,6,21,15673.3,2,2,1,123081.84,0
15738889,42,658,8,25,29596.89,4,4,1,102870.93,1
15598838,37,659,1,14,46541.78,5,4,1,151105.68,0
15579109,35,574,5,11,35872.47,2,1,1,163856.76,0
15799042,38,611,7,33,45872.57,1,2,1,1000,0
15697042,35,738,8,14,3398.29,4,4,0,127290.61,0
15696605,49,571,4,34,24449.85,1,5,0,180614.04,0
15802274,44,686,7,8,37605.44,4,5,0,55053.62,0
15596808,33,679,4,19,9030.29,0,3,0,96110.22,0
15705403,46,617,3,31,31499.45,0,3,1,106521.49,0
15732903,39,673,7,27,42764.52,4,3,1,82255.51,0
15581968,33,745,1,20,34845.36,0,5,0,1000,0
15683892,26,677,3,22,41162.74,3,1,0,102395.79,0
15595447,39,613,8,37,30991.11,5,4,0,118201.41,0
15569249,55,576,6,23,11854.07,1,1,0,44582.07,1
15656188,30,584,5,19,43187.83,4,1,0,1000,0
15689661,22,663,6,48,14358.53,2,4,1,1000,0
15644934,26,466,9,40,41497.74,5,3,1,105522.06,0
15721793,50,510,7,45,45414.14,3,4,0,123936.54,0
15687413,38,619,6,1,30735.71,4,2,0,1000,0
15761286,66,696,7,47,41082.66,2,4,0,119499.42,0
15658240,44,554,9,47,31359.03,2,4,0,135814.7,0
15706232,52,595,9,48,31510.47,1,4,0,1000,1
15583394,39,659,8,50,34787.83,0,2,0,106259.63,0
15715643,44,662,8,26,42432.27,0,3,1,1000,0
15644856,38,556,2,32,26921.02,2,1,1,115463.16,0
15785488,39,701,9,29,34158.65,5,4,1,1000,0
15711571,42,587,5,26,30374.72,5,2,1,120233.83,0
15778604,47,571,7,1,28030.3,3,5,0,1000,0
15751180,40,539,7,37,1664.42,3,1,0,81132.21,0
15748360,34,644,10,33,10148.31,5,3,0,122196.99,0
15770039,39,572,4,42,2966.34,3,2,1,112290.22,1
15685096,50,753,4,33,47474.78,3,5,0,1000,0
15669501,35,706,5,28,44822.39,5,1,0,1000,0
15622631,44,588,8,40,46757.73,1,2,1,154409.74,1
15586699,32,825,9,31,27700.16,5,3,0,1000,0
15702377,48,627,1,24,47024.62,5,2,1,132759.8,0
15577170,60,532,5,23,23942.78,1,1,0,76705.87,0
15769451,44,764,1,19,23133.61,4,5,0,1000,0
15811877,36,700,4,48,2509.41,1,4,1,1000,0
15648725,41,660,3,16,34347.05,5,3,1,1000,0
15752801,29,518,9,45,40143.84,5,2,0,125961.74,1
15808175,39,557,7,46,35564.45,4,3,0,49572.73,1
15681342,35,639,1,3,47694.15,2,2,0,103015.12,0
15589210,24,557,4,38,44517.14,2,1,0,1000,0
15696826,32,633,1,14,23247.91,1,5,0,104001.38,0
15614962,50,623,2,23,29974.1,0,1,0,87116.71,0
15689061,68,611,5,33,27120.74,0,2,1,82547.11,0
15640074,47,666,5,30,44112.42,4,2,0,1000,1
15776156,27,521,4,30,9408.76,5,3,0,121325.84,1
15739548,28,775,9,5,3746.24,1,4,1,111167.7,0
15662854,48,681,5,36,24251.99,4,2,0,139714.4,0
15687688,32,564,10,28,4087.28,1,5,0,139875.2,0
15715750,44,646,2,17,4957.2,0,1,1,113063.83,1
15571121,50,670,8,30,33273.94,5,1,1,138340.06,0
15726466,43,751,1,27,37437.6,3,1,0,114974.24,0
15660390,33,544,6,29,32425.87,2,2,0,1000,0
15663942,38,639,5,21,24851.87,0,3,0,1000,0
15638610,65,635,5,21,42597.01,0,2,1,117325.54,1
15644446,28,672,6,11,39431.49,4,1,1,1000,0
15585892,35,639,8,4,19444.53,0,1,0,1000,0
15609356,25,697,1,12,30046.21,3,2,1,1000,0
15803378,44,850,8,10,31267.26,0,1,0,1000,0
15599440,34,748,8,32,29442.92,5,1,0,1000,0
15692408,35,463,2,16,15632.65,2,3,1,1000,0
15683168,30,572,6,25,37141.79,2,3,0,1000,0
15790254,50,741,1,30,28487.84,4,3,1,78737.61,0
15767729,25,646,5,46,13046.67,3,2,0,182876.88,1
15768600,50,805,9,8,14205.23,4,3,0,130023.38,1
15699839,36,637,2,19,5796.97,2,3,0,152606.82,0
15786237,28,651,7,49,25988.47,5,2,1,1000,0
15694530,28,672,4,40,40219.57,5,3,0,167268.98,0
15796813,54,493,3,13,13711.3,1,3,0,167831.88,1
15605791,29,524,9,48,33919.28,1,5,1,144287.6,0
15714087,45,624,5,20,15513.18,0,3,1,151855.33,0
15711446,51,569,3,8,3457.75,1,4,0,1000,1
15588123,27,677,2,10,22655.86,0,3,0,1000,0
15748552,37,464,4,42,24256.05,5,3,1,155994.15,0
15618410,26,718,7,18,21813.07,5,2,0,147527.03,0
15672432,53,594,4,8,33078.73,5,4,1,1000,1
15610042,33,574,8,21,3033.41,3,1,1,100267.03,0
15580914,48,478,0,9,5519.52,2,5,1,83287.05,1
15583680,41,615,4,20,48658.45,3,3,1,1000,0
15813718,45,651,4,13,27582.36,3,1,1,1000,0
15767264,53,465,1,43,19142.65,5,2,1,117438.17,1
15686461,56,558,7,31,21090.81,5,3,0,121235.05,0
15678882,37,540,3,1,40255.2,3,1,0,129965.18,0
15789611,46,568,8,44,12209,1,3,1,150836.92,1
15668679,31,630,0,43,44975.23,4,3,0,1000,0
15631685,60,523,1,27,41907.58,3,3,1,163894.35,0
15655658,48,678,2,13,28059.07,1,3,1,1000,0
15753591,38,438,2,40,48124.34,0,3,1,1000,0
15617348,44,544,1,36,49776.67,3,1,0,1000,0
15704581,34,595,2,34,15271.9,4,5,0,87967.42,0
15738487,26,678,3,10,32045.5,2,2,0,1000,0
15648069,36,850,6,17,48605.13,1,1,0,1000,0
15737627,20,589,2,23,1843.81,1,1,0,121093.29,0
15731586,31,785,2,37,21368.33,1,3,1,121691.54,0
15757467,57,563,6,14,26255.04,3,1,0,1000,0
15597709,39,602,6,5,7886.91,5,3,1,154121.32,1
15720529,29,591,6,20,1122.99,5,1,0,1000,0
15596797,43,643,1,5,24414.81,1,5,1,1000,0
15681755,32,605,5,38,47285.11,3,5,0,1000,0
15815271,43,755,6,42,19874.83,3,1,0,165048.5,1
15682860,38,769,6,23,31277.74,0,2,1,1000,0
15621546,33,620,9,31,38701.15,1,2,0,127638.35,0
15705918,31,725,8,8,19118.63,4,5,1,1000,0
15684512,72,818,8,31,29965.13,4,3,1,135290.42,0
15671769,71,624,4,18,21739.39,3,3,1,170252.05,1
15642934,35,669,4,8,11298.17,1,3,1,108269.2,0
15594305,32,712,1,5,17731.92,1,3,0,1000,0
15789201,35,603,9,49,27814.77,1,2,1,145623.36,0
15706762,41,597,4,14,30658.9,5,5,1,145809.53,0
15766183,76,580,2,33,39324,4,2,0,130334.84,0
15777994,39,718,3,11,7453.81,5,4,0,1000,0
15568162,53,527,8,36,39336.49,5,5,0,1000,0
15680643,42,729,1,45,33372.86,5,2,1,1000,0
15761854,24,746,4,36,4471.06,2,1,1,1000,0
15730793,54,699,3,27,573.12,5,3,1,111009.32,1
15692137,46,759,2,1,8888.8,3,5,0,1000,0
15608595,39,748,3,7,38449.56,3,3,1,157371.54,0
15709459,63,698,5,18,9404.41,3,3,0,1000,0
15775750,37,686,9,19,11586.53,0,5,0,134560.62,0
15585855,40,679,1,14,45285.76,0,5,0,1000,0
15752139,36,682,5,29,34081.44,0,4,0,72373.62,0
15768295,34,778,7,33,14247.58,4,1,0,109564.1,0
15766906,25,742,4,28,36531.04,1,5,1,132116.13,0
15725776,24,649,7,20,31490.24,0,3,0,101195.23,0
15682576,67,763,1,42,33384.34,2,3,0,149436.73,0
15704081,30,595,9,32,5476.96,2,3,0,130682.11,0
15719940,51,628,10,47,240.38,2,2,1,115280.49,1
15672894,36,625,8,25,33953.82,5,3,1,129944.39,0
15667451,36,733,5,27,28369.1,2,3,1,1000,0
15636767,32,665,10,48,45731.84,1,3,0,1000,0
15571415,56,805,6,46,41186.24,0,5,0,151802.29,1
15575605,38,725,6,12,49629.78,4,4,0,1000,0
15649160,38,554,3,33,4262.73,0,5,0,138731.95,0
15615832,35,675,8,17,24202.83,2,2,0,155621.08,0
15600975,54,556,4,28,24983.86,1,3,0,150005.38,1
15690772,48,635,2,16,9486.28,5,5,0,1000,0
15565714,47,601,1,33,13750.7,4,5,0,64430.06,0
15763108,53,600,7,17,20261.66,1,3,1,106261.63,1
15723884,40,758,3,17,9339.4,2,2,0,1000,0
15644453,41,606,4,37,5011.12,1,2,1,132670.53,1
15655464,67,640,3,39,40778.6,3,4,0,1000,0
15783883,38,753,1,18,5566.78,4,2,1,117314.92,1
15787693,38,559,3,31,26242.22,2,3,0,145874.35,1
15664793,50,754,7,38,5257.56,1,1,0,146777.44,0
15642391,51,621,4,4,22436.8,4,3,0,109978.83,1
15756538,37,654,5,25,8534.72,5,3,0,1000,0
15668830,24,650,8,41,17179.53,2,5,0,108881.73,0
15796569,44,831,10,2,35894.28,1,2,1,1000,0
15677112,39,519,2,15,146.58,3,1,0,112957.26,0
15815040,42,552,8,18,4168.05,4,2,1,103362.14,1
15590434,41,577,4,20,3546.02,2,4,1,89015.61,0
15597536,45,576,5,14,4057.02,5,5,0,133618.01,0
15723989,40,646,5,32,41881.01,1,1,0,93680.43,0
15767358,45,711,1,18,25301.07,3,3,0,97486.15,0
15594812,37,806,2,46,14894.72,2,3,1,137794.18,0
15688210,39,670,8,21,38231.96,4,1,0,101928.51,0
15681509,28,679,9,39,1703.26,2,3,0,1000,0
15572390,39,850,6,18,10743.8,0,1,0,1000,0
15801441,35,670,2,19,47965.68,3,5,1,79585.96,0
15783859,24,733,3,27,49000.3,1,3,0,161884.99,0
15575243,39,764,1,4,314.97,0,2,1,129068.54,0
15773421,42,673,4,26,37555.63,2,4,1,1000,0
15788776,49,588,6,41,44522.13,3,5,0,132623.76,1
15765257,31,564,5,29,21535.83,2,5,0,121461.87,1
15661412,32,715,8,42,28893.3,5,4,1,175307.32,0
15636478,31,621,7,13,26670.89,2,4,1,136658.61,0
15603683,23,796,3,48,35052.47,1,2,0,146584.19,0
15651868,34,672,6,2,6015.65,2,3,0,1000,0
15815443,46,527,10,42,8424.9,0,1,0,131414.76,0
15682686,38,722,3,41,13797.61,3,1,0,1000,0
15697460,34,596,4,42,4856.33,5,5,0,99441.21,0
15748432,32,746,4,9,36014.52,3,2,0,1000,0
15698271,26,523,4,25,11909.49,4,5,1,1000,0
15808662,44,624,3,44,47500.82,0,1,1,1000,0
15690372,38,553,1,33,22826.56,5,5,0,181110.13,0
15781875,33,850,3,50,7593.25,4,1,1,100476.46,0
15801473,33,599,2,50,4609.06,4,3,0,51949.95,0
15704509,35,492,8,50,582.28,4,5,1,121063.49,0
15694666,48,707,8,40,46690.5,5,4,0,88441.64,1
15731166,30,743,1,2,28218.96,0,2,0,127023.39,0
15728523,41,522,5,12,32297.96,0,4,0,144147.68,0
15788442,57,681,2,5,11174.97,0,1,1,173306.13,0
15689781,49,826,0,18,25789.02,1,5,0,1000,1
15764226,28,630,8,12,46260.31,2,2,1,106425.75,0
15809837,66,430,6,6,24021.44,0,5,1,135392.31,1
15805212,67,806,1,15,46073.79,0,4,0,1000,0
15716082,39,703,6,31,410.24,5,5,0,152685.4,0
15643056,38,755,1,3,29691.05,0,5,1,82083.52,0
15654859,63,612,2,8,1478.18,5,5,1,131629.17,1
15761158,54,719,7,4,9008.13,3,5,0,1000,0
15577515,55,554,0,22,6925.27,0,4,1,108477.27,1
15723827,30,683,4,48,3757.67,1,2,1,114779.35,0
15646594,41,749,5,36,48678,5,2,1,57568.94,0
15712877,36,724,1,1,33553.34,5,4,1,1000,0
15598802,30,770,8,2,27718.61,5,3,1,1000,0
15699340,37,680,4,25,49267.47,5,5,1,1000,0
15691150,32,699,4,21,6663.02,3,1,1,110559.46,0
15608688,34,442,4,15,13678.38,3,5,0,1000,0
15737998,46,529,8,21,33102.32,3,1,0,1000,1
15735837,36,574,3,11,49323.05,0,3,0,1000,0
15659100,33,605,9,22,13638.96,1,2,1,128152.82,0
15609070,45,515,7,33,4384.36,4,5,1,120961.5,1
15650313,65,632,6,39,6750.25,0,5,1,129472.33,0
15627699,32,558,10,46,24299,5,1,0,105000.23,0
15591010,55,434,8,50,8128.64,5,1,0,109339.17,1
15798895,59,525,6,34,27108.38,0,4,1,55328.4,1
15745375,23,640,3,1,9314.07,4,1,1,72012.76,0
15775235,36,690,6,47,35916.54,4,3,1,110480.48,0
15780088,34,607,9,19,2198.76,0,1,1,132439.99,0
15649379,46,850,3,23,26018.84,2,2,0,1000,0
15713983,34,780,5,12,5926.58,0,2,1,94108.54,0
15709252,28,616,10,16,46135.06,0,5,0,105173.99,1
15699238,40,618,8,33,40656.7,4,1,0,1000,0
15732884,29,676,7,22,20415.68,4,1,1,131959.86,0
15587297,33,507,7,46,48509.72,0,3,0,1000,0
15684722,34,490,5,29,2995.21,0,1,0,122952.9,0
15621244,36,678,0,39,23221.4,0,2,1,107379.68,0
15744273,30,637,6,49,1480.71,2,5,1,122641.56,0
15682540,33,602,8,45,19284.54,3,3,0,1000,0
15636521,30,744,1,46,21922.13,4,3,1,124037.28,0
15785339,50,640,9,22,20794.57,5,5,1,117565.03,0
15638983,38,684,5,30,7828.47,5,2,1,133189.4,0
15654625,39,495,8,31,6134.34,0,2,1,120252.02,0
15697310,28,559,3,41,23078.23,5,1,0,152264.81,0
15678210,38,684,5,40,28060.53,1,4,1,105069.98,0
15575438,42,613,7,10,5478.03,3,5,0,115076.06,0
15632789,30,794,8,39,33673.8,0,1,1,1000,0
15621423,42,736,7,2,49582.43,0,4,1,117280.23,1
15573520,49,692,6,7,46365.8,5,5,0,110540.43,0
15740458,36,703,7,12,3602.56,4,3,0,135095.47,0
15762799,23,720,0,22,45196.21,0,2,1,187861.18,0
15686885,44,777,3,18,37824.7,4,3,1,124655.59,0
15565996,44,653,8,8,11093.1,1,5,1,1000,0
15662152,38,552,9,17,645.06,1,3,1,134105.01,0
15711742,34,708,4,15,38765.83,0,1,0,1000,0
15701885,40,647,9,10,15656.64,0,3,0,1000,0
15774262,52,597,8,6,32745.93,3,4,0,83693.34,0
15567839,42,501,9,5,33317.47,0,1,1,114631.23,0
15644400,44,709,9,8,35149.81,1,5,0,128601.98,0
15797246,34,621,2,2,12016.77,1,3,0,91258.52,0
15778290,70,799,8,34,11353.22,0,2,0,70416.75,0
15708714,33,675,6,25,32361.75,4,3,0,1000,0
15586183,35,561,5,12,23090.42,5,5,1,1000,0
15761733,42,707,10,10,35626.21,1,1,1,1000,0
15773934,33,670,6,38,39559.43,4,3,1,88294.6,0
15705343,32,649,7,11,32228.63,4,4,1,1000,0
15593959,28,524,1,10,42629.9,4,2,0,93577.3,0
15664615,30,689,5,32,24025.27,2,5,1,136650.89,1
15671014,72,573,8,10,33425.58,5,2,0,98765.84,0
15657778,33,657,1,46,14292.08,0,4,0,84309.57,0
15585192,39,686,10,50,8683.96,2,1,0,136258.06,0
15592914,29,683,9,35,23682.54,3,3,0,1000,0
15770995,47,753,1,15,11847.46,3,5,0,131160.85,0
15570990,30,520,4,10,13321.6,3,1,0,145222.99,0
15596165,25,547,4,41,699.41,2,2,0,98141.57,0
15788131,47,653,6,7,15625.11,4,3,0,1000,1
15800773,28,648,9,24,28113.75,4,5,1,102282.61,0
15690153,37,639,4,34,38637.98,0,5,0,116121.84,0
15638989,25,711,5,8,25518.18,2,4,0,190066.54,1
15623210,55,484,8,34,4560.04,0,4,0,149349.58,1
15652658,36,721,1,27,20084.56,3,5,0,155176.83,0
15684440,32,548,2,40,32533.14,4,3,1,98986.28,0
15730287,41,679,8,6,45780.55,2,1,1,147726.98,1
15720353,41,553,1,46,35437.15,4,5,1,1000,0
15767231,36,757,7,2,48865.5,2,4,0,144852.06,0
15761554,54,581,4,35,46281.44,0,1,0,89299.81,1
15706637,40,718,9,25,9507.34,3,2,1,1000,0
15690492,41,625,6,16,22617.23,1,4,1,97663.16,0
15694237,39,744,4,3,34681.82,2,3,0,95161.75,0
15729771,31,799,9,49,4161.45,5,2,0,154586.92,1
15609823,34,751,8,36,10599.34,2,5,0,127095.14,0
15793366,35,781,7,9,14055.6,0,3,1,92526.15,0
15614813,46,777,0,37,27796.06,2,5,1,107362.8,0
15566495,24,704,2,23,45556.11,0,5,0,1000,1
15707602,47,539,2,18,1309.9,3,5,0,127286.04,1
15635244,29,716,6,34,7937.34,3,3,0,1000,0
15805627,37,670,2,45,7764.16,1,2,1,1000,0
15607986,40,555,10,48,6448.34,3,1,1,139930.18,0
15799785,30,679,4,42,19975.11,5,3,0,77949.69,0
15699963,38,571,1,17,8410.91,0,2,0,121405.04,0
15624595,35,512,5,4,39531.48,5,4,1,124580.69,0
15629750,35,697,5,24,32578.74,5,1,0,133087.76,0
15651460,34,424,7,34,45691.43,4,3,0,1000,0
15753550,43,684,7,39,18784.19,1,4,1,1000,0
15594133,62,697,7,35,42302.8,0,5,1,1000,1
15772329,45,580,8,33,15820.71,0,5,0,103741.14,1
15591552,32,600,7,39,44320.59,4,5,1,98877.95,0
15750921,37,521,5,19,43892.19,5,5,0,105843.26,0
15701687,44,664,7,3,42406.73,5,1,0,77526.66,1
15728906,77,634,5,43,7019.55,2,3,1,1000,0
15670029,33,445,7,15,31342.49,0,3,1,1000,0
15763579,36,702,2,47,1508.27,0,5,0,105264.88,0
15728010,37,485,5,41,31604.67,5,2,0,1000,0
15663194,40,582,3,6,44391.88,0,5,1,110150.43,1
15736510,57,605,2,40,15737.97,3,2,1,1000,1
15745804,25,628,7,45,38828.54,0,1,0,1000,0
15631451,28,604,6,21,4740.64,5,2,0,1000,0
15746995,31,724,9,24,41459.51,1,5,0,138166.3,0
15730673,40,567,7,43,42058.9,4,4,1,122265.24,0
15734649,55,779,0,47,19239.22,1,4,1,133295.98,1
15701081,36,785,2,22,14933.34,0,3,1,1000,0
15632503,32,563,0,21,33452.03,0,1,0,148326.09,1
15585928,31,821,2,9,29388.81,3,1,1,68927.57,0
15648681,47,747,5,16,44470.75,2,4,1,139914.6,1
15747757,58,600,8,27,11680.85,2,4,0,118723.11,1
15718921,32,625,7,48,14379.84,2,3,1,106957.28,0
15571081,41,773,7,7,38202.23,1,3,0,190238.93,0
15734578,53,726,1,13,22413.84,2,1,1,113537.73,0
15579583,40,641,4,4,18775.43,3,2,1,101090.27,0
15622729,46,649,2,24,28399.48,2,4,0,1000,0
15662189,33,434,3,27,19485.53,5,2,0,1000,0
15692718,38,738,7,27,5226.69,2,4,1,1000,0
15762716,60,762,10,49,36049.18,4,3,1,168920.75,1
15724851,31,507,9,5,23542.58,3,2,1,111589.67,0
15587266,27,606,6,12,23783.89,2,2,1,172310.33,0
15675926,34,655,7,4,39677.7,1,1,0,118028.35,1
15706268,51,697,1,32,2061.06,2,1,0,147910.3,0
15581871,42,504,7,16,30220.38,2,5,0,131287.36,0
15666166,74,653,0,41,38551.81,3,3,1,121276.32,0
15671582,38,660,6,27,24543.9,2,5,1,109869.32,0
15680901,34,652,6,11,25960.16,0,3,0,97435.85,0
15642336,42,669,9,19,9215.08,2,5,1,1000,0
15653147,35,594,2,8,44897.48,4,3,0,133853.27,0
15571284,32,756,0,43,14674.56,2,3,1,109528.16,0
15591360,33,642,4,18,26034.18,2,5,0,84607.34,0
15810485,37,486,1,44,30584.92,5,3,0,101438,0
15611973,55,804,7,29,41637.79,1,2,0,1000,0
15735572,59,629,9,23,27332.42,1,5,1,113657.83,1
15567860,44,581,7,22,26334.78,5,5,0,189318.16,1
15795690,31,667,3,16,26207.4,0,1,1,99513.91,0
15706464,35,667,4,12,36244.25,1,5,0,97585.32,0
15725028,29,679,3,16,13135.03,2,3,0,1000,0
15751167,43,680,4,31,546.89,0,2,0,1000,0
15633944,32,644,3,18,15795.01,3,1,1,136659.74,0
15672637,30,571,4,44,33517.07,5,4,1,85755.86,0
15680895,35,627,7,30,25904.54,0,4,0,1000,0
15793825,39,536,4,6,25520.89,3,3,0,1000,0
15611318,33,599,4,39,44335.09,1,2,0,51690.89,1
15768474,34,744,3,13,9680.24,3,4,1,1000,0
15716276,34,709,2,26,49941.37,2,3,1,111669.68,0
15623668,31,653,2,16,13909.94,4,3,0,154741.45,0
15696361,31,648,7,38,47909.72,1,4,0,125681.51,0
15607988,37,663,8,20,25927.82,3,1,0,155303.71,0
15637891,43,613,4,10,30802.16,0,2,1,140681.68,0
15789865,28,620,9,11,19056.87,2,3,0,71902.52,0
15627190,51,661,6,35,30414.31,3,3,0,146606.6,0
15788224,45,669,1,16,33722.19,2,3,0,123949.75,0
15702149,33,767,1,6,14551.56,4,5,1,144753.21,0
15708236,72,491,6,19,46815.86,1,3,0,91285.22,0
15568469,43,653,0,40,40757.1,1,5,0,1000,0
15764444,58,679,8,26,33648.16,4,2,1,125850.53,0
15794204,28,687,7,49,8732.05,4,1,1,108116.66,0
15807546,38,837,2,9,32142.51,1,4,0,1000,0
15782159,28,850,8,48,21880.43,0,1,0,67639.56,0
15618703,53,663,6,29,45789.38,4,4,1,150200.23,1
15793317,22,547,7,12,23632.17,4,4,1,141287.15,0
15740487,41,627,6,15,47093.1,3,1,1,1000,1
15722479,37,707,1,37,41148.35,1,1,0,1000,0
15688264,43,629,0,36,21012.48,3,1,1,1000,0
15583067,36,687,4,19,42417.68,4,2,0,97157.96,0
15686670,36,588,2,41,35870.51,5,4,1,1000,1
15593345,33,502,6,48,25501.26,3,3,0,125241.17,0
15811690,54,793,2,18,32019.46,1,1,1,128966.13,1
15734008,59,727,5,36,40538.14,1,1,0,152581.06,1
15771856,32,632,1,14,23940.29,3,1,0,1000,0
15762045,37,474,5,12,10302.87,2,3,1,142688.57,0
15778142,31,850,1,33,47268.54,1,4,1,130089.56,0
15689268,36,584,9,44,4436.96,3,5,1,1000,0
15721507,32,713,1,7,8992.58,2,3,1,117094.02,1
15750476,24,742,8,16,8891.02,1,3,1,1000,0
15810723,39,607,10,41,5941.75,2,2,0,1000,1
15787229,34,761,2,1,48188.45,1,3,0,1000,0
15570508,49,600,7,12,49999.54,0,4,0,90218.9,0
15617065,42,650,4,15,31436.04,0,1,0,194532.66,1
15689786,56,850,1,26,30731.53,1,3,1,169743.83,1
15648876,34,501,5,28,40730.95,1,2,1,1000,0
15802106,34,418,8,29,11201.63,4,5,1,155973.88,0
15773869,59,797,4,42,43904.84,5,5,0,129321.44,0
15711635,42,788,6,32,18419.47,5,3,1,138650.49,0
15795527,43,699,2,16,3051.73,4,5,1,136487.86,0
15759133,18,616,6,43,6016.04,1,4,0,1000,0
15679394,41,651,4,24,34766.67,3,1,1,38617.2,0
15801072,28,654,7,28,42608.51,1,2,0,1000,0
15646082,34,676,8,47,7946.56,3,1,1,82909.14,1
15796111,54,708,8,19,8597.54,5,4,0,145151.4,1
15670646,42,499,0,42,31733.32,5,1,1,147187.84,1
15578722,39,689,4,8,31493.66,2,5,1,1000,0
15815095,54,850,7,17,34026.61,4,3,1,108185.81,1
15730360,30,502,4,4,12983.13,1,3,0,1000,0
15763194,34,643,7,45,15482.01,4,3,0,1000,0
15720725,28,762,2,29,32707.3,5,3,1,1000,0
15567834,49,719,5,47,43112.12,3,1,1,105918.1,0
15720644,27,789,6,30,36463.5,3,4,0,1000,0
15811742,42,553,7,17,25438.01,5,5,0,1000,0
15813363,25,448,2,16,15617.73,2,2,0,1000,0
15717629,42,632,6,36,8293.26,4,5,0,59972.26,0
15713160,25,669,7,13,28134.47,5,3,1,157228.61,0
15568878,34,654,5,19,42461.69,5,3,0,1000,0
15809800,38,726,4,32,49467.11,2,3,0,1000,0
15736420,21,596,4,3,15555.2,4,5,1,210433.08,1
15757933,30,733,1,8,15245.99,2,5,1,102452.71,0
15623072,35,529,5,43,28638.84,1,5,1,1000,0
15683993,37,493,8,35,42442.76,5,3,1,142987.46,0
15570947,29,615,7,9,13579.94,0,4,1,143330.56,0
15797767,49,600,6,39,20829.95,4,4,1,1000,1
15731989,36,666,4,45,42536.77,1,4,0,120165.4,0
15591035,54,644,6,10,45250.98,5,4,1,1000,0
15586479,36,692,4,4,42831.11,2,2,1,1000,1
15605872,73,707,6,12,26984.65,1,1,1,66573.17,0
15666012,40,603,4,47,38464.6,2,5,0,102833.46,0
15641733,34,671,5,36,29910,0,5,0,164757.56,0
15593178,36,568,10,41,16496.25,4,4,1,153610.61,1
15649183,35,598,8,38,7983.67,0,3,1,1000,0
15736399,42,606,10,30,27175.52,4,3,1,1000,0
15751137,36,850,3,43,29411.18,1,3,0,169025.83,0
15757188,26,644,4,30,45153.14,0,5,1,153455.72,0
15726167,37,655,4,33,38356.02,3,1,1,1000,0
15624850,30,850,10,47,18372.63,5,4,1,153972.89,0
15717700,34,683,9,42,36223.95,0,1,0,114609.55,0
15716347,37,663,7,45,2329.16,0,3,1,143625.83,0
15696287,38,682,1,3,28984.56,3,3,0,116520.28,1
15638871,77,639,6,35,36602.28,5,5,1,80926.02,0
15765093,23,704,6,14,20807.45,1,3,0,166594.78,0
15592999,40,691,0,11,43050.14,0,3,0,115465.98,0
15641715,34,599,8,6,33110.13,4,1,0,1000,0
15607746,36,573,1,41,43981.3,3,3,0,1000,0
15625311,41,589,7,8,48681.3,1,1,1,92618.62,0
15573077,25,620,8,47,36004,3,1,1,141825.88,1
15735106,28,647,6,45,17316.92,3,3,1,149594.02,0
15672912,39,737,7,5,36116.47,1,1,0,130051.66,1
15589881,41,634,7,6,4605.39,0,2,0,1000,0
15660144,38,660,4,40,29493.18,2,1,0,1000,0
15664083,37,666,2,36,8176.55,1,2,1,158468.76,0
15690898,44,696,8,8,36115.38,1,5,1,161889.79,0
15808023,29,836,9,35,37515.16,5,5,1,133681.78,0
15676909,34,667,5,25,30342.27,0,2,1,1000,0
15764922,20,596,3,31,17137.16,3,3,0,187294.46,0
15766734,31,430,5,21,3884,4,2,0,1000,0
15795079,67,596,6,8,26581.53,5,4,1,1000,0
15757434,28,599,7,5,30679.49,5,3,0,119706.22,0
15673747,22,519,8,11,17307.98,0,4,1,1000,0
15808386,45,721,7,49,23560.29,1,4,0,138523.2,1
15603565,56,603,5,33,6929.89,2,1,1,90778.76,1
15744044,47,572,4,18,35626.96,3,1,0,99353.42,1
15577771,40,453,1,39,34655.65,5,2,0,111524.49,1
15769548,37,668,7,8,8724.01,1,4,1,128645.67,0
15802071,35,762,1,6,48955.54,2,5,1,117458.51,1
15677395,39,633,9,27,21536.44,0,3,0,129189.15,0
15632010,33,647,7,20,2966.24,5,4,1,121260.19,0
15779492,56,796,6,44,9212.07,1,5,1,94231.13,1
15694677,39,733,1,23,16878.51,1,2,0,1000,0
15704315,34,556,8,24,4366.86,0,5,0,163757.06,0
15742009,58,489,4,11,20665.26,4,3,1,1000,0
15766663,22,639,4,10,18993.23,3,3,1,1000,0
15742297,35,715,2,8,26842.36,3,5,0,141005.47,0
15688059,42,807,9,17,17664.23,4,2,0,105356.09,0
15752344,34,714,5,4,7661,2,2,0,1000,0
15698749,23,626,6,22,15786.28,2,4,0,85897.95,0
15631693,36,697,7,2,21007.58,5,5,1,1000,0
15604536,31,850,4,34,36461.78,2,3,1,164672.66,0
15802869,45,737,2,14,36426.02,2,1,1,99169.67,0
15635598,29,812,6,19,1214.19,0,5,1,1000,0
15592326,36,583,8,36,24588.46,2,2,0,1000,0
15736533,37,730,5,16,27520.83,0,4,1,124053.03,0
15647191,36,677,4,36,10914.8,1,1,0,1000,0
15622507,40,748,3,46,34067.9,5,1,0,103499.09,0
15765487,38,753,9,37,17885.88,1,5,1,151766.71,0
15646521,36,634,1,4,16992.53,3,4,1,1000,0
15746258,29,622,7,47,23215.5,2,1,1,101486.96,0
15692430,36,699,2,10,29641.44,5,2,0,123601.56,0
15625501,38,570,1,24,37535.82,4,1,1,127201.58,1
15640521,33,552,3,48,47309.14,0,5,0,144962.74,1
15790630,48,619,4,26,319,4,3,0,1000,1
15664720,33,714,8,31,26106.38,2,3,1,122017.19,0
15750055,32,503,9,38,927.65,1,4,0,100262.88,0
15644878,43,685,6,1,11006.67,5,2,0,117302.62,0
15754578,35,606,0,11,14223.06,5,5,1,135984.15,0
15705379,38,678,3,38,19667.39,0,4,0,1000,0
15761047,31,724,2,32,12903.75,3,3,0,160997.54,0
15671293,37,779,2,28,10657.53,0,1,0,128389.63,1
15687527,35,638,1,43,35182.57,2,2,0,1000,0
15647898,50,610,5,26,15043.36,0,5,1,130554.51,1
15671534,57,646,6,17,4063.35,0,5,1,90212,1
15591248,29,628,9,47,25624.31,2,4,0,71996.29,0
15676156,32,528,4,36,19672.4,2,4,0,85615.66,0
15812918,27,432,6,16,35482.42,1,4,1,62339.81,0
15604130,47,622,6,49,30939.1,5,3,0,142319.03,0
15700549,54,721,5,12,47516.46,2,5,0,1000,0
15715519,36,614,5,11,31546.59,5,2,0,1000,0
15707042,24,634,2,43,32487.13,3,3,1,87413.19,0
15605276,29,742,4,10,918.25,1,1,1,1000,0
15630592,45,516,4,32,42960.72,0,2,1,1000,1
15636626,35,718,3,43,36034.45,3,1,1,97560.16,0
15740411,30,636,8,45,41273.84,5,2,1,141787.31,0
15593834,36,691,7,17,32465.3,4,1,1,129934.64,1
15804235,37,698,2,6,30098.87,2,3,0,166178.02,0
15679801,39,712,5,12,42695.85,1,3,1,163097.55,0
15673907,20,659,8,32,24210.36,4,1,0,1000,0
15636562,44,573,8,30,49786.43,5,3,1,1000,0
15702571,35,778,1,2,47542.6,0,3,0,151958.19,1
15627365,46,732,0,38,21613.35,3,4,0,1000,0
15748499,33,550,4,36,17487.72,0,2,1,118400.91,1
15598614,20,790,8,5,33187.31,5,4,0,1000,0
15668889,43,665,2,26,6679.99,5,5,1,116322.27,1
15800049,43,728,5,46,14664.32,3,3,1,1000,0
15583724,29,645,4,32,32148.32,0,1,1,1000,0
15622083,30,647,6,13,33214.06,4,3,1,143138.91,0
15645571,32,596,4,12,1464.91,1,4,0,1000,0
15598266,40,610,9,32,28235.97,2,4,0,1000,0
15667934,36,512,0,22,29180.94,0,4,0,129804.17,0
15569682,37,768,9,48,39928.36,0,1,0,108308.11,1
15772941,30,666,3,29,16980.98,1,2,0,110153.27,0
15586174,30,700,4,2,41606.13,0,5,1,116377.48,0
15803682,37,651,10,16,21112.34,3,4,1,117791.06,0
15627328,26,542,2,40,5441.05,0,3,1,1000,0
15717065,35,686,8,18,39034.05,3,3,1,105419.73,0
15602456,47,850,4,36,3212.04,4,5,0,99219.47,0
15721569,55,658,8,20,809.64,1,3,0,119327.93,0
15573798,36,448,6,33,9946.38,4,5,0,83947.12,0
15638272,32,609,4,41,31908.55,0,3,0,99883.16,0
15799859,50,704,4,30,49222.27,0,4,1,165438.26,1
15599152,31,698,1,14,5805.31,5,2,0,156111.24,0
15737909,44,759,2,14,11466.27,5,3,0,111095.58,0
15646190,56,677,0,9,40601.02,3,3,0,119963.45,1
15711249,22,544,4,28,3837.83,5,2,1,1000,0
15671987,35,567,8,34,48044.85,2,2,0,153137.74,0
15812766,40,490,6,15,36481.53,2,2,1,156111.08,0
15778589,34,626,7,43,3785.32,2,5,0,113014.7,0
15750104,43,718,5,15,29061.75,2,2,1,132615.73,0
15784526,44,616,5,22,42716.31,5,5,0,102016.38,1
15646563,35,772,9,39,40484.6,4,4,0,1000,0
15744423,32,561,5,3,20175.68,4,3,0,1000,0
15593694,49,814,8,39,39152.26,4,2,1,1000,0
15785367,56,651,4,22,26721.82,5,4,0,1000,1
15687765,42,538,4,37,10575.89,5,4,0,80380.24,0
15789014,26,600,6,13,36975.94,2,3,1,108909.12,0
15703177,35,654,2,21,14076.82,3,5,1,90865.8,0
15660263,40,622,4,50,40870.2,0,1,1,99799.76,0
15776545,28,682,10,25,11550.26,0,5,0,200724.96,1
15683276,37,610,10,45,41283.76,4,4,0,140363.95,0
15599272,36,795,1,8,44971.08,4,1,0,151844.64,0
15589541,27,557,2,34,18164.99,1,3,1,1000,0
15608804,49,824,8,3,28212.63,0,3,1,133231.48,0
15645820,27,698,7,39,27014.56,0,5,0,1000,0
15659031,36,630,8,8,42999.61,3,1,1,126598.99,0
15790113,71,609,6,43,7547.97,3,3,1,113317.1,1
15652289,47,694,4,34,26818.82,4,4,1,1000,0
15605341,58,681,8,44,47822.47,2,3,0,93173.88,0
15697844,32,721,10,45,46385.36,2,5,0,1000,1
15652048,44,563,7,37,48804.31,0,2,0,105007.31,0
15587038,32,654,2,38,11396.54,3,1,1,1000,1
15660528,27,659,4,6,27252,1,4,0,1000,0
15700300,44,674,4,37,35761.89,4,4,1,131593.85,1
15642001,44,576,9,47,8164.75,3,1,0,119530.52,1
15580366,54,566,4,22,15430.26,1,4,0,118614.6,0
15657228,37,545,9,18,39830.17,4,1,0,95829.13,0
15729377,36,798,1,15,27347.11,1,2,1,1000,0
15686913,38,757,0,43,31742.88,2,4,0,1000,0
15631267,50,641,6,34,16058.17,4,2,1,153590.73,0
15632275,29,718,2,43,38344.26,5,2,1,1000,0
15715907,64,699,9,42,26492.52,1,2,0,113109.52,1
15764841,35,623,0,34,40691.42,3,5,1,130557.24,0
15748649,40,644,8,27,18377.06,5,5,0,93183.19,0
15771409,58,586,7,30,41649.55,0,4,0,151933.63,1
15779207,30,500,2,19,5286.05,1,1,1,125495.64,0
15814116,42,583,7,24,5886.5,3,4,0,1000,0
15665087,26,595,8,33,29996.67,0,4,0,118547.72,0
15611189,43,670,1,50,34935.29,4,1,0,97792.21,0
15729718,41,610,6,25,6094.47,2,5,0,1000,1
15733602,72,814,2,5,23140.19,0,4,0,1000,0
15620103,40,660,8,12,14990.31,0,4,1,167181.01,0
15770406,35,580,9,4,32744.6,1,1,0,121355.19,0
15800554,81,850,1,8,35126.48,1,2,0,1000,0
15611409,35,676,0,47,12273.24,3,4,1,1000,0
15646535,46,578,5,46,36648.96,1,5,0,113226.47,0
15575430,33,579,1,15,6059.97,0,3,0,118392.75,0
15711299,52,711,8,8,30419.72,1,4,1,145262.54,0
15642063,40,692,6,26,40762.66,5,4,1,163505.16,0
15706602,33,760,1,33,9865.92,2,3,1,118114.28,0
15592773,51,630,0,30,18628.48,0,4,0,108449.23,1
15786539,32,808,1,39,5029.99,0,1,0,1000,0
15737542,36,611,10,40,48058.84,1,4,1,103294.56,0
15590234,42,697,1,23,3307.1,1,2,1,1000,1
15773776,38,655,6,15,30333.5,4,2,0,1000,0
15728082,28,601,6,43,5526.37,5,1,1,1000,0
15609987,42,755,2,12,13462.02,4,2,0,119919.12,0
15735330,37,553,1,1,33921.74,2,2,0,1000,0
15649430,28,723,4,48,7535.64,0,5,1,1000,0
15768777,34,507,4,39,10892.26,3,2,0,1000,0
15777893,43,777,1,4,29437.22,2,2,0,1000,0
15791326,34,566,3,4,29301.82,2,4,0,1000,0
15615176,26,732,7,27,20665.18,0,2,1,1000,0
15735221,42,697,10,15,4356.74,4,1,1,1000,0
15617991,29,555,4,32,45324.1,3,3,0,128744.04,0
15658504,62,584,9,31,36976.81,3,2,1,137727.34,0
15785705,44,705,10,30,29992.85,2,4,1,106731.58,1
15801817,38,688,7,5,14545.77,5,4,1,123544.21,0
15752578,37,626,2,2,41619.72,0,3,1,133968.96,0
15781574,76,636,9,2,9003.37,5,5,1,126534.6,0
15792107,35,719,8,24,4217.9,3,4,0,1000,0
15569917,30,706,6,42,23858.7,2,1,1,87609.68,1
15721504,41,731,3,5,3506.24,2,3,0,1000,0
15757306,49,738,3,43,21845.25,1,3,1,1000,1
15647295,34,426,9,22,40647.91,1,3,1,1000,0
15642098,36,622,0,48,44943.35,2,5,1,108960,1
15696120,30,701,2,36,27625.03,3,4,1,1000,0
15675176,51,512,6,15,14026.94,5,5,0,144953.31,0
15700046,41,635,4,23,49777.66,3,1,1,103544.88,0
15782089,33,685,6,41,27634.7,4,1,0,1000,0
15706394,53,609,7,37,13143.37,3,1,1,1000,0
15759387,38,598,1,23,14219.43,1,1,1,101487.18,1
15623369,52,708,10,30,49196.72,3,4,0,105355.81,1
15732943,36,574,4,46,42212.96,2,4,1,77967.5,1
15750545,44,629,5,9,44930.9,4,4,1,1000,1
15809909,54,422,4,19,15562.75,3,4,0,1000,0
15642448,28,656,8,14,8582.83,4,4,0,120047.77,0
15791944,32,697,7,14,33331.32,2,2,0,175464.85,1
15768342,52,718,8,35,9955.46,0,5,0,79475.3,1
15567919,37,586,8,40,21555.34,3,1,1,167735.69,0
15674750,37,481,8,36,48283.86,4,1,1,1000,0
15778345,33,749,1,40,41501.86,0,5,0,74385.98,0
15687634,49,561,5,26,36621.47,1,3,1,94754,0
15666096,27,676,4,8,15160.94,0,2,0,1000,0
15581700,43,615,3,50,28251.58,2,3,0,86920.86,0
15656417,39,582,1,28,27291.13,0,3,1,132077.48,0
15649101,40,601,10,8,874.59,2,1,1,127847.86,0
15781975,34,708,3,47,48710.39,0,3,1,1000,1
15700511,42,708,9,4,31064.98,0,1,0,176702.36,0
15770255,33,797,10,29,14279.95,2,5,0,83555.58,0
15643574,26,682,8,22,24613.52,4,3,1,1000,0
15595010,39,694,9,16,23198.84,5,5,0,1000,0
15580579,40,490,1,13,43421.43,1,2,1,1000,1
15748532,42,828,10,14,38073.26,5,4,0,1000,0
15773789,38,594,7,27,34010.86,4,4,1,96858.35,0
15600027,33,579,1,31,2541.92,0,3,0,1000,0
15620832,35,723,0,1,20262.6,1,4,1,1000,0
15568819,42,619,8,43,1012.84,4,5,1,132796.04,1
15748691,30,794,1,35,4508.4,3,4,1,154970.54,0
15583552,44,674,3,27,2862.48,4,5,1,88902.21,0
15588019,28,418,7,10,23228.53,3,5,0,98738.92,0
15713250,33,502,8,36,31442.15,4,3,0,1000,0
15569595,50,678,6,23,17703.41,1,2,0,1000,0
15794868,40,599,10,48,26800.08,1,4,0,137456.28,0
15576680,29,736,4,42,23130.32,4,4,1,1000,0
15613699,60,430,7,31,44418.91,3,3,0,73937.02,1
15609758,45,537,7,7,38623.22,4,4,1,158621.04,1
15762392,30,683,1,39,41989.12,3,2,1,113257.2,0
15693382,31,828,9,28,25677.69,2,2,1,1000,0
15791769,29,691,9,30,17081.17,2,5,0,116536.43,0
15712483,28,608,4,11,42076.31,5,1,1,1000,1
15636454,60,691,6,29,40447.46,1,4,1,101070.69,1
15710138,39,718,6,18,12906.82,2,4,1,1000,0
15571571,31,680,3,24,41853.58,1,1,0,127331.46,0
15638751,41,838,5,10,13913.32,2,5,1,1000,0
15598574,31,695,5,49,26260.14,0,1,0,1000,0
15796787,46,681,0,16,7894.13,1,2,1,105969.42,0
15615670,36,762,5,24,40293.55,3,2,1,119547.46,0
15705506,38,751,7,44,44968.36,5,4,1,1000,0
15599535,28,678,5,42,20035.33,2,4,0,138668.18,0
15768449,37,634,7,26,47094.64,1,5,0,51582.5,0
15725002,37,749,7,50,9731.69,4,5,0,1000,0
15611682,37,590,6,20,44561.27,1,3,1,169902.92,0
15749964,27,610,4,8,6259.2,0,1,1,87262.4,0
15678779,33,502,7,18,33576.21,5,5,1,1000,0
15752601,40,578,7,30,7927.6,1,1,1,1000,0
15758477,32,547,2,42,22890.79,3,4,0,1000,0
15629133,27,579,9,18,1361.65,5,1,0,1000,0
15604963,39,661,5,41,22084.36,1,2,0,1000,0
15796413,46,794,6,21,7163.83,0,3,1,1000,0
15812470,61,719,5,1,45655.16,1,4,0,1000,0
15587443,69,728,1,24,17405.29,5,4,1,1000,0
15689692,19,598,3,11,46739.97,0,4,1,150348.37,0
15779586,46,822,3,1,12696.3,0,2,1,115074.02,0
15667588,40,670,3,9,9954.34,2,1,1,1000,0
15624423,28,850,8,33,23952.63,1,3,1,99986.98,0
15591107,68,723,3,36,31828.05,2,1,0,110357,1
15748986,42,705,8,40,12831.94,4,2,0,166685.92,0
15793896,40,677,7,7,4087.22,1,1,0,95312.8,0
15620570,43,736,4,27,5335.03,4,5,0,202443.47,0
15727811,47,661,0,22,20531.25,4,1,0,109493.62,1
15707681,38,501,9,35,1099.94,3,5,0,88977.39,0
15702030,29,516,2,31,40067.47,3,3,0,104982.57,0
15673238,59,517,8,18,5379.35,1,5,0,154110.99,1
15604196,32,766,6,34,16784.63,5,2,1,185714.28,0
15769356,23,520,3,6,16699.47,3,2,0,116022.53,0
15665590,46,541,6,31,19828.85,2,4,0,1000,0
15572361,34,790,2,46,11985.95,1,3,1,164011.48,0
15667460,31,797,9,8,10973.79,4,5,0,1000,0
15654760,40,811,1,13,40868.16,2,5,0,101514.89,0
15632669,32,722,4,47,43167.97,4,1,0,1000,0
15613673,28,675,9,39,9468.66,3,4,1,1000,0
15698522,39,660,9,19,10842.9,3,2,0,134599.33,0
15741633,32,566,10,43,12699.88,2,3,0,147511.26,0
15674583,25,768,0,30,23128.6,4,4,0,78396.08,0
15665374,31,610,5,11,37527.35,2,5,0,1000,0
15588854,31,715,3,15,25030.79,3,1,1,110581.29,0
15810716,42,750,8,27,19233.51,4,2,1,151836.36,0
15776921,45,431,5,39,31534.02,4,4,1,83624.55,0
15569394,24,704,2,32,34418.8,0,5,1,148197.15,0
15788215,30,535,5,9,14967.38,2,2,0,122924.75,1
15641007,38,614,4,49,2531.27,0,2,0,72594,0
15594651,38,748,4,46,27515.44,3,2,0,115221.36,0
15575146,51,492,8,26,5145.32,5,2,1,117808.74,0
15608916,40,573,7,43,20928.34,1,3,0,147754.68,0
15666297,53,706,3,35,29317.7,3,1,1,1000,1
15598586,31,680,10,4,41915.17,0,5,1,113292.17,0
15665014,36,458,5,50,15732.2,2,5,1,1000,0
15701738,44,612,2,3,5743.12,1,4,0,115163.38,1
15650591,50,809,10,21,20663.53,5,2,1,118098.62,1
15652667,39,590,9,5,40813.14,5,2,0,1000,0
15679622,35,602,8,40,24436.61,3,5,0,1000,0
15730150,37,540,0,41,20510.37,1,5,1,120825.7,0
15813192,25,494,6,8,29029.29,3,1,1,1000,0
15606554,29,797,1,32,14043,3,1,0,1000,0
15611794,61,526,6,27,49631.33,2,2,1,133845.28,0
15672357,38,631,7,24,49012.49,3,4,1,1000,0
15711759,29,576,5,19,25569.99,5,5,0,108541.04,0
15615296,39,405,10,4,40858.63,1,2,1,1000,1
15699294,30,555,1,15,35608.37,3,4,1,1000,0
15788634,37,750,2,50,44122.05,1,5,1,113817.06,0
15660871,28,665,8,42,3126.23,3,4,1,137300.23,0
15618258,37,640,5,23,37660.5,2,5,0,158024.38,0
15722535,33,457,7,35,29332.36,5,3,0,127837.54,0
15711977,36,695,4,35,49947.22,2,3,1,161533,0
15690169,31,645,7,8,3219.19,1,2,0,161171.7,1
15790689,32,647,9,43,10078.79,3,2,0,80958.36,0
15665181,25,808,7,4,31470.09,1,3,0,1000,0
15633608,33,641,2,33,26234.35,1,5,1,146193.6,1
15805261,29,700,8,48,8474.27,1,5,1,1000,0
15740356,26,660,4,16,49035.86,1,2,1,115021.76,0
15808223,41,615,1,10,4437.95,3,2,0,126773.43,0
15769980,40,705,3,33,25444.6,5,4,1,92889.91,0
15675450,48,718,9,10,41066.02,2,2,1,1000,0
15776494,61,754,5,48,24922.64,4,1,0,146622.35,1
15592412,45,713,4,29,14801.52,1,4,0,131038.14,1
15777452,46,587,6,40,16946.36,2,5,0,88820.29,0
15692258,31,569,1,5,15680.81,1,2,1,115406.97,0
15791045,38,568,3,25,4812.1,1,1,0,132951.92,0
15807889,74,634,5,14,49210.58,3,2,0,108891.7,0
15602043,46,770,5,3,29171.78,1,5,1,141788.63,0
15807335,64,676,4,46,18465.28,4,3,0,116954.32,0
15629985,47,723,10,4,1804.86,1,2,0,90450,1
15679453,39,614,8,13,37254.82,1,4,1,125997.22,1
15637315,41,601,3,33,7082.88,0,4,1,1000,0
15691513,60,592,9,50,5420.87,2,5,0,1000,1
15622289,36,605,9,36,17947.4,2,2,0,1000,0
15715184,31,752,4,36,16044.36,1,4,0,144637.86,0
15702801,29,677,3,1,9633.3,0,2,1,86616.35,1
15719931,31,850,8,6,40869.62,1,3,0,1000,0
15806081,48,608,2,10,21762.4,5,5,0,127924.25,0
15796336,34,786,9,49,670.82,1,4,1,1000,0
15647306,29,777,9,19,48367.01,4,2,1,131240.61,1
15742369,31,667,5,14,48209.98,0,2,0,1000,0
15655859,35,848,5,38,17087.81,4,1,0,120046.74,0
15675650,39,486,8,12,49681.1,3,1,1,97819.36,0
15574119,64,598,1,28,28164.28,4,4,1,62979.93,0
15754168,40,506,3,20,38662.09,5,4,0,1000,0
15763029,46,612,9,44,31195.05,2,1,1,161450.03,1
15765048,30,545,3,40,3783.38,2,2,0,1000,0
15786215,56,793,8,29,35318.93,1,1,0,119496.25,0
15707559,30,682,9,19,7473.61,4,1,0,1000,0
15582129,62,517,1,8,16610.94,4,5,1,43772.66,1
15687540,32,684,9,20,31536.48,3,5,0,100249.41,0
15787196,46,692,2,45,7066.95,2,5,1,1000,0
15670898,60,740,5,42,27414.87,0,4,0,108028.08,1
15775433,71,666,1,19,48616.96,5,2,0,53013.29,0
15700693,68,693,2,12,19266.37,1,2,0,1000,0
15677955,33,757,1,10,7589.39,0,3,0,122088.67,0
15570086,18,684,9,1,22089.37,5,3,1,90544,0
15794875,35,691,6,26,48621.94,1,2,0,1000,0
15673591,44,842,3,10,30220.45,5,3,0,141252.18,1
15631756,35,482,5,24,27113.14,4,2,0,147813.05,0
15757617,55,735,6,31,19703.14,4,2,0,134140.68,0
15612729,63,681,7,9,87.34,2,5,1,1000,0
15637857,31,616,8,49,30754.55,0,4,1,1000,0
15681007,35,850,2,34,49042.77,2,3,0,128548.49,1
15593622,43,635,10,34,44944.02,1,4,0,122198.21,0
15629273,42,638,8,34,35106,4,5,0,145177.84,1
15765846,31,820,2,20,29910.22,4,2,1,94222.53,0
15596013,58,694,1,5,36740.2,3,3,0,143212.22,1
15722473,41,713,3,36,46329.94,4,1,0,1000,0
15774936,41,543,6,23,19802.02,2,1,0,143350.41,1
15685640,41,649,3,33,42773.75,3,3,0,130931.83,0
15566563,30,777,4,23,41156.61,0,4,0,137851.31,1
15768746,33,561,6,10,45544.36,0,1,1,1000,0
15689952,41,724,5,12,26115.55,0,4,1,1000,0
15725906,51,665,8,22,48179.93,3,3,1,1000,1
15634501,60,441,1,40,5008.11,5,5,1,140614.15,0
15571940,22,579,3,11,21159.08,2,5,1,118680.57,0
15741643,35,777,7,46,40631.98,3,3,1,122917.69,0
15806822,36,739,0,24,46627.39,2,5,1,1000,0
15701166,40,660,5,16,49483.21,3,3,0,131754.11,0
15718531,35,554,8,23,14408.19,1,3,0,1000,0
15628308,24,850,6,41,4240.84,3,3,1,1000,0
15585287,35,842,9,34,30365.18,0,3,1,119948.09,1
15781619,38,785,1,15,10059.45,3,4,0,1000,1
15805162,25,550,0,26,28048.31,2,2,1,1000,0
15588535,39,750,6,39,18203.5,5,5,0,1000,0
15775307,38,490,3,44,24131.26,5,1,1,97266.1,0
15777616,28,605,10,29,1441.59,3,5,1,113690.83,0
15692291,42,563,6,44,32455.04,4,1,0,99056.22,1
15680843,34,675,8,31,3038.38,4,5,0,1000,0
15606232,36,621,7,31,15988.85,1,2,0,116338.68,0
15641585,40,850,6,42,43225.5,1,1,1,97339.99,0
15684358,41,711,3,49,31516.36,0,2,1,1000,0
15806389,55,549,1,20,8053.13,3,3,1,137592.31,1
15641860,34,764,6,35,18693.53,3,1,1,108760.27,1
15814237,30,627,3,33,16892.2,4,1,0,128770.88,0
15808780,34,850,2,11,48544.52,0,2,0,1000,0
15767064,36,614,1,14,28290.42,3,2,0,44054.84,0
15751177,44,685,2,6,32835.28,5,3,0,119657.53,1
15613427,49,683,7,36,13653.93,5,3,1,108797.63,0
15647259,35,643,2,14,2717.57,0,3,0,1000,0
15748660,49,561,1,20,3883.31,1,2,0,102025.32,1
15726695,20,601,9,48,4980.97,1,3,1,122446.61,0
15757473,27,766,7,35,36887.25,2,2,0,158786.67,0
15809509,29,699,3,6,45067.72,5,3,0,125689.29,0
15715512,29,850,1,10,9688.25,5,5,1,154640.41,0
15614168,50,792,4,16,15695.01,2,3,0,146710.76,1
15679818,67,636,7,7,42009.32,5,3,1,136709.35,1
15609928,43,850,5,19,29264.79,4,4,0,129305.09,0
15731246,40,628,10,38,40331.32,1,2,1,1000,0
15685243,63,736,10,24,20577.33,2,2,1,1000,0
15638730,21,711,0,23,27913.85,1,3,1,82844.33,0
15697034,22,583,2,41,33268.52,4,1,1,1000,0
15699225,46,757,0,25,25523.63,4,5,0,1000,0
15677387,33,749,10,3,4838.83,4,5,0,76692.22,0
15759184,34,705,7,48,596.79,0,2,1,117715.84,0
15595991,54,585,8,9,10378.35,4,2,0,87105.32,0
15681332,43,437,6,17,27351.26,0,3,1,1000,1
15756299,64,741,2,46,44360.15,4,4,1,69311.16,0
15750547,26,738,9,13,25635.13,5,5,1,1000,0
15566380,33,586,10,8,7526.18,1,3,1,66948.67,0
15675963,57,627,9,27,45902.46,3,3,1,1000,0
15674671,76,551,2,33,45265.87,5,1,0,128410.71,0
15621466,38,606,3,46,24297.44,1,3,1,99897.53,0
15607176,22,674,3,15,10388.64,3,4,1,1000,0
15570299,31,584,6,9,3010.93,5,1,0,152622.34,0
15613197,40,590,8,1,8088.02,2,5,1,1000,0
15798885,56,585,4,6,20663.17,5,2,1,138227.19,0
15714883,25,508,2,34,5553.03,2,2,1,111395.53,0
15604497,44,458,7,11,29030.04,4,4,1,84386.57,0
15773949,36,692,3,19,43882.87,2,1,0,1000,0
15774164,33,502,5,30,41224.2,2,1,1,174673.65,0
15774127,46,518,3,50,42936.29,5,5,0,1000,0
15619016,46,660,5,31,11373.05,0,1,1,109019.65,0
15795759,52,698,1,24,36598.56,1,2,0,107906.75,1
15798844,54,678,7,33,43364.29,4,1,0,128914.97,1
15717962,63,773,9,44,10855.07,0,2,1,111179.83,0
15691504,52,619,8,32,47073.96,5,1,0,124099.13,0
15693893,59,684,9,5,23495.06,0,5,0,122471.09,0
15672499,34,635,3,4,39476.14,1,4,1,134692.4,0
15750410,25,680,4,3,5547.14,3,3,0,123816.5,0
15568904,34,608,3,2,14770.09,0,2,0,106288.54,0
15649033,55,603,7,13,31712.97,5,5,0,127723.25,1
15780989,43,579,2,46,17802.59,5,5,1,145843.82,1
15771059,34,756,2,38,17982.58,4,3,0,148200.72,0
15687852,30,611,2,30,28133.24,0,4,1,104145.65,0
15695280,24,532,8,32,42588.96,1,4,1,142755.25,0
15592751,63,684,3,25,34288.54,1,2,1,81245.79,1
15598338,33,647,3,21,16396.87,2,4,1,168560.46,0
15735784,38,583,8,42,14706.96,2,3,0,1000,0
15629128,42,774,2,12,29293.13,4,4,0,132193.94,0
15642870,58,677,9,37,3072.92,2,2,0,1000,0
15637977,25,542,8,12,47292.87,3,5,1,139330.1,0
15600792,29,613,0,49,39853.31,3,2,1,1000,0
15576131,40,666,5,5,24256.39,2,5,1,1000,0
15686588,28,777,2,50,49044.61,3,1,0,134571.5,0
15761018,50,581,2,21,44160.12,0,5,1,143829.2,1
15616029,32,705,7,16,17079.07,3,3,1,1000,0
15761149,44,673,8,3,9860.1,5,5,0,133444.97,0
15802758,23,594,4,27,1104.01,5,3,1,104753.84,1
15647838,51,648,2,49,27334.38,4,4,0,116574.84,1
15735968,41,605,10,50,21645.17,4,4,0,1000,0
15581286,40,734,9,8,717.53,5,5,1,176914.8,0
15625445,36,572,8,20,21779.63,3,3,1,68348.18,0
15600173,33,595,9,29,37545.05,4,5,1,1000,0
15635143,42,749,2,12,22966.23,1,4,1,56726.83,0
15664849,46,573,3,9,16156.99,3,4,0,65269.23,1
15762455,33,624,6,20,17505.06,1,5,1,66220.17,0
15797165,56,703,9,37,30539.09,2,3,0,1000,1
15788189,41,665,8,29,27038.22,4,5,1,96147.55,0
15780492,42,648,4,15,25995.27,5,1,1,1000,0
15678497,48,850,2,21,38514.38,3,5,0,1000,1
15588560,32,569,8,38,41543.43,1,5,1,145330.43,0
15606003,21,566,3,24,42873.55,5,3,0,1000,0
15611756,47,537,4,14,33137.71,3,4,0,124192.28,0
15789563,46,706,7,33,35354.44,3,5,0,111288.18,1
15702416,43,734,7,36,17285.07,1,5,0,107805.67,0
15766288,36,586,5,39,27477.37,1,2,0,103700.69,1
15667633,38,612,1,17,38133.49,3,3,1,1000,0
15622774,34,648,0,47,27603.53,4,4,1,1000,0
15755416,27,557,3,49,42113.84,2,3,1,87739.08,0
15769915,20,643,0,24,13507.55,1,4,1,133313.34,0
15643908,49,433,10,31,46200.19,2,4,1,1000,0
15627395,41,643,7,28,42770.96,1,1,0,154902.66,0
15679663,36,488,0,47,36157.71,0,5,0,1000,0
15651581,68,758,6,8,22462.53,3,5,0,112595.85,1
15596379,39,743,3,25,45981.91,1,2,0,119695.75,0
15746674,47,730,7,31,24856.9,1,5,1,1000,1
15801256,49,746,7,39,28109.01,3,5,0,1000,0
15663808,59,666,8,13,49145.92,4,2,1,152614.51,0
15598521,33,580,7,7,27623.93,0,3,1,131647.01,0
15621457,27,850,6,50,43479.77,4,4,0,96654.72,0
15764726,22,563,3,41,19242.83,0,2,1,137583.04,0
15646374,28,766,3,10,39688.13,3,3,0,62717.84,0
15716501,32,659,9,45,16978.35,2,1,0,95377.13,0
15589948,28,607,1,50,41171.36,0,1,0,135936.1,0
15811343,35,644,5,43,41619.41,0,2,0,161591.11,0
15659677,47,746,8,22,5200.22,1,4,0,142382.03,0
15594436,33,588,2,17,16079.98,0,2,0,1000,0
15748995,30,691,9,42,20436.12,4,3,0,1000,0
15677062,38,666,6,40,49413.5,4,2,1,127043.09,0
15697201,46,640,3,15,11495.26,5,3,0,1000,0
15666453,29,611,4,1,37031.79,0,5,0,78885.88,0
15693771,45,651,8,36,46925.11,0,4,1,95922.9,1
15569867,29,529,8,14,29864.14,1,4,1,1000,0
15711602,36,676,3,28,22622.64,4,5,0,91711.59,0
15717736,46,639,10,41,40763.46,5,1,1,110031.09,0
15750441,36,782,5,13,9031.25,0,4,1,81210.72,0
15732791,32,641,5,28,7555.51,0,5,1,122947.92,0
15775104,38,697,1,4,22505.28,5,3,0,182065.85,0
15757607,45,623,0,10,9536.85,3,4,0,1000,1
15793070,41,494,2,3,14587.76,2,4,0,69974.66,1
15760456,38,731,10,23,4321.88,1,2,0,123711.73,1
15665385,44,657,6,44,36832.23,1,2,1,76495.04,0
15612418,38,744,9,16,43766.08,3,2,1,1000,0
15727138,46,774,9,8,28753.77,5,3,1,1000,0
15732061,45,850,1,36,7174.66,5,1,1,121874.89,1
15776051,45,551,6,28,31052.77,5,3,0,1000,0
15616530,36,638,6,41,39901.68,2,4,0,188455.19,1
15632344,42,792,0,21,38169.01,5,2,0,99045.93,0
15744979,36,666,8,27,46376.47,4,2,0,1000,0
15745433,30,716,2,10,4509.5,5,2,1,205770.78,0
15683657,31,594,0,9,45555.89,4,1,1,79340.95,0
15718572,57,600,9,50,124.09,2,1,0,138456.03,0
15665783,49,565,7,22,7520.09,1,4,1,1000,0
15652782,48,678,2,6,27767.45,1,1,0,101099.9,0
15707025,31,648,5,37,40359.47,1,3,1,1000,0
15647807,40,642,8,34,2097.12,3,2,0,109219.83,0
15718281,67,706,1,50,22992.33,1,5,0,123276.69,1
15660571,43,668,10,43,30712.77,3,4,0,113034.31,0
15727857,41,635,1,16,5914.86,0,1,0,1000,0
15639252,30,603,6,4,45848.99,1,3,0,129548.5,0
15628144,72,635,4,32,16841.92,2,1,0,74812.84,0
15683560,40,642,7,21,30204.91,4,3,1,1000,0
15653275,54,785,1,3,35162.47,5,5,0,1000,1
15622182,28,628,3,37,5016.9,5,1,0,153538.13,0
15613962,38,499,9,27,8401.5,0,4,1,1000,0
15618437,34,567,10,33,12762.5,3,5,0,1000,0
15783338,32,449,0,11,45346.89,2,5,0,155619.36,0
15764491,35,701,10,50,38395.64,2,1,0,159693.9,0
15712960,37,613,3,49,47119.56,2,4,0,171653.17,0
15688157,39,683,2,41,47154.79,2,2,1,47685.47,0
15579287,35,581,4,12,33791.33,3,4,1,1000,0
15570931,61,620,5,45,31668.47,4,3,0,1000,1
15615177,28,561,6,4,25834.12,0,1,1,123692,0
15809906,26,558,1,9,39349.25,4,2,1,148853.29,0
15652169,35,642,2,42,47544.94,3,1,0,133161.95,0
15649450,24,805,6,38,36367.42,4,3,0,143221.35,0
15777179,35,687,9,45,48810.63,5,4,1,1000,0
15803538,56,695,1,49,8174.1,4,1,0,1000,1
15610936,33,562,6,50,13309.77,5,1,1,1000,0
15590094,38,613,9,32,26388.06,1,1,0,126265.88,0
15572706,37,589,5,39,20146.81,1,5,1,1000,0
15634564,31,593,8,19,42654.86,5,3,1,112713.34,0
15684296,34,714,5,22,47812.22,1,4,1,141173.03,0
15702293,35,588,7,45,19030.85,4,1,0,1000,0
15642099,39,679,6,15,41505.68,4,3,1,1000,0
15773273,38,730,5,8,44541.7,0,1,0,118866.36,0
15613337,47,833,2,44,31270.88,2,1,1,1000,0
15800482,33,586,7,23,39500.82,2,2,1,1000,0
15732644,54,567,5,13,6233.51,5,3,0,92316.31,1
15713426,30,637,1,31,5442.06,3,1,1,122185.53,1
15640789,38,711,4,20,5356.52,0,3,0,123345.85,0
15598892,30,828,4,19,39028.75,0,1,1,73070.18,0
15606436,38,500,7,14,5923.23,0,2,0,1000,0
15751227,47,807,1,7,30434.24,1,1,1,95120.59,0
15812365,40,850,8,41,41458.43,5,3,0,102800.65,0
15616088,70,782,7,5,42598.27,1,3,1,97072.42,0
15803886,31,629,6,32,36280.64,2,1,0,132876.55,0
15587311,33,582,6,39,12579.26,1,1,0,1000,0
15617401,22,468,2,31,7069.65,5,3,0,1000,0
15775886,36,670,3,19,35225.99,2,1,1,1000,1
15807305,39,805,2,7,4575.39,5,3,1,1000,0
15761717,26,720,10,2,36813.57,5,1,0,51962.91,0
15628008,29,781,6,15,30082.83,3,5,0,98759.89,0
15583755,33,592,2,46,46476.33,2,1,0,156570.86,0
15661409,42,542,1,30,24942.98,3,4,0,1000,1
15774250,42,532,1,6,35213.31,1,3,1,159024.71,1
15681476,39,520,1,38,45305.84,1,3,0,73493.17,1
15654870,45,759,8,14,16381.28,0,1,0,1000,0
15790448,35,473,6,41,44490.34,4,5,1,69617.36,0
15785326,35,639,5,16,21746.65,4,1,1,136526.26,0
15592854,25,705,3,49,23055.87,4,3,1,113736.27,0
15617486,52,530,1,43,24619.91,0,5,0,106723.28,1
15806796,33,516,10,24,19363.33,0,3,0,138847.9,0
15644699,40,850,0,19,34433.25,0,3,1,1000,0
15622305,33,746,2,2,18820.06,2,4,0,107868.14,0
15608209,33,622,3,32,1384.85,2,1,0,96926.12,0
15626898,30,743,7,27,9603.36,0,5,0,77599.23,0
15644297,38,732,5,29,13698.59,3,3,0,178787.54,0
15731569,81,850,5,8,32423.93,2,3,1,1000,0
15582149,34,850,3,15,22269.36,4,2,0,129668.43,0
15802483,34,686,6,25,12755.31,1,2,0,146178.13,0
15686999,40,556,8,5,12017.07,0,5,0,1000,0
15772479,37,673,4,31,39144.24,3,3,0,1000,0
15778884,38,809,2,12,13145.17,0,1,1,154763.21,0
15623630,56,634,3,7,45150.91,1,2,0,116251.24,1
15774316,37,630,6,22,2593.37,4,2,0,1000,0
15695097,30,564,0,38,2067.51,3,3,0,100954.88,0
15645404,51,625,4,38,31187,2,2,0,124620.01,1
15750574,34,677,4,16,10316.75,1,1,0,1000,0
15636812,40,583,9,41,31474.92,4,3,1,112701.04,0
15712068,45,592,8,12,2743.96,0,2,0,84692.5,0
15652030,49,637,2,40,29401.04,3,1,1,108204.52,1
15577398,30,850,6,28,16396.18,3,2,0,86449.39,0
15756848,42,633,10,46,8234.67,0,2,0,1000,0
15806929,36,751,5,17,28754.61,4,5,1,73194.99,0
15656005,31,592,7,10,22728.13,1,1,1,124593.23,0
15722632,50,716,2,35,46894.22,3,1,0,119655.77,1
15794356,42,641,3,50,18785.05,4,4,0,121765.37,0
15659656,35,849,4,7,34569.68,3,4,1,110837.73,0
15588341,47,647,10,27,48935.51,1,5,1,99835.17,0
15709142,30,608,2,18,18116.96,5,4,0,91057.37,0
15627042,26,555,7,41,317.18,4,3,0,1000,0
15627517,27,497,7,12,30562.47,5,1,1,149400.27,0
15803032,38,599,9,19,12822.07,2,1,1,89111.63,0
15665129,33,545,1,40,23865.95,0,5,0,132527.9,0
15628272,36,774,9,7,13591.27,4,3,1,114997.42,0
15678206,46,464,6,31,41923.92,3,3,1,161798.53,0
15678427,27,696,2,15,40039.78,0,1,0,96129.32,0
15678067,45,667,3,50,45391.77,3,1,1,1000,0
15793331,32,812,5,45,23142.54,3,3,0,133050.97,0
15699532,51,516,8,43,44375.66,3,5,1,120124.35,0
15605827,39,645,8,22,9690.45,5,3,0,1000,0
15643635,32,664,5,19,18139.45,0,4,1,133705.74,0
15787710,39,427,9,11,6500.16,1,5,1,1000,0
15614137,40,685,7,2,36615.35,3,2,0,1000,0
15754494,33,585,4,49,32719.71,5,2,1,152805.05,0
15713440,21,519,1,23,33098.02,5,1,1,151701.45,1
15803479,67,708,1,7,49660.18,1,3,1,1000,0
15709639,22,717,5,6,28731.43,3,3,1,112465.06,0
15601719,24,465,6,43,9226.66,1,4,0,156007.09,0
15772482,28,829,3,20,22652.49,3,4,0,132405.52,1
15591489,26,826,5,12,10269.23,4,3,1,142662.68,0
15629002,36,747,8,7,48336.03,4,1,1,102603.3,0
15798053,32,707,9,9,22416.48,2,5,1,1000,0
15753895,37,590,1,36,2356.08,4,4,1,1000,0
15595426,57,603,6,27,29777.56,0,2,0,105000.85,1
15645815,45,615,5,6,38845.8,1,5,0,1000,0
15632848,36,634,1,30,7193.75,0,5,0,69518.95,0
15703068,41,716,8,2,3945.85,2,1,0,126145.54,0
15791513,41,647,4,38,36612.96,4,1,1,138937.35,1
15587210,44,591,10,44,46857.89,2,5,1,113581.98,0
15793803,34,574,1,49,1738.36,5,1,0,112572.39,0
15787756,51,467,10,13,24283.42,1,5,1,114514.71,1
15723437,35,701,2,49,33059.16,1,5,0,1000,0
15702715,34,747,10,36,21007.88,4,4,0,1000,0
15809872,32,650,2,14,32515.35,5,3,1,84906.45,0
15644295,39,731,2,15,11866.82,2,5,0,126816.18,0
15778694,26,638,1,50,18855.59,3,2,1,105249.76,0
15759555,41,569,2,25,11130.22,0,5,1,1000,0
15631406,50,459,5,18,17683.47,3,1,0,109387.9,0
15616676,23,632,3,29,30207.09,0,4,0,122478.51,1
15771154,73,683,8,14,19396.91,4,5,0,137732.23,0
15669491,46,850,2,16,398.01,3,4,1,157866.77,0
15697691,41,512,6,38,23436.54,1,3,0,1000,0
15665180,31,616,3,5,7021.47,2,2,0,136789.14,1
15752588,36,664,1,13,36596.17,4,3,0,1000,0
15743051,30,694,10,32,19679.7,5,1,0,144684.03,0
15571873,24,655,9,1,10387.92,4,2,0,107065.31,0
15679743,33,607,8,19,3674.63,5,3,1,91301.72,0
15769412,39,684,4,33,20444.54,4,1,0,207034.96,1
15775124,37,763,8,40,44634.5,3,1,0,1000,0
15732113,50,671,8,40,37831.81,2,4,0,1000,0
15578141,38,592,3,49,44229.27,5,3,1,1000,1
15595874,36,666,6,45,28194.16,5,5,0,1000,0
15755642,34,667,5,36,40502.06,4,1,0,1000,0
15576526,36,850,6,45,17693.99,2,4,1,1000,0
15792489,42,622,9,14,21577.12,2,3,0,1000,0
15733705,30,577,8,43,27270.21,5,3,0,92472.1,0
15807221,21,555,1,46,43556.79,0,1,1,1000,0
15573045,62,547,10,35,48889.34,1,1,1,127738.75,0
15756824,50,613,5,32,1195.05,3,2,0,101242.98,0
15773520,43,672,4,23,16213.89,2,1,0,92599.55,0
15627439,36,624,10,44,43983.37,2,4,0,1000,0
15701439,50,698,1,7,41688.72,5,1,0,1000,1
15785352,37,606,6,18,27296.65,1,4,1,82373.94,1
15616525,31,720,4,18,49536.62,4,3,0,141356.47,0
15717489,23,835,9,37,1006.28,5,4,0,1000,1
15795737,47,771,3,11,49985.39,4,5,1,72664,0
15693877,47,811,3,45,46130.77,5,4,1,123365.34,0
15576111,33,734,5,46,25583.23,0,1,1,121898.58,0
15595713,33,548,6,33,22028.62,2,5,0,1000,0
15808868,31,652,3,47,48497.33,3,3,0,103696.97,1
15708193,33,707,2,16,17651.35,4,5,0,1000,0
15697801,56,605,1,10,1283.52,3,5,0,74129.18,1
15770121,34,623,9,32,48230.97,4,1,1,1000,0
15800524,29,686,3,20,41261.16,1,5,0,185379.02,0
15686236,47,525,1,43,5426.25,1,3,0,118087.68,1
15659807,41,657,8,16,30731.24,0,2,0,109402.13,0
15736078,33,730,7,10,28164.02,1,3,0,130367.87,1
15620836,34,816,2,29,49998.48,4,4,0,108410.87,0
15698184,50,484,2,33,40712.07,2,1,1,90408.16,0
15717643,34,728,6,3,18676.08,2,1,0,90425.15,0
15776596,39,730,6,18,18731.22,1,2,0,140094.59,1
15814757,31,477,9,2,36074.62,3,2,1,1000,0
15812607,46,663,6,45,39818.73,3,2,1,95439.4,1
15663888,34,549,6,31,42910.62,5,1,1,204017.4,0
15748882,29,714,9,44,32575.63,2,1,0,1000,0
15690829,49,430,3,19,18422.79,2,2,0,137115.16,1
15695819,43,504,5,3,2637.65,3,4,1,134740.19,0
15696834,29,530,5,13,15515.25,1,4,1,1000,0
15797710,29,619,4,34,2138.35,0,3,0,98955.87,0
15700654,44,617,9,19,43577.32,5,3,1,49157.09,0
15583764,31,791,1,33,29184.54,1,1,1,130240.33,0
15688849,48,609,1,34,3390.34,2,1,0,108019.27,1
15661473,51,780,4,13,25877.79,3,2,1,126725.25,1
15601030,34,777,5,46,25647.07,3,3,1,96693.66,0
15789557,27,817,7,5,37697.11,3,2,1,129810.6,0
15745250,58,850,8,22,29476.53,2,4,0,156652.13,1
15590349,36,732,9,47,4248.61,4,4,0,1000,1
15741693,40,693,4,42,33406.22,1,4,0,130661.96,0
15618446,50,576,8,20,24616.75,0,1,1,1000,0
15766552,37,643,6,4,30998.77,4,4,1,1000,0
15668775,47,757,3,3,28298.85,5,5,0,130747.1,0
15757895,30,569,6,2,44130.27,0,3,1,106629.49,0
15774551,36,772,3,37,37535.44,1,5,1,112029.83,0
15684011,29,576,7,42,48085.19,1,4,1,130575.26,0
15736146,28,608,4,2,44177.12,2,5,0,96679.71,0
15656286,33,794,0,10,21594.5,3,3,0,1000,0
15774847,50,593,6,15,41250.98,0,3,0,171740.69,0
15619340,38,597,1,42,47200.29,4,2,1,1000,0
15815656,39,541,9,17,46533.08,5,3,0,100116.67,1
15623357,24,692,2,24,20446.52,2,1,0,120596.93,0
15601324,48,697,1,34,42785.71,5,3,1,1000,0
15715510,29,768,2,22,25554.28,3,3,1,95984.69,0
15663770,38,802,1,11,37451.29,4,1,1,142557.11,0
15779267,47,584,5,23,24676.03,2,4,1,1000,0
15597957,66,614,2,33,2148.01,4,2,1,1000,0
15584620,36,850,6,19,44185.35,0,1,1,143644.16,1
15750772,38,671,6,9,49888.3,0,5,0,132129.72,0
15706557,52,626,0,5,17518.42,3,2,1,1000,1
15594391,68,770,2,44,42032.75,2,4,0,183555.24,1
15661656,38,633,2,34,33286.26,1,1,0,91902.56,0
15631217,40,663,6,6,27791.63,0,1,1,156218.19,0
15588955,43,581,5,31,6376.63,0,3,0,93259.57,1
15758252,45,561,2,22,10616.27,3,4,0,168085.38,0
15740223,51,479,1,29,4747.94,3,4,0,107714.74,1
15805413,31,769,6,9,5803.71,5,1,1,117852.26,0
15635116,60,659,2,16,5195.46,5,3,1,1000,1
15764892,51,590,10,31,46090.58,5,2,0,84474.62,0
15795936,50,560,3,14,19748.87,3,1,0,1000,0
15655232,35,437,6,6,48060.79,3,1,1,126803.34,0
15640133,34,661,0,5,8518.97,3,4,0,1000,0
15751524,36,677,10,16,17775.39,3,2,1,68806.84,0
15670552,31,560,3,18,37439.54,0,4,1,115141.18,0
15623966,35,578,2,31,38394.31,4,1,0,1000,0
15752193,34,421,6,8,4906.02,1,1,0,90723.36,0
15607269,49,492,2,36,5492.08,5,3,0,151249.45,0
15700752,32,545,6,33,28023.38,4,5,1,1000,0
15777901,43,640,9,32,21584.67,3,4,1,94752.49,1
15639117,34,624,6,41,30108.99,5,4,0,1000,1
15720203,28,577,7,38,11058.89,3,4,0,1000,0
15586236,31,704,5,27,46349.78,4,1,0,132084.66,1
15676645,45,523,5,4,29896.96,2,5,1,1000,0
15715988,35,793,2,35,2894.85,5,1,1,1000,0
15603749,53,564,2,4,11452.92,3,2,1,45472.28,1
15608956,33,711,1,30,1611.69,5,1,1,1000,0
15733872,33,791,10,10,7141.09,2,4,0,130229.71,1
15666982,38,629,9,43,17254.5,0,4,1,123948.85,0
15602647,39,729,6,45,47633.3,4,1,0,127415.85,1
15623063,35,651,8,32,13290.48,4,3,1,110067.71,1
15682928,39,695,4,41,11883.46,2,1,1,65521.2,0
15729246,31,847,5,22,3052.46,1,5,0,1000,0
15588928,47,704,5,30,34970.04,1,5,1,1000,0
15803352,33,613,3,29,34993.1,4,3,0,155736.42,0
15607485,29,692,4,33,44767.29,3,4,0,1000,0
15656249,34,720,3,22,13294.24,3,2,0,118307.57,0
15761783,41,577,6,16,38215.62,0,3,0,1000,0
15716605,24,710,7,24,32174.09,5,2,1,103099.17,0
15757425,38,716,1,36,1865.64,5,4,0,1000,0
15603096,33,410,6,48,37487.04,1,4,1,125789.69,1
15588580,36,584,4,47,3155.81,2,2,1,109646.83,0
15770539,30,792,1,23,24423.47,2,1,1,127187.86,0
15572022,36,605,6,44,2505.76,3,3,1,1000,0
15571843,24,486,1,9,21446.97,4,4,0,1000,0
15752502,41,615,4,4,45256.66,5,5,0,130385.82,0
15609058,23,676,1,5,3409.78,1,2,0,107787.47,0
15775108,34,571,1,18,23807.08,2,2,1,99325.04,0
15708904,37,850,9,41,46047.13,5,4,1,1000,0
15600086,48,717,7,49,3056.12,1,5,1,123764.95,0
15814675,39,642,8,41,33506.99,5,5,0,128264.03,1
15572777,47,780,7,4,41716.17,1,3,1,86006.21,0
15585106,38,492,8,32,30250.27,0,4,1,57068.43,0
15738936,29,760,5,47,13306.59,0,1,1,103607.24,0
15750970,40,500,1,40,27357.57,3,4,0,99004.24,0
15725772,36,654,2,35,28527.73,1,2,0,1000,0
15692106,25,606,3,23,16844.77,5,5,1,147386.72,1
15791533,42,367,6,30,15668.97,3,5,1,93608.28,1
15715715,38,799,2,44,43058.54,5,2,0,1000,0
15785576,71,434,9,12,2018.8,1,2,1,119496.87,0
15798834,32,719,7,16,22725.7,0,2,1,1000,0
15744127,37,641,2,36,39644.47,3,3,1,1000,0
15637427,25,461,6,5,43228.33,4,1,1,1000,0
15576990,25,790,5,23,43706.05,4,3,0,152885.77,0
15615352,31,588,4,37,30563.16,2,5,1,99607.37,0
15647333,27,621,4,11,16822.2,4,3,0,137003.68,0
15572050,48,768,3,9,14926.62,1,3,0,122831.58,1
15581370,38,681,2,11,35702.67,5,5,1,99811.44,0
15813503,37,606,8,40,6299.48,2,5,0,154712.58,0
15769783,37,542,8,4,28989.39,5,2,0,1000,0
15793135,24,713,7,13,33023.19,4,4,1,147687.24,0
15599182,33,597,2,37,20841.41,4,5,0,1000,0
15689517,27,635,3,10,27212.88,2,3,0,127009.83,0
15641366,61,599,1,12,47751.87,1,4,1,124737.96,1
15588859,44,496,0,33,16486.68,3,4,0,179356.28,1
15732293,31,759,8,41,16924.67,3,5,0,1000,0
15568032,31,757,1,30,26529.61,0,5,1,127320.36,0
15623525,31,564,0,18,42768.19,4,4,1,125175.58,0
15606601,22,561,6,8,43480.53,1,2,0,186788.96,0
15800811,40,702,3,9,19086.29,4,3,1,148556.74,0
15610711,40,678,8,35,46482.38,5,1,1,128644.46,0
15809654,46,707,7,24,33079.16,1,5,0,127476.73,0
15576077,27,610,9,31,31758.44,3,3,1,159561.93,0
15643378,42,744,1,31,44486.82,4,4,1,112419.92,0
15566790,28,598,8,10,28811.22,4,2,1,129991.76,0
15774402,36,562,5,49,10998.9,1,5,1,1000,0
15694641,59,621,2,13,5780.31,1,4,0,1000,0
15605916,50,659,3,20,24444.93,1,2,0,1000,1
15812356,40,722,6,28,23411.72,2,4,1,89175.06,0
15644179,39,606,3,20,30588.7,2,5,0,1000,1
15771674,39,603,5,7,14951.54,1,1,0,162390.52,0
15623314,59,506,3,15,28672.41,2,5,0,190353.08,0
15613292,21,715,8,1,29623.34,4,3,1,1000,0
15813871,47,690,2,30,3201.69,3,3,1,1000,0
15759480,40,644,10,13,31863.76,2,3,1,139180.97,0
15587712,36,589,8,48,35955.93,1,4,1,114435.47,0
15671165,66,592,5,7,3308.67,2,1,0,149950.19,0
15620746,42,632,4,48,23150.44,3,3,1,126115.6,0
15706537,59,577,7,14,26352.13,2,4,1,111396.97,0
15589312,30,588,3,11,12906.45,5,2,0,115007.08,0
15741180,54,617,6,32,14397.43,2,5,0,102141.9,0
15733888,36,668,3,12,4850.24,5,4,0,133686.52,1
15798532,32,810,9,31,26900.23,0,2,0,120879.73,0
15577359,47,767,5,44,14263.89,0,1,1,1000,1
15614936,49,718,10,16,19046.25,2,2,0,82321.88,0
15747647,27,589,4,2,32149.15,0,2,1,1000,0
15588566,33,778,5,12,30134.37,0,1,0,116474.28,0
15570141,34,724,3,31,7268.86,5,4,1,132352.69,0
15800793,39,477,4,42,48293.6,5,4,1,182491.57,0
15572415,34,580,6,16,21269.22,4,2,0,1000,0
15635125,63,566,2,24,48301.5,4,3,0,120787.18,0
15636551,29,711,3,35,30327.86,0,4,0,130181.47,0
15600912,32,706,5,36,28626.95,4,4,0,88348.43,0
15768476,31,703,6,6,25230.25,3,2,1,1000,0
15650266,39,679,2,4,49140.93,1,3,0,146186.28,0
15621004,32,603,7,5,3533.82,2,5,1,1000,1
15748352,34,598,0,33,6870.05,4,1,1,104488.17,0
15788920,32,836,4,36,37988.57,2,4,1,109196.67,0
15743236,61,687,7,44,1161.6,4,4,0,80538.56,1
15637717,41,704,4,44,14246.85,3,2,0,109026.8,0
15635500,75,605,2,9,40240.56,5,4,1,61319.63,0
15634792,40,516,9,5,17665.27,3,1,0,1000,0
15607560,39,572,2,40,34475.18,4,2,0,1000,0
15727177,42,557,6,11,25484.6,3,4,0,177822.03,1
15774358,59,443,4,12,46571.64,5,2,1,110939.3,1
15791304,25,604,7,17,22910.59,2,4,1,165413.43,0
15603328,27,483,1,24,6484.01,4,5,0,77805.66,0
15804937,50,702,3,34,6887.53,2,4,0,1000,0
15804142,57,670,3,25,35847.63,3,4,1,175575.95,1
15608845,38,804,3,44,27020.59,2,5,0,124197.22,0
15702434,30,850,3,13,42681.91,3,4,0,1000,0
15632609,39,554,10,4,4319.58,4,5,0,160132.75,0
15603550,37,588,7,2,7599.77,1,1,1,70258.88,0
15755239,32,758,4,40,39733.33,3,1,1,162657.64,0
15670528,43,787,0,45,30336.58,2,5,0,132217.45,1
15732704,25,582,9,28,42770.99,0,4,0,148042.97,0
15589019,33,633,4,7,30443.09,4,5,1,92855.02,0
15677796,47,766,9,44,11212.36,1,5,0,129289.98,1
15760177,37,564,9,46,35772.08,4,4,0,100252.18,0
15636595,37,602,3,37,10518.56,4,4,1,107592.89,0
15737275,39,649,3,49,29095.75,1,5,0,113096.41,0
15672905,40,679,7,11,1227.68,2,1,1,1000,0
15753955,34,639,7,15,4558.29,3,4,1,149940.04,0
15708504,50,790,8,38,40504.95,5,1,1,121438.58,1
15592451,32,565,9,37,7958.22,5,1,0,1000,0
15790455,50,478,2,3,36681.41,2,1,1,1000,1
15572174,29,825,3,10,45593.05,4,3,1,148874.01,0
15656330,32,528,0,49,10815.4,3,4,1,68138.37,0
15569626,35,577,5,39,46054.35,3,4,1,110080.3,0
15608726,24,663,7,5,15765.85,1,2,0,1000,0
15637366,25,505,5,17,5378.11,2,5,1,114268.85,0
15778049,29,633,6,46,11887.01,3,4,0,117412.35,0
15727421,38,586,6,45,39796.28,3,1,1,1000,0
15688865,35,850,9,18,6166.36,3,3,1,1000,0
15751032,37,629,1,28,8747.93,2,5,1,35549.81,0
15734737,56,744,9,25,38775.36,4,3,1,1000,0
15746515,36,750,7,33,17572.04,4,5,1,136492.92,1
15664311,28,637,3,50,16999.49,1,1,0,123675.69,0
15708139,40,575,1,8,5042.35,3,4,0,139532.34,0
15768574,58,671,1,43,45668.81,5,1,0,178713.98,0
15738018,40,571,5,12,15770.98,1,1,1,1000,0
15699753,41,590,1,44,42840.97,2,4,1,89086.31,0
15703199,38,619,3,44,35848.34,2,1,1,96143.47,0
15627830,30,640,5,4,31781.48,1,2,1,32197.64,0
15570855,38,670,7,46,32251.41,5,2,0,1000,0
15772503,33,737,4,33,41306.85,3,4,1,1000,0
15584453,32,555,10,49,4539.47,0,4,1,1000,0
15710111,33,742,6,18,28426.95,2,1,1,1000,0
15618562,40,618,0,50,32426.44,2,2,1,140306.38,1
15706764,35,560,1,34,23213.99,3,2,1,1000,0
15798737,38,654,8,18,24416.9,1,5,1,1000,0
15712608,42,787,2,35,25123.42,5,4,0,74483.97,0
15636736,53,611,7,24,1206.35,2,2,0,1000,1
15703544,34,559,0,13,14189.77,0,2,0,1000,0
15815645,37,481,8,20,6432.2,4,5,1,152303.66,0
15705739,32,753,5,43,4621.54,5,2,0,159904.79,0
15709643,32,675,1,5,45223.71,1,3,0,1000,0
15669805,31,748,1,11,19742.36,4,2,1,99557.94,0
15737489,46,610,5,37,16837.61,4,4,1,116886.59,0
15775131,32,580,9,14,8738.37,0,1,1,142188.2,0
15765283,40,624,3,19,41631.34,3,4,0,149961.99,0
15628715,36,709,8,16,26828.83,0,5,1,1000,0
15813283,34,605,2,17,40365.39,2,3,0,1000,0
15745716,53,706,7,33,1709.59,0,1,1,1000,0
15598485,40,567,8,15,37436.87,1,5,0,28649.64,0
15696552,21,747,4,3,37828.95,0,3,0,81025.6,0
15754569,57,664,1,16,34180.3,5,1,1,1000,0
15701741,39,711,3,48,17105.2,5,2,0,152462.79,0
15572631,25,609,10,33,19680.93,0,4,1,1000,0
15636069,28,632,7,4,39402.95,4,4,0,155519.59,0
15682467,36,725,1,22,45191.19,1,5,1,118851.05,0
15790744,34,850,9,43,1255.22,4,4,0,92899.27,0
15625023,40,682,4,28,1550.27,0,3,0,1000,0
15731267,37,797,4,36,44699.85,4,3,0,75263.7,0
15742879,38,668,1,19,42485.93,1,4,0,147904.31,0
15757015,41,783,5,47,36104.05,5,5,1,106640.5,0
15770711,28,766,4,26,24846.41,1,2,0,90696.78,0
15569430,36,704,2,36,27436.67,2,3,0,175509.8,0
15617304,40,722,6,46,11410.58,0,1,0,1000,0
15704466,34,692,7,12,38704.07,3,3,1,1000,0
15664681,35,584,2,24,42031.08,5,2,0,114321.28,0
15605534,51,644,4,49,9354.94,5,4,0,95560.04,1
15792473,50,598,5,47,23324.13,1,1,0,88379.81,1
15802625,48,733,7,43,40935.25,1,2,0,85915.52,0
15766017,58,615,3,38,25515.52,3,1,1,72309.3,1
15762172,39,850,2,48,7165.39,2,5,1,1000,0
15728333,43,521,8,14,45418.07,3,5,0,1000,0
15792868,69,675,1,49,6960.22,3,5,1,1000,0
15605698,58,746,3,9,6256.58,0,1,0,1000,1
15777060,33,770,4,29,6284.99,1,4,1,1000,1
15626243,30,618,3,48,48073.38,5,1,1,133844.22,0
15719898,36,556,7,49,27378.24,1,5,1,154872.08,0
15599976,27,749,9,3,24844.88,5,4,0,1000,0
15752809,43,702,6,47,6151.45,5,1,1,116121.67,0
15589698,42,555,6,15,34006.54,4,1,1,107104.5,1
15609977,47,587,6,1,11797.32,2,5,0,71026.77,0
15750121,38,639,3,16,48089.69,1,3,1,1000,0
15734177,33,643,4,20,34969.73,2,5,1,1000,0
15781347,41,600,1,46,18560.25,3,4,0,1000,0
15592025,53,651,7,34,28086.9,5,1,1,1000,0
15670163,27,666,4,49,24798.72,3,4,0,1000,0
15765402,39,520,6,24,18713.32,3,3,1,145644.05,0
15624343,50,650,7,42,6608.51,3,2,0,129667.77,0
15602354,33,564,3,41,8901.08,5,2,1,109341.87,0
15579183,64,586,1,25,16406.23,2,2,1,1000,0
15584899,35,617,5,13,27733.01,5,1,1,1000,0
15723658,30,712,6,15,14694.49,5,5,1,1000,0
15803965,55,654,3,7,19684.95,1,5,1,87485.67,0
15682489,27,605,9,30,33980.68,5,1,0,1000,0
15813645,36,491,0,42,22871.32,4,4,1,53369.13,0
15766787,35,707,9,5,16465.5,2,4,1,1000,0
15687171,34,638,5,28,6951.26,5,2,1,146679.77,0
15690744,43,683,2,10,6725.71,4,2,1,112499.42,0
15707974,38,815,2,36,27958.45,2,1,1,48387,0
15673084,38,645,1,43,48128.01,4,5,0,68079.8,0
15814772,49,645,4,15,13495.04,5,2,1,160133.88,0
15743709,30,683,4,13,21841.77,4,2,1,66190.33,0
15610343,37,705,10,31,34349.45,1,5,0,1000,1
15737414,35,647,4,38,13827.73,3,4,1,123761.68,0
15788480,33,786,0,14,36154.68,3,1,1,122325.58,1
15568519,41,534,9,37,7638.06,1,3,0,1000,0
15792453,42,602,1,35,30063.44,3,4,1,138912.17,0
15658100,42,695,0,24,32078.94,3,4,1,1000,0
15695197,25,553,7,29,25747.41,5,2,1,128524.19,0
15749807,31,516,3,17,13184.44,0,4,1,1000,0
15773876,34,655,3,1,32196.83,4,5,1,1000,0
15591698,49,849,9,8,44178.48,4,2,1,132934.89,1
15712813,43,520,3,32,10226.05,2,1,0,150805.17,1
15763898,46,568,3,23,18582.65,4,3,1,1000,0
15793324,32,695,9,5,25958.86,2,3,1,1000,0
15757759,28,807,7,49,13128.31,3,5,1,165969.26,1
15796230,36,642,2,39,15386.75,0,2,1,124495.98,1
15611729,39,703,1,38,7134.28,1,4,1,141559.5,1
15709531,38,556,2,48,1101.14,2,5,0,114756.14,0
15650751,30,585,6,14,5091.81,0,4,0,1000,0
15641413,49,587,7,37,24157.45,5,5,1,155393.98,1
15753840,32,524,6,5,27041.51,3,1,0,1000,1
15669994,31,556,1,34,16609.63,0,5,1,128663.81,0
15695301,44,504,4,39,44003.68,3,2,0,113522.64,0
15792004,26,731,3,25,20655.8,4,4,0,1000,0
15603035,34,651,3,40,14654.73,1,4,1,1000,0
15717286,40,675,8,29,15846.61,4,3,0,79035.95,1
15577107,22,657,6,14,37883.31,4,5,1,1000,1
15754747,33,686,9,12,43591.68,1,3,0,141918.09,0
15705676,35,690,9,12,2327.06,4,5,1,107944.33,0
15751912,36,567,7,48,34306.49,2,4,0,1000,0
15677336,57,557,1,30,5600.64,5,2,0,120043.13,1
15684395,45,446,10,6,16621.36,1,5,0,125191.69,1
15659949,31,850,1,36,12955.65,2,1,0,96399.31,0
15812422,41,637,2,41,8309.55,4,3,1,1000,0
15806941,60,499,7,7,38643.34,2,3,0,76961.6,0
15637690,34,622,7,10,8081.81,1,1,1,98675.74,1
15632882,37,684,1,45,35768.45,5,2,1,126817.13,1
15807107,32,612,3,10,41852.28,5,1,1,121394.42,0
15661034,29,813,5,40,10278.87,2,3,1,106059.4,1
15811958,44,850,2,1,38480.35,0,5,1,112755.34,0
15785167,29,795,4,10,15924.72,4,4,0,1000,0
15646720,55,628,7,39,30228.42,3,1,1,1000,1
15658614,38,565,7,13,7309.23,3,4,0,145400.69,0
15704657,39,601,3,12,42541.4,2,3,1,72647.64,1
15567147,40,802,4,1,30146.61,4,5,1,1000,0
15701319,37,614,6,49,8741.86,5,4,1,96340.81,1
15745266,55,434,6,13,14646.61,1,4,1,1000,1
15650437,32,522,8,40,46697.39,4,5,0,124450.36,0
15764314,36,550,2,38,22119.88,2,4,0,113877.23,0
15612594,25,599,3,20,18057.48,0,1,1,1000,0
15593501,36,493,5,39,33325.19,4,1,0,148667.81,0
15804150,34,755,3,42,1231.01,2,4,0,1000,0
15649297,62,605,4,3,38256.67,3,2,1,111065.93,0
15641110,41,708,0,45,32552.79,2,1,0,1000,0
15660608,44,699,8,27,8581.98,2,2,0,158697.61,0
15806570,53,763,4,26,48839,0,2,1,1000,1
15715345,25,743,6,30,18461.11,0,3,0,1000,0
15755521,48,660,0,3,35944.41,4,4,0,90044.32,1
15579074,38,619,10,44,26239.24,3,5,1,84651.79,0
15641158,32,739,3,36,17078.2,4,1,1,102128.27,1
15752507,60,769,9,10,15964.4,5,4,1,148846.39,1
15597983,69,692,10,6,14529,5,5,1,154953.94,0
15586069,30,560,0,40,43012.52,2,2,1,108883.29,0
15655082,48,607,4,29,2497.68,4,3,1,112070.86,1
15720155,29,630,6,18,18925.19,1,2,0,131354.39,1
15582116,45,767,7,46,3429.85,4,1,1,132746.2,1
15749365,34,543,8,32,49117.1,4,5,0,1000,0
15632069,39,776,8,44,14224.81,0,5,0,125211.55,0
15663134,58,535,1,7,45982.93,1,2,1,1000,1
15766683,36,549,6,21,38529.36,0,4,0,139422.37,1
15707219,28,844,4,19,24488.04,4,4,1,1000,0
15709232,47,586,5,33,8144.96,0,3,1,157099.47,0
15801351,40,583,3,25,30621.91,2,4,0,1000,0
15578747,26,701,5,23,11846.09,2,2,1,83600.24,0
15675626,28,726,2,7,17087.08,0,3,1,1000,0
15583736,36,829,4,10,9135.89,1,4,1,81795.74,0
15590011,38,749,9,43,40758.61,5,2,0,129378.32,0
15609913,46,743,9,37,16964.67,5,1,0,1000,0
15719479,56,619,7,42,5852.69,0,4,1,1000,0
15575147,22,699,9,32,10929.8,0,1,0,99339,1
15597309,36,749,7,11,26300.65,0,3,0,1000,0
15648367,29,600,6,9,30592.87,5,4,0,74430.1,0
15758031,38,760,3,16,14408.19,3,4,1,91241.85,0
15751771,32,528,2,22,20182.23,4,1,1,99092.45,0
15689288,26,630,5,29,9730.9,4,3,1,1000,0
15731026,39,683,2,32,16396.32,3,4,0,100062.16,0
15775809,26,677,6,46,14261.06,5,3,0,98723.67,0
15743076,29,669,9,30,37302.18,5,2,1,1000,0
15658258,43,693,6,41,11313.11,0,2,0,128760.32,0
15756321,52,612,5,5,4217.83,2,5,1,144772.69,1
15706799,44,719,4,27,16852.87,4,2,1,1000,1
15775703,26,702,2,11,27208.84,1,2,0,71281.29,1
15642636,29,755,9,34,9253.68,4,3,0,117035.89,0
15704651,26,514,1,27,24783.1,4,4,1,1000,0
15806771,40,753,0,41,48820.77,0,1,1,3768.69,1
15566735,36,548,2,49,35937.55,0,1,0,108913.84,0
15681671,28,850,2,3,11486,2,3,1,101100.22,0
15775949,38,612,7,36,20729.31,4,1,0,110615.47,0
15586752,33,628,8,46,26037.93,4,1,1,152143.89,0
15582519,47,479,6,19,18068.31,1,1,0,121797.09,1
15658233,41,724,5,2,26096.47,1,4,1,109798.25,0
15755330,41,512,7,6,38507.02,4,5,0,122403.24,1
15605072,43,638,3,41,47135.28,2,3,0,145860.98,1
15617538,40,834,7,3,29583.03,4,2,0,1000,0
15591428,29,781,9,42,26368.74,0,1,0,1000,0
15692142,48,707,7,31,4155.55,2,5,1,105086.74,1
15692931,22,670,2,37,34068.65,2,2,1,114991.45,0
15781127,33,663,8,10,37700.59,1,5,1,96769.04,0
15677136,23,624,5,27,36952.45,2,3,1,1000,0
15677828,34,598,4,21,40061.39,1,5,0,1000,0
15567897,23,619,5,37,12818.08,0,3,0,132725.1,0
15793641,70,792,3,19,43421.38,3,2,1,1000,0
15678333,26,683,7,40,40151.97,5,5,1,1000,0
15630511,33,691,6,41,18601.56,2,2,0,1000,0
15792627,33,765,5,27,40452.72,1,3,0,84557.82,0
15717191,49,508,1,34,24479.42,4,3,0,93817.41,1
15625716,33,637,9,8,37458.47,3,4,0,113913.53,0
15710053,44,667,5,12,17287.6,4,1,1,140406.68,0
15580043,22,575,8,29,39919.28,4,3,1,105229.34,0
15601410,46,744,1,16,16933.57,3,2,1,1000,1
15684669,41,567,9,3,19990.03,1,2,1,137891.35,1
15619083,35,502,6,28,29000.95,0,5,1,1000,0
15692207,53,609,6,6,39417.51,1,4,0,1000,0
15730705,37,715,9,10,24504.87,5,4,1,165252.52,0
15749688,32,541,8,7,31342.12,5,1,0,1000,0
15728542,71,850,4,47,46256.55,3,1,0,1000,0
15760063,23,595,7,43,28023.83,1,4,0,1000,0
15658982,28,650,5,37,14764.99,2,1,1,122034.4,1
15758769,44,625,7,30,19926.42,0,3,0,1000,0
15778481,59,817,1,8,29963.59,2,2,0,118962.58,0
15661162,49,526,2,5,24632.02,0,1,1,1000,1
15568164,34,850,4,16,40205.5,2,4,1,71379.53,0
15601569,40,598,2,6,31230.56,3,4,0,171178.25,1
15772383,36,613,9,48,9666.45,2,4,0,131307.11,0
15667456,62,709,3,31,33782.18,0,5,0,1000,0
15672983,27,678,5,24,20807.73,1,3,0,87099.85,0
15799534,71,720,5,33,39193.62,1,3,0,183135.39,0
15582847,26,662,0,15,995.11,5,2,1,1000,0
15612478,51,525,10,21,43625.17,2,2,0,1000,1
15709621,31,662,3,4,28443.74,1,3,1,1000,0
15802009,33,770,6,34,18982.69,5,4,1,1000,0
15698816,33,721,4,32,30164.59,3,2,1,72535.45,0
15574830,58,633,2,45,4823.67,4,4,1,128137.42,1
15603082,51,701,9,28,27877.71,3,4,1,1000,0
15685947,42,556,0,16,14274.07,3,5,1,115915.53,1
15643048,66,639,0,47,24153.37,3,1,1,1000,0
15807568,50,632,2,3,3960.11,1,2,1,1000,0
15597591,29,456,5,21,35587.63,4,1,1,107000.49,0
15747558,38,729,10,9,38968.11,4,3,0,1000,0
15756655,34,632,2,18,36263.48,5,2,0,1000,0
15589949,34,433,9,1,33801.05,3,3,1,152806.74,0
15601012,60,802,3,28,45503.34,0,4,0,92887.06,1
15724269,25,670,7,9,49906.53,1,4,0,1000,0
15567506,40,738,6,40,9553.05,1,2,1,114940.67,1
15791877,34,706,0,18,20549.37,4,2,1,140641.26,0
15794360,70,592,5,35,43410.34,4,3,1,71816.74,1
15686538,41,522,7,21,38583.66,1,4,1,1000,0
15585985,48,746,5,21,6843.21,5,5,0,165282.42,1
15699257,42,651,2,10,37126.41,2,3,1,143145.87,0
15804104,28,494,9,2,33203.88,0,2,1,114731.76,0
15727619,46,753,9,12,47467.45,1,3,1,113909.69,1
15740237,36,671,2,39,10522.79,3,5,1,116695.27,0
15801436,42,696,4,36,44466,5,4,1,1000,1
15705735,43,577,3,12,38025.65,2,5,1,1000,0
15649359,36,587,1,3,47462.27,1,3,0,1000,0
15624892,37,712,7,3,39171.62,1,5,0,93978.96,0
15784918,35,498,2,22,37740.97,5,2,0,121968.11,0
15584785,37,660,2,20,16884.33,0,1,1,97324.91,0
15797197,29,678,6,15,7696.2,5,5,1,1000,0
15574858,37,530,8,3,31341.54,1,3,1,1000,0
15794101,48,559,2,41,40904.6,1,4,0,1000,0
15743245,42,624,3,8,8279.27,3,1,0,145155.37,1
15791535,28,592,5,9,18377.58,0,5,0,137222.77,0
15605215,48,767,9,16,30065.9,5,4,0,1000,0
15771749,38,653,5,48,21214.94,4,3,1,114268.22,0
15616833,27,678,2,24,49805.54,2,5,1,1000,0
15750728,42,586,2,40,17558.39,4,4,1,1000,0
15769353,40,550,8,3,33890.91,0,1,1,150490.32,1
15770091,28,643,9,40,9837.4,3,2,1,160858.13,0
15716420,39,612,5,36,35985.73,2,1,0,170288.38,0
15740602,27,674,4,16,943.88,4,3,1,111568.01,0
15796071,29,657,7,5,22517.15,2,3,0,83889.03,0
15811389,35,724,0,37,44322.35,5,2,0,171982.95,0
15783875,34,500,4,13,49995.45,3,5,0,1000,0
15671800,20,688,8,28,23081.91,3,4,1,137624.4,0
15677288,50,599,3,29,24017.04,3,5,0,121159.65,1
15633525,29,631,7,45,48483.97,3,2,1,1000,0
15634606,52,634,1,25,4891.79,0,2,0,1000,0
15579207,37,545,3,49,5906.8,0,2,1,91184.01,0
15619892,18,644,8,12,31662.08,4,1,0,1000,0
15567778,54,690,1,45,6218.94,5,3,0,144027.8,1
15711750,34,711,6,14,47382.89,4,4,1,1000,0
15751084,29,712,8,24,47814.77,3,4,0,140170.61,0
15768945,27,627,1,45,2818.89,0,3,0,62092.9,0
15586931,39,694,3,19,35925.05,0,5,0,1000,0
15636353,35,534,4,33,13338.32,1,3,1,1000,0
15623858,45,603,9,1,30254.49,2,3,0,1000,0
15703354,33,808,2,7,37076.98,0,2,1,103516.87,0
15663987,30,723,1,17,19097.03,1,3,0,1000,1
15780805,35,585,2,4,11972.38,2,3,0,1000,1
15768566,34,706,8,33,5805.69,4,2,0,1000,0
15643229,31,671,6,42,47282.73,0,4,1,1000,0
15754940,43,597,2,28,4085.92,2,1,1,85162.26,1
15676576,43,646,8,50,20143.21,0,1,0,143061.88,0
15800068,46,801,6,9,2075.54,5,2,1,1000,0
15648030,33,731,5,8,29334.13,4,1,0,137388.01,0
15668594,25,620,1,36,30990.53,2,2,1,137712.01,0
15728709,40,484,7,28,25622.28,5,3,0,106901.42,0
15724181,47,647,5,42,16664.63,0,2,0,105603.21,0
15647546,40,688,8,22,14851.52,1,4,0,150679.71,0
15702601,30,680,4,31,677.56,2,3,1,108300.27,1
15567725,46,689,7,24,22550.55,5,2,0,52016.08,0
15674179,34,513,7,23,6407.89,2,3,1,60515.13,0
15686957,35,553,2,12,44050.47,0,1,1,158584.28,0
15607690,47,689,2,49,37054.71,3,3,0,118812.5,0
15806546,46,517,4,47,45655.85,2,5,0,1000,0
15632850,37,731,8,26,36602.98,3,2,0,1000,0
15709016,47,687,1,2,35858.9,2,4,1,91219.29,1
15638068,32,507,7,17,22693.1,0,2,0,1000,0
15749345,22,468,1,17,8717.99,0,5,0,76318.64,0
15791321,58,682,4,5,32127.36,4,1,0,1000,0
15699095,24,603,3,25,170.62,0,5,1,1000,1
15638329,25,522,1,1,38302.94,1,3,1,111432.13,0
15575445,41,629,10,39,38712.94,0,5,1,150148.51,0
15752622,32,729,7,33,25365.96,2,3,1,38550.06,0
15774507,39,574,5,43,17878.66,4,3,1,119013.86,0
15570857,39,677,0,39,18317.88,5,2,1,111213.64,0
15599386,28,627,5,34,43102.3,5,1,0,71097.23,0
15744913,36,788,10,2,43868.69,2,5,0,109632.85,0
15647292,63,697,7,34,23441.37,4,1,1,148368.02,1
15728838,45,578,1,31,701.03,4,4,1,148600.91,1
15584704,48,519,10,49,12327.07,0,2,0,71083.98,0
15749068,40,632,9,12,29176.82,1,3,0,139625.34,1
15622985,39,679,4,41,7029.85,2,1,1,1000,1
15587676,30,699,9,40,10647.72,0,3,0,1000,0
15779496,64,615,0,32,9021.11,1,4,1,81564.1,0
15733460,36,622,9,12,27576.68,1,2,1,1000,0
15711457,28,755,7,19,10308.7,5,4,1,124540.28,0
15795290,42,767,2,19,17924.39,5,5,0,133616.39,0
15611223,38,752,10,23,35370.51,4,1,1,101648.5,0
15794159,26,633,8,50,8134.09,1,3,1,124281.84,0
15780677,59,717,4,45,44175.93,2,4,1,1000,0
15690175,45,585,0,10,37556.53,0,1,0,1000,0
15722599,37,751,9,4,20334.74,4,3,1,183613.66,0
15569976,65,754,1,28,10181.1,0,5,0,136186.44,1
15707011,47,495,10,34,24809.44,4,5,0,137682.68,0
15702277,34,650,4,22,8053.34,2,5,1,106005.54,0
15801915,31,529,6,49,19638.77,0,5,1,152310.55,0
15580213,43,585,2,26,11936.21,3,2,0,1000,0
15637947,32,668,1,9,27822.92,0,2,1,134446.04,0
15715888,38,591,2,43,8450.65,5,3,0,142289.28,0
15732967,19,731,6,27,27918.5,5,4,1,1000,0
15737047,45,754,6,23,31362.41,4,3,0,1000,1
15694039,46,650,9,4,36329.01,5,1,1,149003.76,0
15649457,41,588,2,39,23922.43,4,5,1,131341.46,0
15742809,29,712,7,48,40278.66,5,2,0,77919.78,0
15637829,34,691,7,12,14513.35,5,1,1,1000,0
15633194,41,771,10,13,16323.43,0,3,1,108309,1
15611635,39,678,6,22,4997.06,1,4,1,1000,0
15638774,40,719,9,9,4256.01,3,1,0,1000,0
15722037,36,610,7,44,37558.74,5,1,0,115462.02,0
15672930,37,722,9,28,30818.38,3,2,1,1000,0
15668774,23,758,5,38,27872.38,2,3,1,122739.1,1
15780966,32,709,2,31,9524.12,3,2,1,1000,0
15659694,53,634,3,8,24682.03,1,4,1,113781.5,1
15624424,49,678,1,25,1961.54,3,3,1,1000,0
15708713,35,633,3,27,24699.12,3,5,0,1000,0
15755405,43,710,9,13,43083.02,3,1,1,128284.45,1
15647570,45,640,8,16,5648.53,0,5,0,120591.19,0
15684348,63,656,8,37,27658.82,3,2,0,1000,0
15702541,59,551,2,8,23068.92,0,2,1,166968.28,1
15646942,39,786,7,12,43367.82,2,4,1,1000,0
15748920,49,561,8,35,36452.43,1,1,1,1000,0
15694581,42,807,5,12,17553.62,2,5,1,1000,0
15643215,38,602,2,41,15114.67,2,5,1,71667.97,0
15649060,31,727,3,18,36383.95,1,3,0,82729.47,0
15774258,40,678,1,19,41336.11,4,4,1,1000,0
15731553,23,730,8,18,32080.93,1,4,1,1000,0
15617029,30,596,1,41,13344.17,2,1,0,1000,0
15780716,39,686,3,40,46965.06,4,3,1,129626.19,0
15577018,26,684,2,10,31051.78,2,3,1,114035.39,0
15809515,32,797,1,23,35529.7,1,4,1,151922.94,0
15789924,39,658,4,18,27481.56,3,1,0,1000,0
15725076,27,653,6,50,44723.47,4,3,1,107751.68,0
15672481,37,641,6,28,24375.87,3,5,1,1000,0
15574115,41,656,6,34,24129.82,1,2,0,101179.23,0
15661830,36,750,6,6,35178.49,0,4,1,1000,0
15665879,40,768,8,19,13533.38,5,2,1,1000,0
15673820,33,568,7,17,9247.93,5,2,1,1000,0
15747772,36,706,9,13,43550.44,5,1,0,58571.18,0
15666197,38,430,8,45,30003.05,3,3,0,153058.64,0
15773639,35,745,4,20,47231.66,3,4,1,98270.34,0
15581893,43,747,1,34,6553.57,2,1,0,130788.71,1
15672447,40,657,7,3,14909.62,3,5,1,99165.84,1
15777830,42,639,4,40,22372.36,4,1,0,1000,0
15713890,44,704,3,21,26288.3,5,3,1,1000,0
15577598,23,651,4,42,2542.08,0,2,1,115636.05,0
15786042,44,706,2,9,12639.33,1,2,0,185932.18,0
15753462,30,632,2,40,20835.74,4,1,0,72549,0
15759690,42,751,4,43,43309.25,0,3,1,1000,0
15801414,35,767,2,36,13439.61,2,4,0,1000,0
15656141,39,741,5,8,29289.11,3,5,1,1000,0
15608701,29,651,3,28,40859.32,5,2,0,121890.06,1
15582892,46,601,2,27,48284.19,1,2,0,99786.07,1
15632967,34,520,3,41,14889.61,1,5,0,1000,0
15587573,27,626,4,34,10330.98,0,5,0,115084.53,0
15654891,30,811,6,3,34960.97,0,4,1,1000,0
15611365,32,730,9,24,25005.1,2,3,0,127661.69,0
15749103,47,604,4,18,46973.79,4,3,0,118907.6,1
15810203,44,499,6,9,43299.36,1,4,1,77627.33,0
15813660,40,754,2,50,40169.38,3,1,1,160625.17,0
15605673,29,716,8,30,660.77,4,3,0,1000,0
15669282,20,636,10,33,40139.72,2,1,0,124266.86,0
15792726,25,470,8,34,5982.92,2,5,1,127974.06,0
15593241,43,444,3,26,37457.46,4,5,1,1000,0
15683053,48,809,2,2,9065.11,3,5,0,1000,1
15632736,30,850,3,46,47100.84,2,4,0,104911.35,0
15731865,27,637,1,40,15310.34,3,3,0,1000,0
15760450,43,512,1,25,10545,1,3,0,1000,0
15787204,43,774,1,11,10588.5,4,5,0,110646.54,0
15650454,57,641,5,9,13822.98,2,5,1,1000,0
15573730,42,586,6,38,17137.35,3,4,0,126704.49,0
15705050,30,611,9,37,29425.45,1,4,1,1000,0
15791342,31,660,1,21,32561.05,3,5,1,84560.04,0
15684316,43,532,9,36,37275.7,1,4,0,1000,1
15700540,38,557,2,24,32953.98,4,4,1,129893.56,0
15770631,25,730,5,44,30474.93,3,2,0,167385.81,0
15790594,27,535,6,32,41620.85,4,5,1,1000,0
15604020,36,773,4,49,14613.01,3,2,1,105858.71,0
15637599,44,510,4,24,19325.78,5,4,1,123070.89,1
15736578,39,539,1,21,32230.96,0,4,0,1000,0
15666332,48,690,2,3,6248.61,4,1,0,1000,0
15727291,40,821,1,6,40192.46,0,4,1,1000,0
15785920,35,687,1,34,6547.53,1,5,0,125141.24,0
15658987,46,557,4,42,26629.55,4,5,1,96173.17,0
15687719,37,532,5,35,49228.99,3,1,0,1000,0
15799641,39,540,2,20,32758.65,4,1,1,1000,0
15758702,55,705,8,11,39555.68,5,4,1,1000,0
15689526,35,542,9,48,39387.37,0,5,1,127543.11,1
15586848,38,706,1,20,23605.36,4,4,1,1000,0
15707637,56,765,1,7,29235.74,5,5,0,1000,1
15719426,67,529,8,28,21170.87,0,1,0,103101.56,1
15639265,54,714,7,23,12876.3,0,1,0,126113.28,0
15576124,41,582,1,3,20437.04,5,5,0,40488.76,0
15757829,40,609,10,30,4339.88,1,2,1,137389.77,0
15633227,28,518,9,20,25879.34,4,4,1,85146.36,0
15753092,35,791,5,6,33984.77,0,5,0,129828.58,1
15782939,42,747,4,18,45311.44,1,3,1,80214.36,1
15746338,40,565,2,10,36430,3,1,0,1000,0
15590676,34,735,1,45,47683.3,1,2,0,141796.43,0
15599329,49,697,7,21,32477.6,2,3,0,195238.29,1
15783097,27,813,6,43,25094.23,5,3,0,111348.15,0
15597885,43,772,6,34,9235.92,3,2,0,1000,0
15597467,71,606,8,24,38439.93,1,1,1,1000,0
15724764,42,667,10,26,46427.19,3,2,0,64404.26,0
15778418,40,637,9,33,34615.99,2,5,1,154309.67,1
15684769,67,542,10,35,26943.13,3,4,1,129431.36,0
15756167,43,762,5,35,12578.86,2,4,1,134204.67,0
15632439,39,698,4,40,2453.8,1,4,0,1000,0
15755138,32,850,8,13,19235.25,5,4,1,1000,0
15659092,50,621,5,8,34539.77,5,1,1,1000,1
15742116,48,671,9,32,43114,0,5,0,116711.06,0
15801994,31,775,9,45,49233.41,2,3,0,1000,0
15647572,34,504,0,4,47571.6,4,4,1,54980.81,0
15644551,37,751,3,8,43344.47,2,2,1,99773.85,0
15709135,30,691,7,48,40028.17,1,3,1,101231.77,0
15684469,32,841,2,23,34147.73,0,5,0,117070.21,0
15627637,23,709,8,1,13339.7,5,5,0,73314.04,0
15667093,37,673,2,48,34900.27,2,1,1,1000,0
15690589,37,541,9,26,13616.73,5,5,0,212314.03,0
15595350,31,661,3,17,42612.14,5,3,1,136067.82,0
15777586,42,784,2,27,33110.44,1,3,0,109052.04,0
15804064,35,742,2,23,8613.44,0,5,1,79126.17,0
15717770,55,850,7,19,46503.86,1,2,1,1000,1
15754443,35,443,9,39,47306.97,1,3,0,108308,1
15776939,48,778,3,34,9657.23,1,4,0,102290.56,0
15713517,39,529,6,46,18532.92,4,4,1,102025.08,0
15683522,37,678,2,33,25437.96,4,2,0,113383.07,0
15673995,65,516,9,15,44297.8,4,3,0,102541.1,0
15771054,35,469,5,10,4380.33,3,2,1,1000,0
15578788,40,786,6,24,34885.15,3,2,0,1000,0
15737408,41,703,6,12,2613.74,0,2,0,109941.51,0
15750837,41,579,0,27,36008.9,4,4,0,141749.68,0
15576022,38,565,5,14,13316,0,5,1,1000,0
15635502,44,443,2,45,37921.21,5,4,0,1000,0
15627298,37,589,7,3,43132.41,0,2,0,85146.48,1
15811415,44,691,6,19,18528.51,4,4,0,134066.1,0
15645059,28,711,8,39,2429.48,2,5,1,1000,0
15689671,27,775,4,36,27622.98,4,1,0,1000,0
15718667,35,621,7,42,27738.21,5,1,1,87619.29,0
15803202,51,350,10,37,31641.83,4,1,1,1000,1
15593683,30,668,8,6,31036.82,2,4,0,1000,0
15703394,27,633,3,13,34027.33,5,5,0,1000,0
15570289,43,697,8,4,18286.62,1,5,0,103409.16,1
15567437,30,734,7,49,12742.87,3,2,0,123040.38,0
15711687,41,434,4,31,49071.47,5,1,1,108128.52,0
15656592,48,646,8,28,26061.56,3,1,0,169023.33,0
15634373,30,764,5,49,35851.96,1,4,0,1000,0
15769125,41,727,10,48,23492.82,2,3,1,1000,0
15711386,29,724,6,12,41327.4,3,5,1,1000,0
15714241,42,749,9,42,4260.74,3,1,1,222267.63,1
15642530,47,706,10,36,22880.4,1,1,1,144090.42,1
15713599,30,728,10,1,6417.36,5,2,1,114835.43,0
15744770,44,636,2,25,18298.97,5,1,0,1000,0
15780498,34,634,3,33,4655.98,1,2,0,145030.92,0
15624397,43,627,8,20,25962.19,1,5,1,71240.3,0
15615219,59,518,5,46,34103.05,0,3,1,138772.15,0
15570908,29,687,7,19,6741.39,1,2,1,93617.07,0
15762855,23,622,8,27,20838.32,5,1,0,1000,0
15661827,45,693,4,6,16924.54,0,3,0,1000,0
15746035,25,450,9,14,3288.6,3,5,1,74237.2,0
15691906,49,664,5,42,42756.38,5,1,1,127421.78,1
15793424,28,663,8,10,45301.53,0,5,0,61274.7,0
15577905,34,660,8,23,21912.39,3,2,0,106486.66,0
15667216,29,579,10,23,36683.55,3,1,1,73194.52,0
15673971,44,655,6,49,22606.02,3,3,1,146498.76,1
15701238,47,683,1,11,44376.89,0,2,0,1000,0
15644849,32,655,2,17,10421.25,2,4,0,1000,0
15635531,30,575,8,45,16923.45,1,3,0,1000,0
15632263,30,574,5,12,48866.59,2,1,0,120355,0
15720110,32,795,2,17,29056.12,0,1,1,117265.21,0
15619045,43,776,4,12,21280.09,2,4,1,1000,0
15697510,52,707,7,15,42623.39,1,2,0,1000,1
15784923,37,705,3,10,13929.97,4,1,0,109974.22,1
15567383,44,678,2,24,34082.31,5,4,0,98009.13,0
15732621,34,663,10,32,48952.81,2,2,0,1000,0
15757981,66,748,8,35,8421.35,0,4,0,1000,0
15727819,34,677,10,37,47329.72,3,5,0,171671.9,0
15738088,63,634,10,17,17931.52,1,2,1,1000,1
15765173,60,350,3,4,18984.99,1,1,1,1000,1
15665159,61,727,0,41,26327.29,5,1,1,128213.96,1
15618203,51,773,8,13,48722.81,3,1,1,116197.65,0
15791452,39,675,1,41,11910.95,0,3,0,1000,0
15638159,36,649,6,47,28637.99,5,3,1,86607.39,0
15585466,29,552,10,31,39738.5,1,5,1,1000,0
15677310,62,761,5,22,31053.75,3,1,1,98854.34,1
15646262,31,622,7,38,8228.06,0,1,1,1000,0
15656901,59,615,8,25,19536.84,5,5,0,1000,0
15621093,31,681,4,26,29678.01,1,5,0,97338.19,0
15592123,30,768,6,45,3487.43,2,5,0,1000,0
15589200,34,617,9,9,11643.46,5,1,1,1000,0
15602934,33,452,6,15,39651.39,3,2,0,131698.57,0
15812720,37,807,10,7,13841.94,1,4,0,130110.45,0
15695383,44,567,9,9,18357.85,3,4,1,1000,0
15723064,24,603,1,50,20350.22,1,5,1,165149.13,0
15761606,37,617,9,32,2424.28,5,2,0,101707.8,0
15650322,34,701,3,50,15659.49,1,2,1,105588.66,0
15669782,39,820,9,9,13403.85,4,2,0,111336.89,1
15751628,60,438,7,32,47387.09,4,3,1,78391.17,0
15809057,27,600,6,41,22163.45,4,1,1,1000,0
15617052,34,782,9,40,38885.81,0,3,0,1000,1
15590810,41,638,9,9,31939.7,2,5,0,144326.09,1
15801293,27,850,1,18,46537.23,4,5,1,101278.25,0
15770968,19,741,8,48,5494.73,5,3,1,108711.57,0
15572356,73,689,1,37,10766.18,4,3,0,108555.07,0
15603247,35,743,1,19,24360.33,5,4,0,146781.24,0
15619116,36,493,2,10,24772.62,2,3,1,1000,0
15691792,35,416,8,36,8961.62,0,5,1,1000,0
15783276,25,725,9,1,28989.63,0,4,0,1000,0
15766137,34,497,2,32,30646.89,1,3,1,1000,0
15574554,66,537,8,11,21117.27,5,3,1,103291.25,0
15578671,29,706,1,34,34520.79,2,2,0,209490.21,1
15716608,38,651,2,28,13852.72,3,5,1,1000,1
15690670,33,720,2,45,9439.32,2,1,0,1000,0
15630466,45,797,8,8,37791.69,4,3,1,1000,0
15630349,23,543,5,10,33971.77,5,2,1,1000,0
15803801,34,454,4,41,31630.21,2,3,0,1000,0
15647890,37,691,9,31,20607.48,3,4,0,149405.18,0
15606115,52,510,6,23,27687.49,3,2,0,191665.21,1
15714642,40,792,7,43,13253.78,3,3,1,1000,0
15741181,41,721,6,43,44302.47,5,4,1,135071.12,0
15773973,41,765,2,41,38646.11,2,4,0,1000,0
15758546,39,850,8,46,17656.16,0,1,0,1000,0
15598940,38,681,6,41,352.29,5,5,0,181804.34,0
15669783,60,586,3,14,34128.3,0,2,0,47020.65,1
15624993,36,753,7,49,36998.45,1,3,0,128518.98,1
15760568,38,593,5,38,13631.41,1,1,1,142658.04,0
15699047,21,674,9,22,37831.68,2,2,1,120150.39,0
15616168,35,610,7,3,26251.48,4,4,0,81905.95,0
15773146,26,652,3,35,7357.12,0,3,0,137998.2,0
15770375,26,850,8,12,45429.68,3,1,1,123126.29,0
15589725,51,740,4,14,16111.73,0,3,0,1000,0
15710034,43,637,1,23,16320.79,5,2,1,135645.29,1
15800806,31,685,7,5,33643.2,1,2,1,122449.31,0
15570485,40,558,4,26,39602.36,3,5,0,161766.87,0
15575391,37,677,3,35,34178.04,2,3,0,1000,0
15790750,36,592,10,8,28040.96,4,3,1,123187.51,0
15714832,36,652,9,15,36272.09,5,3,1,150956.71,0
15619953,42,662,6,25,38657.32,2,4,0,105021.28,0
15673929,64,543,4,37,25544.06,3,3,1,1000,0
15578835,50,675,1,7,13926.46,1,1,0,133204.91,0
15752388,35,643,6,28,37673.73,4,1,1,1000,0
15797081,49,611,9,31,3617.17,2,2,1,115488.52,1
15570194,29,412,5,23,25263.83,1,4,1,1000,0
15580149,41,638,7,26,37250.62,2,2,0,1000,0
15777708,38,824,3,28,12316.17,0,4,0,1000,0
15769955,40,683,1,18,19362.76,2,2,0,1000,0
15810444,39,562,6,3,28416.16,1,3,0,130565.02,1
15645593,41,599,2,4,25902.58,1,2,0,91328.71,0
15765345,35,753,4,47,34468.27,1,4,0,1000,0
15760873,50,594,7,37,46399.93,0,5,0,81310.34,0
15794178,34,657,3,19,19356.67,5,5,1,107136.6,0
15589361,34,716,9,33,42842.48,2,2,0,1000,0
15662483,43,850,7,4,32000.29,2,1,0,1000,0
15809736,46,664,2,22,38244.64,1,1,1,1000,1
15731148,33,558,0,2,11560.45,5,2,1,108477.49,1
15774328,40,606,1,7,41976.29,5,2,1,144757.97,0
15646969,33,776,2,19,9400.36,4,3,1,1000,0
15718769,36,557,1,50,13635.32,3,1,1,113110.26,0
15610226,27,614,9,21,32969.36,1,4,0,106414.57,0
15616270,42,620,4,36,17705.84,5,4,0,106920.91,0
15790717,35,695,7,37,25208.9,5,5,1,1000,0
15635703,39,729,1,44,47891.07,2,2,0,131513.26,0
15616365,53,571,2,22,38142.66,3,5,0,1000,0
15630244,40,457,10,8,12847.39,3,3,1,134320.23,0
15734714,29,559,3,2,27068.84,3,5,0,79715.36,0
15721433,38,664,4,30,10467.98,1,5,0,74306.19,0
15590201,50,500,5,13,38882.8,3,4,1,1000,1
15590828,42,782,7,5,30609.6,3,4,1,126428.38,0
15752097,38,708,8,28,39276.58,5,1,0,99640.89,0
15800031,43,681,3,34,44037.53,1,3,0,66338.68,1
15630857,39,674,6,12,3500.53,2,5,1,1000,0
15689953,43,697,10,49,15765.69,0,2,1,128226.37,0
15759733,26,774,5,33,17692.64,2,2,1,1000,0
15810826,36,624,6,42,35257.66,1,1,1,1000,0
15668009,37,747,1,41,11248.01,0,2,0,1000,0
15743456,32,715,10,30,4585.17,3,3,1,1000,0
15725762,24,808,4,34,1462.28,0,5,1,122168.65,0
15761713,43,678,7,36,27096.99,0,1,1,178074.33,0
15769246,59,813,2,12,47623.26,1,5,1,135078.41,1
15781129,38,687,8,36,10657.54,5,1,0,69434.4,1
15599124,29,832,5,25,32681.89,1,3,0,1000,0
15639004,72,668,2,28,47345.03,2,4,1,1000,0
15810995,34,526,3,2,39671.96,2,2,0,122726.56,0
15653773,38,457,7,42,4218.79,1,4,1,164496.99,0
15708357,38,649,8,45,35821.98,2,2,0,1000,0
15733597,41,669,0,37,6947.59,5,5,1,150219.41,0
15789560,42,668,8,28,36411.58,2,1,0,187534.79,1
15699524,30,466,3,11,12721.46,0,3,1,1000,0
15626475,30,685,2,47,20438.86,4,5,0,1000,0
15810839,34,610,0,9,14181.14,4,3,1,103108.17,0
15684318,50,582,6,37,15782.36,5,3,1,96486.57,0
15768120,36,702,9,3,4239.98,5,3,0,90560.48,0
15712807,46,556,3,24,48235.32,1,2,1,131764.96,1
15696371,24,812,1,48,43179.52,1,3,1,92476.88,0
15675794,47,645,9,38,4052.61,2,5,0,152076.93,1
15774277,43,809,2,19,5737.76,3,2,0,1000,0
15603764,49,560,4,12,41030.79,2,2,1,1000,1
15618647,29,744,1,39,1669.97,1,3,1,43504.42,0
15614643,39,731,2,10,16469.36,2,4,1,1000,0
15707696,28,471,5,5,22680.04,5,1,0,1000,0
15749583,38,686,2,1,28858.09,5,1,0,93569.86,1
15815125,45,668,4,5,22443.5,0,5,1,102486.21,0
15779620,36,575,1,23,14109.31,5,5,1,1000,0
15768233,37,435,8,41,47465.46,5,4,0,114346.3,1
15637788,23,743,3,50,18294.85,1,2,1,110203.77,0
15777046,39,580,9,34,11495.12,3,1,1,128362.59,0
15788723,49,599,10,36,29920.28,0,4,0,143888.22,1
15790489,34,534,5,25,43500.58,1,3,1,170600.78,0
15739476,32,680,5,47,20443.71,3,3,0,1000,0
15612670,46,631,10,2,13933.5,5,5,0,1000,0
15631222,39,485,2,4,8341.23,5,1,0,75339.64,0
15658972,40,699,8,50,43054.84,4,2,1,122038.34,0
15724691,34,712,1,40,20893.98,2,4,1,1000,0
15740442,51,603,8,38,40572.09,2,1,1,186825.57,1
15760427,40,850,6,22,16425.06,3,4,0,124788.18,0
15677939,41,584,3,28,31009.41,3,3,0,1000,0
15611599,71,604,2,6,45331.84,1,3,0,1000,0
15633474,51,586,2,15,34664.15,4,2,0,138553.57,0
15671973,39,467,5,47,48179.41,0,2,1,1000,0
15790019,35,520,9,31,31372.5,3,4,1,105387.89,0
15737735,40,683,4,20,23607.19,1,2,1,95053.1,1
15661745,36,557,3,12,47727.44,4,2,1,1000,0
15797065,32,613,0,41,10766.75,5,2,1,1000,0
15710671,34,786,3,38,30875.96,4,4,0,137361.96,0
15656522,32,593,10,35,35361.91,2,3,0,158537.42,0
15705085,29,670,9,39,23332.64,3,5,0,1000,0
15744873,48,657,5,4,49716.75,0,3,0,143595.87,1
15781914,32,718,9,38,21270.4,1,3,0,169947.41,0
15637354,24,623,7,23,24733.1,5,3,1,148167.83,0
15717307,31,496,5,1,19964.1,3,5,0,1000,0
15746695,39,429,6,24,5520.29,5,3,1,48023.83,0
15804962,36,606,1,10,18687.23,0,4,0,155655.46,1
15665378,46,499,6,13,26382.36,1,3,0,1000,0
15757865,62,642,7,38,34406.16,0,1,1,1000,0
15578787,52,641,4,24,17454.93,5,2,0,1000,1
15794323,32,673,8,1,34880.17,3,3,0,121240.76,0
15697546,36,570,3,24,9603.6,0,4,0,1000,0
15629519,37,472,1,24,27918.6,2,5,0,1000,0
15624703,35,550,9,38,12919.09,5,1,1,129847.75,0
15570002,55,625,8,19,19915.56,5,2,0,118772.71,1
15808566,46,516,2,30,47060.39,1,2,0,1000,0
15805463,32,682,2,47,49467.5,1,1,1,105163.88,0
15709136,28,620,8,45,44876.94,4,4,0,1000,0
15801605,39,626,0,27,4522,3,4,1,1000,0
15567855,29,623,1,50,48404.82,3,4,0,1000,0
15675141,35,569,4,9,48105.36,2,5,1,93934.63,0
15665759,69,724,5,30,28893.21,3,2,1,117866.92,0
15761487,55,678,5,36,43156.32,2,3,1,1000,1
15700394,26,713,4,50,7580.88,0,4,1,122857.46,1
15631162,32,631,10,40,2080.16,5,3,1,1000,0
15630641,37,846,6,25,20766.71,4,4,0,127103.97,0
15585066,43,660,1,31,20843.58,0,3,0,1000,1
15722991,54,567,9,5,19166.1,1,1,0,96402.96,1
15737404,31,731,1,33,36119.47,0,3,1,132512.26,0
15722409,47,693,8,45,2688.16,3,4,0,107604.66,0
15806420,34,772,9,19,23086.37,0,2,0,1000,0
15658148,38,657,7,32,32049.63,3,1,0,1000,0
15810660,34,774,4,26,38967.36,2,5,1,120875.23,0
15709780,37,667,9,10,42220.46,5,4,0,71786.9,0
15727350,37,516,8,11,46790.16,3,3,0,113143.12,0
15752312,49,551,1,11,38927.74,2,4,1,150777.72,0
15616745,35,542,2,4,45783.79,0,3,1,174894.53,0
15572294,28,623,7,35,15413.83,2,1,0,1000,0
15674110,43,701,2,33,48333.03,2,1,1,160416.56,0
15662501,48,583,3,29,15550.93,2,3,0,91246.53,1
15649239,46,731,10,43,41526.6,5,1,0,1000,0
15700424,35,461,5,39,24262.42,1,3,1,1000,0
15636388,23,702,7,12,41190.5,2,4,1,98775.23,0
15713975,47,565,10,7,9304.7,0,2,0,139756.12,1
15592925,42,711,3,30,39416.51,0,3,1,177626.77,1
15581626,54,664,8,11,35811.41,1,5,0,1000,1
15641319,50,518,4,10,36341.96,0,3,1,1000,1
15723481,42,728,8,46,49523.68,5,2,0,1000,0
15787825,37,585,6,17,29467.78,1,3,1,152496.82,0
15710726,52,573,8,38,21512.69,5,3,1,1000,0
15627195,26,568,1,36,31941.44,1,4,1,112930.28,0
15657957,26,602,8,3,17292.62,2,5,1,113674.2,1
15676117,44,603,9,5,423.62,5,2,0,1000,0
15607874,38,687,0,25,23150.34,1,1,1,144450.58,0
15796993,52,741,1,49,26896.71,1,1,1,171236.3,1
15649858,37,469,9,13,46114.46,4,2,1,96776.49,0
15811032,58,477,8,34,10653.69,4,5,1,145984.92,0
15679963,43,737,8,42,2939.33,3,3,1,96353.8,0
15579131,25,835,7,23,561.23,4,2,1,1000,0
15572428,33,717,0,13,33133.73,3,4,1,115777.23,0
15622461,51,562,7,44,45396.78,4,4,1,122822,0
15636105,61,758,2,35,8636.74,1,1,1,1000,0
15583849,40,408,3,9,38045.67,5,3,0,1000,0
15718780,32,650,4,11,49727.81,4,4,1,79450.09,0
15739271,33,582,2,40,43511.26,2,5,0,122394,0
15697129,43,706,1,28,32659.53,1,3,1,1000,0
15763415,41,567,0,38,25837.54,5,3,0,134378.89,0
15796617,29,720,2,10,40265.62,0,5,1,1000,0
15626628,31,631,2,1,26142.38,4,5,0,88161.85,0
15765857,41,623,2,21,36808.66,4,2,0,142412.13,0
15742511,35,514,3,7,10498.56,3,4,0,121030.9,0
15786433,35,650,3,8,15672.35,4,2,0,165982.43,0
15685805,35,673,6,28,29744.93,5,1,0,1000,0
15627971,32,504,8,36,44669.47,4,5,0,206663.75,0
15783025,37,723,3,43,40126.16,1,3,1,94661.53,0
15726289,25,645,0,12,34438.05,1,1,1,174400.36,0
15802118,41,664,7,21,7425.5,2,1,0,123428.69,0
15607990,43,760,6,22,41266.14,5,1,0,175735.5,0
15695932,36,766,5,50,20647.21,4,3,1,78381.13,0
15812279,37,634,5,13,29190.92,0,1,1,115345.86,0
15687558,31,640,10,20,8288.25,2,3,0,118613.34,0
15729065,28,784,2,21,41776.12,3,3,1,109960.06,0
15698902,42,547,1,44,18012.49,3,5,1,142703.4,1
15570192,40,608,8,5,6561.41,3,1,0,121729.42,0
15809265,35,547,4,44,48425.35,4,2,0,1000,0
15745201,43,612,4,2,27716.44,4,1,0,139496.35,0
15580623,28,573,8,11,12210.33,5,3,0,1000,0
15578156,32,615,5,8,24168.82,2,5,0,138521.83,0
15631063,33,710,2,25,31389.53,5,3,0,1000,0
15692577,38,674,10,44,24214.31,4,3,1,83727.68,0
15810910,38,702,9,32,11719.4,4,2,0,1000,0
15723217,37,616,9,24,7633.26,3,4,1,1000,0
15733111,32,688,6,38,3139.41,3,2,0,124179.3,0
15610727,36,605,7,3,31567.95,0,3,0,128829.25,0
15792720,33,676,6,12,39094.86,0,3,0,171490.78,0
15723153,33,708,3,49,6527.86,3,4,1,1000,0
15802823,38,745,7,40,33817.93,2,5,1,1000,0
15756118,20,661,8,35,7757.1,2,1,1,1000,0
15684934,31,726,9,9,20031.19,1,1,0,1000,0
15776936,40,475,7,48,22618.47,4,2,0,160818.08,1
15729087,54,751,9,13,2175.75,0,3,1,156367.6,0
15786463,59,645,8,16,36712.38,0,1,0,121669.93,1
15717498,42,775,6,25,30438.69,1,3,1,133970.22,0
15718406,41,540,3,9,44080.19,5,4,1,1000,0
15799468,34,591,3,33,30518.54,5,1,0,96127.27,0
15626383,60,596,7,15,43151.73,4,1,0,121907.97,0
15597385,41,573,5,25,49877.51,1,2,0,1000,0
15570271,31,577,6,44,35895.34,0,4,1,1000,0
15690330,40,830,8,37,42998.06,0,2,1,77701.64,0
15680611,67,663,9,48,41001.78,4,3,0,1000,0
15810227,34,421,2,46,22252.7,5,3,0,1000,0
15807194,34,718,5,11,49880.33,4,3,0,113922.44,0
15712199,61,655,2,26,13483.14,4,5,0,183997.7,0
15694995,23,712,2,26,35228.06,2,1,0,1000,0
15723400,28,663,4,12,18508.05,1,4,1,1000,0
15654772,47,640,6,31,1045.84,2,5,0,89799.46,1
15574743,29,577,2,12,14552.5,0,3,1,1000,0
15807593,36,546,7,10,19879.61,4,2,1,85660.96,0
15686718,37,802,9,23,42197.44,2,4,1,115569.21,0
15695299,45,590,2,9,5620.04,5,1,0,81828.22,0
15722701,18,594,1,14,39611.43,5,1,0,132694.73,0
15799635,51,577,2,4,48284.7,2,2,0,108867,1
15742323,39,541,7,16,43149.37,5,1,1,1000,0
15658435,27,781,5,37,38596.24,5,3,0,1000,0
15586029,34,806,2,46,44725.45,4,4,0,96152.68,0
15772337,49,723,0,22,3306.98,5,3,0,153855.52,1
15807555,45,535,2,1,8786.35,5,4,1,1000,0
15603378,36,768,3,32,9104.76,2,5,0,141334.95,0
15792862,41,653,1,41,18753.58,3,4,1,104584.11,1
15657349,50,803,8,3,18850.2,4,1,1,98173.02,1
15777614,44,545,1,36,32544.48,1,3,1,1000,0
15653952,38,581,3,20,5000.27,2,1,1,135157.05,0
15724336,49,513,5,44,23803.98,2,2,1,171601.27,0
15689594,29,731,5,11,27818.35,0,1,1,179539.2,0
15801920,39,727,5,22,9718.68,5,2,1,80615.46,0
15653347,47,560,1,16,46415.86,0,1,0,1000,1
15749951,27,766,5,15,40680.87,1,4,1,126285.73,1
15648178,23,630,4,27,29052.73,5,5,0,137964.51,0
15738662,41,652,9,31,9887.91,5,5,0,159434.03,0
15640855,40,729,5,18,20898.55,5,1,0,113574.61,0
15584288,33,629,6,38,45883.9,5,3,0,1000,0
15760988,33,667,9,13,40500.71,5,1,1,124573.33,0
15569624,31,671,6,47,11815.1,5,5,1,105864.6,0
15597949,47,768,5,11,8137.18,0,2,0,104552.61,1
15604551,35,732,3,9,48169.55,5,5,0,1000,0
15617476,30,546,5,5,26756.4,3,5,0,1000,0
15645323,55,630,2,28,41183.03,5,5,1,1000,1
15793311,46,765,8,30,28098.9,4,1,0,119492.88,1
15764153,33,704,0,9,37642.89,0,2,0,130499.09,0
15802560,48,470,6,34,46596.3,3,3,1,140576.11,0
15728608,34,688,9,25,37578.58,5,4,1,91025.58,0
15770474,33,685,1,20,27414.11,3,1,0,1000,1
15724444,38,567,1,3,20254.07,2,3,1,125877.65,0
15753110,64,720,3,37,44326.15,2,1,1,45752.78,1
15711521,39,609,3,19,14479.42,3,2,1,121778.71,0
15632816,49,521,2,20,15865.87,3,5,1,127948.57,0
15693637,30,556,7,43,23405.81,4,4,1,1000,0
15725509,30,662,5,22,7804.51,5,4,1,115286.68,0
15684645,41,704,9,3,17483.43,5,5,0,62078.21,0
15692235,38,750,1,29,47877.18,0,3,0,1000,0
15777459,32,619,4,50,1341.43,4,2,1,175406.13,1
15656937,26,468,1,13,6599.91,4,4,1,131643.25,0
15610643,44,435,3,2,33919.7,2,5,0,151739.65,0
15777315,43,529,6,48,5391.03,5,5,1,93616.35,0
15611058,60,702,5,6,14856.08,2,1,1,138597.54,1
15630413,41,608,5,9,27796.83,3,4,0,1000,0
15635942,40,576,9,3,17808.96,1,2,1,1000,1
15648858,27,666,1,42,14863.63,1,1,0,85225.21,0
15810732,36,730,8,35,15277.57,0,4,0,148749.29,0
15705448,52,647,7,38,16686.39,0,5,1,130013.12,1
15730488,27,516,1,49,41471.2,4,2,1,1000,0
15620443,81,711,6,48,48312.34,1,1,1,1000,0
15741078,54,736,7,21,11490.91,3,5,0,111729.47,0
15753161,36,768,5,21,65.94,5,5,1,180169.44,0
15711396,40,427,8,29,46757.06,1,1,1,1000,0
15593499,47,686,6,49,47227.8,2,5,0,1000,1
15579189,42,690,5,15,5739.95,0,4,0,1000,0
15743545,29,647,2,17,24979.69,0,4,0,1000,0
15791316,35,714,3,13,9806.19,5,3,1,1000,0
15608246,36,736,8,23,8797.68,2,1,1,103914.17,1
15676526,34,608,4,10,45847.62,0,3,1,88772.87,0
15813911,39,809,5,32,48610.09,0,3,0,1000,0
15630195,40,745,6,7,36262.29,4,4,0,131184.67,0
15736250,38,781,2,24,17934.54,5,3,0,117810.79,1
15671334,31,527,4,44,3275.2,2,3,1,1000,0
15574169,32,595,0,25,2854.13,2,5,0,92466.21,0
15718839,38,850,2,26,19107.39,5,5,0,102741.15,0
15762331,37,569,9,14,12318.93,4,3,1,178755.84,0
15606901,43,728,7,47,18495.65,4,3,0,1000,0
15713559,32,473,5,47,491.23,4,3,0,146602.25,0
15768881,29,738,2,25,38829.99,3,4,0,1000,0
15743075,35,659,6,30,4455.79,4,4,1,1000,0
15660980,38,597,6,42,34926.58,2,5,1,115702.67,0
15810942,61,445,2,20,35962.8,3,2,0,137655.31,0
15728362,29,671,3,5,2125.49,3,4,1,1000,0
15683339,34,656,6,28,6804.81,3,4,1,59877.33,1
15685476,31,658,5,25,41883.03,1,5,0,100082.14,0
15663650,52,698,10,11,12173.72,5,2,1,107304.39,1
15617434,38,655,9,43,20599.55,2,4,1,1000,0
15622470,41,772,10,2,28708.36,2,4,1,96032.22,0
15703682,33,681,10,10,31187.69,4,2,1,1000,0
15727391,29,688,9,9,27733.67,5,3,0,144553.5,0
15711062,40,633,5,1,3059.26,0,5,0,86172.81,0
15567339,73,735,9,35,9252.72,2,1,1,1000,0
15760662,29,521,2,29,47367.92,2,4,1,87212.8,0
15605737,36,541,5,17,23789.19,4,1,0,1000,0
15692977,36,612,2,6,20017.78,5,2,0,130700.92,0
15672082,62,562,3,30,4095.86,2,1,1,1000,0
15600280,32,703,6,46,33265.79,0,2,1,1000,0
15804052,23,710,6,32,7209.69,0,2,1,1000,0
15576065,40,731,5,9,24553.06,1,4,0,171325.98,1
15796838,58,703,4,35,25813.37,3,4,1,92930.92,0
15693526,40,618,0,48,2542.21,4,3,0,1000,0
15748595,29,689,1,50,29823.93,5,2,0,77556.79,0
15679029,33,718,7,31,11694.85,4,2,0,102874.28,0
15753639,37,608,5,29,39506.35,5,2,1,146093.39,0
15604138,34,749,2,27,18007.28,3,5,0,1000,1
15666095,51,753,4,35,46074.23,5,1,0,79811.72,1
15643487,39,630,10,43,7610.17,3,5,0,105473.74,1
15764033,43,693,1,49,38567.03,0,5,1,121927.92,1
15747288,40,838,6,49,27034.89,2,2,1,61671.19,1
15790599,39,756,5,23,35342.42,4,1,0,149363.12,0
15737705,27,775,4,9,2318.37,3,1,0,152309.37,0
15737194,33,635,5,4,17155.38,3,1,0,1000,0
15726776,36,705,1,44,47489.62,3,2,1,111629.29,0
15804357,40,481,3,43,41226.41,1,2,0,1000,0
15664432,49,727,7,21,7348.64,2,3,0,96296.78,1
15688984,20,595,4,12,34579.26,3,2,0,95830.43,0
15583026,38,535,0,2,3812.12,1,5,0,135919.33,0
15771668,59,578,10,48,30532.13,5,4,0,185966.64,1
15779904,29,597,5,26,20088.39,2,1,0,1000,0
15784323,21,449,7,30,20178.73,5,2,1,1000,0
15756277,43,850,8,47,7114.62,4,4,1,92244.83,0
15663312,35,494,9,17,4757.35,0,4,1,112727.06,0
15793197,34,676,8,28,8020.08,0,5,0,100359.54,0
15731463,43,818,10,48,24741.25,0,4,1,105301.5,0
15621768,45,712,6,25,28904.97,3,1,1,112994.65,0
15691323,40,672,4,3,25935.83,4,4,1,89025.88,0
15781326,35,636,9,46,12973.88,3,4,0,95478.17,0
15595640,37,698,8,36,4627.51,5,1,0,1000,0
15814331,43,597,7,19,41969.91,0,3,1,119127.46,0
15602030,28,717,4,5,39919.72,5,1,1,128206.79,0
15747974,49,614,1,48,42408.14,4,3,0,1000,0
15611315,23,708,4,27,38826.76,5,1,1,71433.08,0
15636977,36,507,9,35,33569.78,5,2,0,118214.32,1
15690337,27,581,5,43,19603.37,4,3,1,102258.11,0
15680666,39,579,2,24,31615.3,0,1,1,151963.26,0
15679551,46,504,2,12,32449.67,4,2,0,163764.84,1
15778915,32,737,7,10,28367.07,2,2,1,128551.36,0
15568849,31,540,10,48,9520.55,3,4,0,118158.74,0
15747762,32,609,7,1,23970.02,1,2,1,118520.41,0
15753679,24,778,4,43,44957.47,3,5,0,1000,0
15750049,40,621,10,13,7129.34,5,4,1,163823.37,0
15606097,63,665,7,26,33341.31,0,4,1,104469.58,1
15802368,47,608,6,45,93.8,2,3,0,1000,0
15767488,36,680,7,23,35055.69,1,5,0,1000,0
15669946,46,663,2,35,43498.85,1,4,0,141726.88,0
15612103,35,627,2,34,20515.54,2,1,1,137852.96,1
15645353,26,607,1,46,34416.1,0,1,1,1000,0
15650018,43,681,8,30,48243.62,4,4,0,154100.3,0
15659002,45,766,6,9,39723.29,0,4,0,1000,0
15616028,30,694,2,24,2808.51,2,3,0,1000,0
15660475,54,411,9,49,30216.29,4,3,1,1000,0
15652615,39,742,8,47,44865.7,2,1,1,140004.96,0
15653572,43,673,8,29,38770.56,1,3,0,127132.96,1
15628059,61,529,1,26,30863.68,0,4,0,1000,0
15703413,38,519,7,12,42325.14,5,5,1,125328.56,0
15610433,35,573,9,19,7654.85,2,4,1,1000,0
15770548,28,453,3,31,1468.7,4,2,0,139986.65,0
15645637,39,798,6,42,11383.96,5,5,1,119787.76,0
15590888,34,693,10,41,35791.47,0,1,0,107556.06,0
15568326,44,637,2,1,7428.26,1,5,0,1000,0
15655368,47,672,1,40,46722.97,5,5,0,1000,0
15665579,28,597,0,29,43827.56,3,4,0,142705.95,0
15676091,42,543,7,7,15140.35,3,3,0,1000,0
15716984,56,695,4,29,24796.99,1,4,1,1000,0
15715078,35,584,6,5,8046.91,3,1,1,161613.94,0
15569452,58,652,3,5,13380.6,3,1,1,116353.2,0
15628863,38,601,4,25,15329.02,1,2,0,60013.81,0
15778192,28,628,4,26,45995.84,1,2,0,1000,0
15793723,32,607,9,1,9584.21,3,3,0,144272.07,0
15798943,46,646,8,21,44163.54,5,2,1,1000,0
15764708,30,572,6,34,18748.12,4,1,1,117696.67,0
15791040,58,801,1,28,27242.08,1,5,1,79954.61,0
15631512,26,597,8,30,21311.45,3,4,1,149989.39,0
15640106,40,613,7,48,29421.31,2,2,1,124339.9,0
15710315,29,529,4,43,38420.39,1,5,0,135759.4,1
15771535,37,794,9,25,20776.78,1,2,1,1000,0
15611947,34,557,3,9,37378.79,2,3,0,83074,0
15670266,28,499,4,5,43818.66,3,4,1,141792.61,0
15609083,26,544,6,23,22557.79,0,5,1,1000,1
15567923,30,739,6,27,36291.21,2,5,1,1000,0
15788183,43,458,1,8,42338.13,3,3,1,106870.12,0
15735782,31,528,9,48,36636.54,0,2,1,120962.59,0
15774401,51,773,4,47,32999.89,1,4,0,1000,1
15737971,30,646,5,12,9830.03,4,3,1,1000,0
15758750,31,564,0,4,38489.1,3,5,0,110527.17,0
15611767,52,624,0,3,13209.7,1,3,1,133723.43,1
15643770,52,682,5,14,1594.3,3,5,0,112670.48,1
15744717,44,726,2,35,11147.97,1,2,0,1000,0
15570681,24,560,1,46,43750.9,1,4,0,116084.32,0
15792650,36,382,0,13,44185.35,2,4,0,1000,1
15605531,38,457,6,28,26927.26,5,1,0,1000,0
15605339,37,673,10,50,5348.16,4,5,0,1000,0
15672216,40,584,4,16,11207.34,3,5,0,82441.75,0
15812893,39,629,10,42,4142.25,5,2,1,1000,1
15624180,37,584,10,41,21501.39,0,1,0,134171.8,1
15701364,30,724,10,16,40316.2,2,1,0,1000,0
15762588,31,644,5,25,27343.74,1,1,0,1000,0
15806318,48,676,2,18,39694.88,1,3,1,124442.38,1
15712596,31,499,4,38,33523.61,3,3,1,1000,0
15600399,60,598,4,15,21294.2,3,5,1,1000,1
15576216,37,655,4,10,40323.26,4,2,1,108862.76,1
15620750,28,559,3,27,26548.42,2,1,1,141099.43,0
15623489,67,543,0,44,12921.01,0,5,1,128843.67,0
15667944,39,679,0,48,28249.52,3,5,0,86843.61,0
15584928,32,594,4,25,38459.38,1,5,0,120074.97,0
15779913,27,586,5,36,20344.25,1,5,0,130231.8,0
15644977,31,776,5,37,7891.49,2,4,0,1000,0
15749679,39,699,2,5,35602.78,0,4,0,109724.38,0
15629010,35,847,5,22,46002.26,2,3,1,111743.43,0
15768465,35,582,8,38,3738.06,4,2,0,121309.17,0
15767781,38,648,10,49,24230.31,0,4,1,82697.28,0
15635364,49,618,9,46,37383.13,3,5,1,44301.43,1
15722004,31,543,4,37,25386.24,0,1,1,138317.94,0
15766044,49,642,4,50,39698.9,4,4,1,120688.61,1
15586680,27,462,4,6,4648.05,2,3,1,176913.52,0
15635388,47,640,6,39,42629.6,1,2,1,89047.14,0
15655175,40,740,4,40,38992.36,5,4,1,114318.78,1
15639133,50,773,4,7,7582.86,3,4,1,1000,0
15799653,32,583,7,50,47314.88,2,5,0,94753.55,0
15723872,46,589,10,24,13936.32,4,3,0,1000,0
15775627,35,509,8,42,9422.37,0,1,0,1000,0
15630704,32,612,9,14,1435.92,5,1,1,106520.73,0
15815534,37,505,0,41,34217.32,4,1,1,134006.39,0
15697249,25,546,3,43,47056.58,4,4,0,132837.7,0
15681316,41,681,0,50,2331.32,0,5,1,120549.29,0
15682523,20,762,1,20,5879.75,4,2,0,139432.55,0
15650244,29,786,7,20,19972.76,2,3,1,80895.44,0
15648638,34,629,6,46,27349.76,5,2,0,1000,0
15795747,39,787,7,47,32505.98,0,3,0,171646.76,0
15607330,42,713,0,18,5131.36,2,4,1,109121.71,0
15624013,39,541,6,41,12448.49,5,1,0,109844.81,0
15800805,31,451,7,3,37649.78,5,3,1,140931.82,0
15667321,49,644,10,45,8503.79,2,1,1,1000,0
15601116,32,686,6,14,22040.36,5,3,0,1000,0
15622033,41,847,3,20,49210.16,2,2,0,101543.51,1
15758451,37,765,7,11,22149.79,0,1,1,102708.77,0
15688689,37,678,8,18,15135.87,0,4,1,149000.91,0
15652674,20,539,0,9,7846.73,3,1,1,83459.86,0
15806327,40,800,3,13,48037.51,5,5,1,75893.11,0
15649618,39,799,7,38,2825.1,2,4,1,167395.6,0
15677117,61,629,6,39,38131.09,5,4,0,1000,0
15751445,52,734,6,9,33427.39,1,4,1,71283.09,0
15749669,31,542,3,36,46803.31,2,5,1,1000,0
15656351,60,414,3,39,48750.14,1,2,0,1000,0
15667438,38,675,1,19,9780.54,2,1,1,104016.88,1
15682273,38,683,5,1,34940.8,1,4,0,127616.56,0
15580912,32,748,5,29,27959.52,4,2,1,154737.88,0
15785183,29,596,2,42,45709.16,1,5,0,1000,0
15705383,35,642,4,34,41354.88,5,4,0,125476.31,0
15712903,21,499,3,47,23548.79,5,1,1,176511.08,0
15774285,47,649,8,42,17972.66,5,5,1,110783.28,0
15583138,42,739,2,40,40262.67,0,3,1,141642.92,0
15740160,31,616,1,25,9135.39,1,5,0,1000,0
15793425,33,560,9,44,47837.58,4,5,0,1000,0
15749265,42,427,1,30,19921.39,0,1,0,75681.52,0
15623989,54,435,3,48,41321.82,0,4,1,1000,1
15604832,29,633,7,17,48481.43,0,5,0,1000,0
15584580,35,443,6,21,39905.92,5,3,0,161111.45,0
15573854,62,727,5,6,573.26,2,3,0,1000,0
15614847,45,674,6,28,42698.93,3,4,1,72494.69,0
15679966,31,661,3,1,16992.57,3,2,0,133964.3,0
15799435,34,619,1,33,41675.39,4,1,0,1000,0
15752186,27,562,3,36,24265.71,2,4,1,1000,0
15705544,61,633,3,50,30285.04,1,5,1,157201.48,0
15713632,48,551,5,21,5087.3,1,2,0,95679.29,0
15586523,29,720,7,22,35460.22,1,1,0,106230.92,1
15609176,32,688,5,40,13354.32,2,4,1,1000,0
15769308,36,635,9,39,35303.59,5,2,0,81231.85,0
15676810,31,561,1,8,43009.44,4,1,1,81480.27,0
15634591,33,850,8,44,21224.87,5,3,0,73059.38,0
15679804,36,636,5,3,5326.3,5,4,0,117559.05,0
15677764,74,461,1,14,24778.87,2,2,1,186445.31,0
15571917,38,771,5,49,14242.11,2,5,1,137657.71,0
15574608,36,713,8,22,22988.13,2,1,1,133889.35,0
15740868,45,658,9,30,6273.34,1,3,0,134562.8,0
15702442,56,586,9,45,29634.96,5,1,0,100781.75,0
15699797,30,737,8,27,26201.06,1,5,1,174356.13,0
15648047,27,742,5,1,48774.52,3,1,1,190125.43,0
15766826,26,824,7,15,42863.56,0,3,1,146266,1
15591628,41,701,9,22,811.47,2,2,0,164046.1,0
15583857,43,623,4,29,17923.07,1,1,0,123536.52,0
15752534,36,744,10,13,5759.89,2,4,0,1000,0
15741403,38,698,1,25,25810.51,1,3,0,171848.38,0
15783589,40,616,9,14,26230.07,2,3,0,1000,0
15598046,39,662,5,16,21424.35,3,1,1,139562.05,0
15643330,37,594,2,23,26895.44,2,3,1,1000,0
15680405,40,685,2,29,40611.35,1,1,0,168001.34,0
15728683,27,742,0,18,32119.82,5,1,0,1000,0
15621644,83,678,6,24,41634.14,2,5,0,123356.63,0
15733032,47,651,2,11,35501.03,3,4,1,1000,0
15608381,50,585,2,36,23993.03,2,2,1,125845.66,1
15658946,40,579,10,6,26801.84,3,2,1,45408.85,0
15757912,37,722,0,35,3543.13,4,1,0,125977.81,0
15645371,51,613,7,10,30837.81,5,2,0,147262.11,1
15653110,42,694,8,6,43529.06,0,3,1,133767.19,0
15766355,49,550,0,45,28961.55,0,4,0,108806.96,1
15585249,42,741,6,34,43593.4,5,5,1,106036.52,1
15611786,69,668,9,37,40374.48,5,1,0,1000,0
15575486,27,529,1,30,48107.85,0,3,1,1000,0
15780215,31,636,6,12,18902.86,0,4,0,1000,0
15686099,61,563,1,22,33745.24,5,3,1,82182.1,1
15739042,35,767,9,39,24408.19,4,2,0,1000,0
15815316,50,644,9,26,21331.03,3,4,0,76817,1
15778489,71,780,9,49,48433.25,0,2,1,142550.25,0
15786389,41,635,10,11,18135.18,3,2,1,1000,0
15601787,35,641,2,46,31114.26,0,2,1,103711.56,1
15624715,40,593,2,21,40737.3,0,5,0,1000,0
15763093,35,540,7,49,26319.5,3,1,0,128369.75,0
15572073,35,663,5,6,36403.05,4,1,0,1000,0
15780256,34,630,9,38,12795.65,0,5,0,1000,0
15659305,19,605,8,6,36272.2,1,4,1,166133.28,0
15638882,62,710,9,1,45806.98,5,3,1,148214.36,1
15714680,78,755,5,14,24533.88,1,2,0,121206.96,0
15777217,25,641,10,49,20053.61,4,5,0,1000,0
15739123,50,737,4,50,8014.87,2,2,0,127552.85,0
15594450,49,695,9,11,45734.76,1,1,1,159458.53,0
15797751,47,466,5,27,139.8,0,3,1,102085.72,1
15691543,58,558,2,37,35031.5,5,4,0,142537.18,0
15722845,29,665,1,47,34125.61,1,1,0,182781.74,0
15605804,45,737,10,12,13802.2,2,3,0,1000,0
15702061,29,654,7,3,48823.7,0,5,1,1000,0
15694321,28,619,3,40,28999.37,3,2,1,1000,0
15798749,43,845,3,3,5153.98,3,4,0,152063.59,0
15720050,28,727,2,35,32412.64,1,1,0,110997.76,0
15758048,50,582,2,6,32471.92,0,1,1,148942,0
15805681,41,716,9,25,19731.26,2,4,1,1000,0
15802809,36,660,0,13,48048.09,5,4,0,84438.57,0
15807239,34,664,7,46,18110.6,0,5,0,93920.47,0
15749093,43,801,4,37,25907.25,4,1,1,158713.08,0
15689344,42,615,4,34,48972.73,3,1,1,1000,0
15606076,63,718,7,11,1081.72,4,3,0,123204.88,0
15610090,40,667,8,12,46862.82,2,5,1,72945.29,0
15693926,37,670,0,35,15330.94,5,2,0,178742.71,0
15791501,43,590,8,41,8529.69,5,5,1,1000,0
15621870,40,739,8,40,7302.92,4,4,1,1000,0
15734711,42,373,7,4,26139.41,5,3,1,1000,1
15814405,46,418,9,23,44027.49,2,1,1,1000,1
15729359,29,837,9,15,47872.19,5,1,0,1000,0
15606944,43,645,9,19,29543.55,2,5,1,140121.17,1
15671934,39,552,2,3,23332.46,3,4,0,132906.88,0
15641773,45,580,2,20,37354.79,4,4,0,179334.83,0
15701972,35,684,3,13,2590.3,2,4,1,137179.39,0
15749114,35,634,3,2,31848,4,2,1,1000,0
15780362,49,607,9,6,1328.69,3,1,1,119960.29,0
15753229,29,802,9,21,47146.73,5,2,1,127414.55,0
15656009,36,736,6,9,24490.96,4,3,0,1000,0
15785024,40,629,9,4,47963.01,5,3,0,137409.19,1
15670492,28,737,8,26,46346.83,5,2,0,1000,0
15795458,39,718,2,38,33032.32,0,1,0,1000,0
15732438,43,561,4,31,26959.43,5,4,1,1000,1
15781987,31,641,9,17,20672.8,0,4,1,112494.99,0
15775826,30,677,1,18,19758.71,2,4,1,78133.15,0
15807457,36,641,1,10,32641.28,1,4,1,1000,0
15632538,32,658,5,46,48517.95,0,1,1,145553.07,0
15641389,48,659,4,16,30151.36,5,1,0,123593.22,1
15657306,47,567,2,5,42952.95,0,5,1,1000,1
15709447,26,584,0,41,42238.1,5,4,1,146286.22,0
15762682,35,709,1,43,12881.73,2,1,1,111827.27,0
15626042,26,690,2,31,35599.44,0,5,0,1000,0
15597109,70,627,1,47,25399.54,4,5,1,94416.78,0
15756148,45,765,2,25,21009.91,5,2,0,91549.78,0
15665634,38,645,7,9,15926.65,4,2,1,59568.57,0
15739997,23,716,2,34,34404.73,0,2,0,94464.81,0
15686242,57,771,4,22,11978.63,5,4,0,1000,1
15759244,44,687,8,10,45866.56,0,5,0,95368.14,0
15672027,33,717,10,24,24315.3,5,5,0,102185.42,0
15594576,32,524,1,30,17982.43,2,1,0,144875.71,0
15707138,39,679,5,43,42534.83,3,2,0,1000,0
15756954,32,538,2,46,21037.74,3,1,0,1000,0
15619130,37,752,5,34,35736.96,5,2,0,113291.05,0
15639665,61,846,0,49,46623.19,3,3,1,1000,0
15571065,39,532,0,17,48393.6,4,4,0,1000,0
15686060,43,670,9,11,30388.76,4,2,0,111677.88,1
15615753,35,597,8,8,11893.93,4,3,0,131101.04,0
15800961,52,627,1,18,42129.66,0,2,1,76101.81,0
15763065,40,700,2,26,30520.22,1,4,0,1000,0
15672467,52,766,7,30,16912.87,0,2,1,92510.9,0
15752915,34,488,2,11,39390.97,3,5,1,1000,0
15744695,39,694,5,1,35759.32,5,5,0,77652.4,0
15584897,31,639,3,50,18906.32,5,4,1,98360.03,0
15601857,46,705,4,40,29599.6,3,5,1,115518.07,1
15674156,69,810,3,50,8573.51,5,4,0,27288.43,0
15695465,36,638,6,17,3390.13,4,2,1,1000,0
15792232,43,595,5,14,41998.72,3,4,1,1000,0
15807900,36,575,7,39,23958.48,3,1,1,1000,1
15743760,31,850,6,25,44538.82,1,3,1,131996.66,0
15652835,27,419,2,23,28722.15,4,1,1,121580.42,0
15767818,55,640,10,44,24075.37,3,3,0,132436.34,0
15591150,34,570,10,10,36850.53,5,3,0,1000,0
15734659,46,640,5,26,30515.39,3,2,1,107978.4,0
15796115,40,689,4,23,3076.64,3,1,0,78119.59,1
15724648,26,725,6,19,47061.49,1,1,1,98684.15,0
15737732,44,751,10,44,39754.75,3,5,1,1000,0
15632280,53,544,9,29,687.23,2,4,1,1000,1
15750407,43,768,2,8,49746.59,4,1,0,129264.05,0
15795370,37,648,6,1,4587.46,3,1,0,131753.41,0
15656829,33,577,6,35,37504.51,5,2,1,1000,0
15643794,27,639,2,1,36115.73,0,2,0,1000,0
15798605,26,686,1,24,43039.95,0,3,1,57422.62,0
15637324,28,657,7,30,18110.76,5,4,1,1000,0
15589589,34,613,5,50,33635.41,0,3,1,144094.2,0
15778936,33,701,9,39,31782.13,3,4,1,147510.34,0
15757385,28,578,8,44,42778.32,2,3,0,161592.76,0
15666200,40,689,1,4,1054.15,3,4,1,1000,0
15683977,72,687,4,49,40331.7,5,5,1,1000,0
15675518,53,499,1,26,29440.4,2,4,0,75225.53,1
15584812,39,693,0,43,17376.6,3,4,1,1000,0
15752984,70,737,9,39,17231.72,0,5,0,87542.89,0
15577913,32,651,8,33,33495.49,2,3,1,144581.96,0
15591980,33,753,5,44,30208.17,2,3,0,122568.05,0
15598948,24,523,5,47,11142.73,5,4,1,172231.93,0
15574142,28,458,2,45,46338.99,5,5,1,171932.26,0
15582903,39,643,7,24,1000.56,3,4,1,1000,0
15733229,34,638,7,35,42877.26,3,1,0,1000,0
15635752,38,685,4,39,43887.31,5,5,1,111798.06,0
15771000,38,684,4,48,21316.34,3,5,1,1000,0
15804864,27,670,5,11,40698.6,5,2,0,79336.61,0
15641175,63,701,3,38,45177.03,5,4,0,120916.52,1
15692226,31,705,3,50,48089.02,4,5,0,142905.51,0
15584156,27,593,10,3,36826.78,4,3,0,1000,1
15702656,33,651,1,47,18544.47,0,2,1,96834.78,0
15606552,37,741,9,27,35240.24,2,1,0,105261.76,0
15687001,54,596,1,22,19821.48,4,5,1,123544,1
15781903,41,581,2,44,1347.95,1,3,0,127913.71,0
15731951,28,689,5,8,40732.03,1,5,1,95328.6,1
15580953,30,544,4,37,43067.35,3,2,1,73218.89,0
15810390,41,718,1,7,3708.84,3,5,0,1000,1
15628274,35,583,8,11,23259.51,2,1,1,149995.72,0
15615444,28,663,8,49,24903.73,0,3,1,123674.28,0
15784010,33,666,2,1,28740.12,4,1,1,124125.26,0
15571586,29,524,3,23,27523.67,5,3,0,159035.45,1
15748616,27,599,5,11,3120.98,3,3,0,1000,0
15769402,27,667,7,46,8397.73,3,3,0,156811.74,0
15739248,52,727,4,24,9211.92,3,4,1,1000,0
15603481,55,689,4,31,30852.27,0,5,0,1000,0
15723604,39,639,6,41,26961.9,3,5,1,150555.83,0
15797822,28,678,2,36,9207.75,5,5,0,109137.12,0
15665064,36,523,8,17,5663.76,0,4,0,158351.02,0
15640580,47,650,9,36,43114.89,2,3,1,1000,0
15581089,35,744,7,26,30696.38,2,1,1,1000,0
15728605,40,697,4,27,25259.58,5,4,1,1000,0
15737385,46,800,6,37,14141.9,4,2,1,1000,0
15714789,24,664,7,17,27280.94,3,5,0,1000,0
15786035,39,740,9,31,43365.35,0,4,1,1000,0
15815259,56,835,2,8,17288.59,5,2,0,1000,0
15592716,52,559,2,1,245.55,0,5,1,1000,1
15734850,36,676,1,4,39604.29,3,5,0,82729.49,0
15638047,45,613,9,1,27510.47,1,5,1,142765.24,0
15674573,25,713,4,49,17608.69,5,3,1,121172.97,0
15694859,28,751,10,8,23221.91,5,4,1,132932.14,0
15776404,22,523,8,17,18243.1,4,1,0,123374.46,0
15579345,74,775,0,28,39442.56,5,3,0,161371.5,0
15690733,45,608,4,38,14537.98,3,2,0,1000,1
15631481,51,673,8,36,43523.13,1,4,1,79563.36,0
15620988,46,616,2,10,23576.32,0,3,1,1000,0
15571529,48,650,7,11,36321.28,1,5,1,138232.24,0
15592104,41,655,5,9,17467.38,0,1,0,1000,1
15651900,53,782,1,38,38043.23,5,4,0,81571.05,1
15596212,35,781,1,39,36788.97,2,5,1,1000,0
15710687,33,593,0,2,8936.01,5,5,0,95927.04,0
15613787,35,505,8,37,15086.12,5,2,0,116932.59,0
15599211,40,707,1,30,15373.14,0,1,1,1000,1
15675983,36,692,3,36,18140.45,2,5,1,79551.12,0
15622370,30,813,1,4,46604.62,3,5,0,116416.94,0
15656319,37,850,4,18,706.09,4,4,1,88141.1,0
15605130,32,753,6,18,40313.73,0,5,0,177729.13,0
15672574,32,850,5,30,4322.83,2,3,0,1000,0
15659355,32,671,6,29,1675.66,1,4,1,123912.78,0
15777907,33,791,3,41,19862.9,5,2,0,1000,1
15655171,80,624,3,11,43957.17,3,1,0,1000,0
15619674,35,649,4,50,42281.85,0,3,1,108306.44,0
15775192,48,732,4,7,17333.73,0,2,0,102962.62,1
15617657,36,664,0,31,18099.96,4,1,1,103502.22,0
15688951,43,789,8,36,47139.18,2,4,0,119654.44,1
15763460,33,680,10,46,4617.81,1,2,0,183768.47,0
15756992,37,701,1,27,36357.2,3,4,1,1000,0
15617454,25,684,1,50,23569.92,5,3,0,1000,0
15701932,52,586,6,42,47691.84,3,4,1,140900.97,0
15700813,25,522,5,14,20193.36,4,3,0,94049.92,0
15645600,27,739,8,34,17402.15,4,2,0,98926.4,0
15634146,18,835,2,46,1986.54,5,2,1,142872.36,0
15686743,29,790,3,19,17639.77,1,5,1,46057.96,0
15698792,48,671,6,16,15179.39,4,1,0,119769.77,0
15591724,44,560,5,45,10289.78,2,3,0,143244.97,0
15571281,28,651,10,47,44047.76,2,2,1,79562.98,0
15661380,69,682,6,14,20344.43,1,4,0,1000,0
15728885,41,808,0,31,36954.24,1,2,1,1000,0
15618950,26,644,8,19,13191.69,0,1,1,96659.64,0
15609804,29,688,1,45,17247.28,2,4,0,1000,0
15735849,26,617,2,27,9927.23,1,2,1,165947.99,0
15652948,33,738,4,46,44063.38,0,3,1,92676.3,0
15618155,45,663,5,49,14261.34,1,4,0,83195.12,0
15566378,48,515,5,24,3734.14,0,2,1,129387.94,1
15565879,28,845,9,30,21016.88,0,4,0,1000,0
15792922,38,639,9,50,25666.71,1,4,1,130233.14,0
15770567,32,557,3,27,11557.64,4,4,1,123502.53,0
15738042,37,543,8,44,48906.02,5,2,1,140894.06,0
15714920,44,585,7,14,49983.07,3,1,1,163867.86,0
15782121,27,610,2,44,49767.53,0,4,1,1000,0
15673180,18,727,2,2,30222.18,5,4,0,93816.7,0
15660636,40,540,8,35,41516.06,4,1,1,1000,0
15664504,35,418,7,45,8788.32,5,1,1,1000,0
15790322,32,660,0,31,34995.04,0,5,1,114668.89,0
15739847,38,850,5,16,36727.24,1,1,1,146756.68,0
15699415,46,618,6,25,30994.25,2,4,0,150213.71,1
15665521,18,642,5,25,39174.08,3,2,1,111183.53,0
15682868,40,850,9,39,11355.41,4,4,0,99816.46,1
15584462,34,739,9,46,48508.35,2,4,1,1000,0
15661708,41,508,5,48,39147.84,0,5,1,1000,0
15584452,41,667,6,47,34241.3,4,5,0,1000,0
15717010,60,741,5,15,14194.84,1,1,1,1000,0
15643828,29,592,7,26,30521.37,0,3,0,1000,0
15733361,45,651,6,35,16017.11,1,4,1,86714.06,1
15795488,52,773,2,20,14463.74,3,5,1,1000,0
15581551,41,850,8,36,7051.32,4,2,0,132838.07,0
15632051,42,550,10,5,46261.12,0,4,1,128707.31,1
15780409,40,783,6,38,36658.83,2,2,0,1000,0
15572767,29,777,2,27,47532.46,1,4,0,1000,0
15590337,29,659,6,27,29376.38,5,5,1,123192.12,1
15634551,46,727,3,49,1833.64,1,2,0,115248.11,1
15669290,38,603,8,25,31805.95,2,4,1,59360.77,0
15621140,37,644,9,20,9785.21,5,4,1,1000,0
15613518,35,647,6,22,11792.44,2,2,1,112668.7,0
15728043,37,648,7,27,46262.37,0,3,0,138503.51,0
15570073,57,721,1,36,44469.89,2,5,0,1000,0
15777033,29,524,7,44,47608.82,5,5,0,1000,0
15682454,34,626,3,34,45677.26,1,5,1,1000,0
15758513,43,569,7,47,39940.99,2,1,1,1000,0
15772604,36,578,1,34,46483.11,5,5,0,157267.95,0
15721715,40,769,9,9,6248.52,2,5,0,133871.05,0
15688563,31,694,4,10,18151.76,5,1,1,141989.27,0
15772009,41,664,5,41,20922.16,5,5,1,1000,0
15809585,38,646,7,22,42950.16,3,4,0,1000,0
15593778,29,779,3,5,5712.17,4,3,1,46388.16,1
15655360,72,782,5,39,994.16,1,5,1,148666.99,1
15780909,34,769,7,15,4172.82,3,4,1,115101.5,1
15757310,67,655,6,20,5939.27,0,4,0,148363.38,0
15801411,46,623,4,39,6659.94,3,1,1,1000,1
15761706,39,705,8,1,16232.22,3,3,0,144102.32,0
15658409,41,686,5,25,11917.43,0,1,0,128876.71,1
15810010,36,678,6,41,24948.52,4,3,0,118448.15,0
15627027,39,738,5,16,13763.74,5,3,0,1000,0
15624374,28,703,9,24,4324.13,2,2,0,1000,0
15720083,42,554,1,15,43604.02,2,4,1,1000,0
15752294,38,582,9,23,13361.34,3,2,1,135979.01,1
15743193,37,644,6,45,1544.7,0,5,1,117271.8,1
15696733,29,724,4,18,2359.13,0,1,1,1000,0
15677522,33,593,1,46,36534.18,3,1,0,1000,0
15643523,30,710,10,21,18257.71,2,2,1,1000,0
15624936,35,631,8,24,36619.02,5,1,0,129205.49,0
15716085,41,739,8,23,46417.99,0,4,0,1000,1
15641688,18,644,7,19,38202.47,2,1,1,1000,1
15796834,35,652,7,39,9683.27,4,3,1,104015.54,0
15720123,37,554,3,27,17756.53,2,4,0,1000,0
15604732,30,483,9,3,45479.04,2,5,1,1000,0
15723484,42,669,1,37,48942.21,1,3,0,103873.39,0
15807120,52,841,3,46,2123.13,0,1,1,112383.03,1
15810891,34,662,2,21,11132.23,3,4,0,117731.79,0
15640407,45,821,0,40,43904.92,5,4,1,135827.33,0
15778838,38,783,9,3,26690.09,4,1,0,114135.17,0
15709256,28,850,9,27,10209.09,1,2,1,1000,0
15742285,62,559,6,19,45015.6,4,2,1,118756.62,0
15729019,34,602,8,33,27475.38,5,2,0,98382.72,0
15608588,41,563,2,39,16366.18,2,2,1,100520.92,1
15610557,35,695,7,43,40681.77,0,5,1,79858.13,0
15786418,20,546,6,42,46360.76,2,1,0,1000,0
15653050,76,719,10,5,16810.35,0,2,0,95052.29,0
15744914,42,539,1,48,17312.43,2,1,0,177728.55,0
15669611,71,632,3,48,4659.32,1,5,0,83116.68,0
15594786,34,772,7,25,13819.08,2,1,1,111565.91,0
15649211,40,708,8,20,17958.95,2,4,0,83015.71,0
15766066,28,668,1,20,41897.36,5,2,0,124511.01,0
15772216,67,738,1,14,7337.42,1,2,1,130652.52,0
15619898,55,785,5,11,48880.73,1,2,1,1000,0
15724543,61,597,5,36,5358.24,4,5,0,1000,0
15755084,37,531,7,24,24716.18,4,2,1,121854.45,0
15730441,26,509,10,28,10027.07,5,2,1,1000,0
15666767,35,508,1,28,48215.49,5,3,0,86893.28,0
15690456,32,749,7,23,12975.11,2,2,0,79523.13,0
15570533,55,621,7,45,3264.61,4,3,1,131033.76,1
15797692,33,659,7,45,49517.03,3,2,1,89939.62,0
15603135,59,634,3,7,18190.24,1,5,1,95727.05,1
15698927,39,675,7,21,41819.79,3,4,0,1000,0
15687363,31,770,3,37,29710.62,3,2,0,155047.56,0
15733444,29,736,9,13,3884.04,5,1,1,1000,0
15678057,44,524,10,48,19134.02,4,1,0,118569.03,0
15806918,28,674,5,34,42045.43,1,3,0,1000,0
15638247,44,700,9,48,6011.62,4,5,0,1000,0
15674833,35,741,1,26,48084.2,5,1,1,1000,0
15812534,40,455,1,47,36137.3,0,1,0,1000,0
15586522,37,608,2,2,44408.37,4,1,1,130461.02,0
15794297,36,776,1,34,42978.62,2,5,1,1000,0
15737025,33,635,1,1,39109.46,1,5,0,1000,1
15615931,37,746,4,28,44312.32,5,2,1,1000,0
15664860,47,692,3,44,27453.12,3,4,1,1000,1
15664539,35,683,9,19,30683.43,0,1,1,61172.04,0
15583692,35,591,2,48,45760.75,4,4,1,90194.34,0
15693131,24,581,3,18,46141.88,2,5,0,95508.2,0
15779973,35,684,3,34,20192.95,1,5,1,99967.76,0
15620557,37,561,4,1,49683.54,5,1,0,101470.29,0
15639549,33,718,4,48,37486.34,4,4,1,70541.06,0
15618750,31,590,8,47,10265.96,3,4,1,112211.61,0
15796790,47,573,8,3,35300.96,3,4,0,154543.98,0
15668309,40,350,0,31,8166.64,1,5,0,111098.85,1
15732437,44,504,0,14,16387.13,5,4,0,131873.07,1
15665158,27,813,1,31,33435.98,5,1,0,137275.36,0
15689322,31,641,3,21,45466.15,0,4,0,153316.14,0
15596624,22,662,9,1,44264.71,5,4,0,1000,0
15601977,44,497,2,28,22191.33,2,5,1,121250.04,0
15801462,31,716,8,4,34605.88,1,4,1,109578.04,0
15566139,37,526,5,41,49818.8,2,3,1,53573.18,0
15791006,34,760,6,8,42885.89,4,3,1,58003.41,0
15668057,31,669,6,39,35700.53,3,3,0,113000.66,0
15580805,27,655,10,19,19706.79,1,5,0,1000,0
15658768,49,547,2,31,23204.42,3,3,1,1000,1
15613048,40,648,5,3,6181.73,3,1,1,139973.65,1
15803654,31,790,2,49,40295.76,1,2,0,151290.16,0
15662337,50,744,1,6,49047.29,4,3,1,121498.11,1
15650924,32,761,4,48,26489.95,0,3,0,103515.39,0
15647203,35,750,3,2,34822.02,2,5,0,1000,0
15682778,34,680,9,3,42613.43,3,2,0,1000,0
15579820,38,704,6,15,22236.52,3,5,0,106687.76,0
15709354,41,521,2,8,21087.46,1,2,1,1000,0
15728480,35,452,8,48,40946.98,1,2,1,1000,0
15641091,31,695,5,32,48632.21,3,4,1,106089.2,0
15603111,71,850,10,2,25927.33,0,3,1,69608.14,1
15679693,31,625,5,3,12402.48,1,1,1,1000,0
15797190,40,608,7,48,1396.34,3,5,0,96202.32,0
15788025,38,715,0,45,5163.23,2,1,0,1000,0
15646168,33,834,5,34,17169.67,0,1,0,1000,0
15580493,33,469,1,48,39499.55,1,5,0,127818.52,0
15726720,40,480,7,43,15462.78,5,1,0,1000,1
15735799,58,527,3,30,46624.01,5,1,1,137318.42,0
15773098,34,834,5,26,3669.03,2,1,0,1000,0
15668971,40,583,4,39,14692.99,0,4,1,55776.39,0
15603221,32,696,4,41,42759.85,2,5,0,84421.62,0
15740043,32,606,5,34,1174.78,4,4,0,83161.65,0
15712264,39,713,10,50,43749.51,0,3,1,1000,0
15751926,42,821,3,45,34857.52,2,1,0,87807.29,0
15589401,30,550,4,4,25160.27,1,4,1,1000,0
15742019,39,675,6,21,36453.06,0,3,1,1000,0
15660611,39,748,3,35,28148.99,5,2,0,1000,0
15607634,40,606,9,19,42913.2,2,3,1,95293.86,0
15595036,30,726,7,18,46783.98,4,1,0,92847.59,0
15745794,30,547,6,28,24965.2,4,5,0,1000,0
15781689,35,758,5,15,42678.91,0,5,1,1000,0
15696054,37,596,2,9,43898.72,1,5,0,1000,0
15752467,34,720,3,13,30869.78,0,5,0,1000,0
15597739,37,674,3,6,35211.23,0,1,0,1000,0
15651336,32,756,4,21,20810.18,1,3,1,1000,0
15636061,78,649,4,38,7288.15,2,4,0,68345.86,0
15723013,28,613,7,39,3195.97,5,4,1,76656.4,0
15784148,62,643,9,11,46279.41,4,5,0,1000,0
15578098,31,600,8,32,11206.45,0,3,0,1000,0
15638621,39,735,1,33,43412.49,2,3,1,60374.98,0
15720924,34,585,1,46,33286.98,1,2,1,1000,0
15566531,33,724,4,4,45456.01,5,3,0,88046.88,1
15718064,29,635,2,1,8062.74,0,1,1,1000,0
15605067,19,472,9,50,37196.28,4,5,1,1000,0
15655335,36,590,1,16,3143.89,5,5,1,1000,0
15607301,63,651,8,5,1714.32,0,4,0,129968.67,0
15694628,39,686,4,34,33425.9,1,3,0,157731.6,0
15607112,32,606,6,42,34100.59,2,3,1,1000,0
15635775,33,781,3,19,33367.13,3,1,1,89276.48,0
15644280,45,593,4,3,10769.11,4,3,0,138825.19,0
15708362,63,793,4,37,16573.42,3,5,1,103729.79,0
15771997,31,791,10,34,13760.45,5,4,1,75499.24,0
15730579,68,850,5,23,40207.49,1,5,0,169445.4,0
15728005,57,698,9,27,29436.65,1,4,0,111359.55,0
15791674,34,846,10,38,40204.02,5,2,0,142388.61,1
15754599,42,765,4,38,11510.43,4,2,1,123311.39,0
15693690,52,574,7,43,49753.4,5,5,0,115532.52,0
15728963,51,617,10,14,16070.71,2,4,0,167273.71,1
15659710,25,581,5,33,22654.24,0,1,0,77886.53,0
15658675,37,710,6,13,16406.73,0,3,0,135795.63,0
15638788,32,550,8,21,31585.53,0,2,1,97514.07,0
15609735,51,533,6,28,8706.41,0,4,1,127545.56,1
15771477,49,779,9,46,42061.81,3,4,0,106160.37,0
15570145,23,763,2,44,10813.3,0,2,0,1000,0
15797149,36,563,4,9,8417.58,2,2,1,143680.47,0
15636912,38,678,3,27,8192.85,4,3,0,124483.53,0
15687828,31,644,5,40,12540.4,5,5,0,86006.3,0
15667424,43,682,7,28,1355.19,3,5,0,111094.05,0
15759872,22,625,9,11,7432.75,4,5,1,1000,0
15572374,36,733,1,28,46938.99,5,2,1,1000,0
15754926,30,512,6,39,28566.41,5,1,0,1000,0
15687431,41,642,7,24,26571.34,0,5,1,115171.71,0
15604515,22,737,10,35,20993.42,2,1,0,111543.26,0
15682839,57,575,8,14,46809.77,0,2,0,137936.94,0
15624677,37,543,3,38,221.37,3,4,0,122304.65,0
15646366,41,521,8,14,29683.67,1,5,1,120586.54,0
15701768,32,637,3,33,47784.5,3,4,1,1000,0
15623566,40,714,9,22,33870.06,1,2,0,46520.69,0
15681274,56,726,2,3,38241.07,5,4,0,105473.74,0
15762573,34,680,7,25,25238.14,1,4,0,1000,0
15706458,39,812,5,45,25829.33,5,4,0,115730.71,1
15654222,30,757,3,14,39661.48,3,5,0,145396.49,0
15704053,62,710,3,8,18450.87,0,4,1,131078.42,1
15724321,47,516,9,5,40518.75,3,5,1,128298.74,1
15621815,40,803,6,36,41405.48,2,4,1,165526.71,0
15724876,38,560,5,4,46213.96,5,1,1,83714.41,0
15696588,36,679,3,37,32543.95,5,1,1,1000,0
15612832,32,526,7,20,130.37,0,2,0,125540.05,0
15804295,41,485,2,16,33403.69,1,3,0,100254.76,0
15712536,36,625,3,39,17016.8,1,4,1,1000,1
15662494,43,773,7,6,15147.04,2,4,0,138150.57,0
15807728,45,530,1,33,29160.09,0,3,0,1000,1
15764916,43,616,7,14,41395.84,4,2,0,95984.21,1
15615330,23,651,10,50,29707.35,4,5,1,1000,0
15638487,38,586,2,43,32685.02,0,3,0,136858.42,0
15627859,29,607,7,39,38991.94,5,2,1,102609,0
15622192,39,724,3,1,37229.27,1,5,1,1000,0
15789413,64,733,3,9,41546.13,1,4,1,1000,0
15583221,70,667,3,11,39454.67,2,2,0,77356.92,0
15768495,32,700,8,14,6865.22,3,3,1,110923.15,1
15644103,78,659,2,13,32984.46,0,4,1,151675.65,0
15741197,22,710,8,33,43896.77,4,5,0,1000,0
15664547,37,760,7,2,19879.59,0,1,0,1000,1
15797293,25,677,3,47,30469.94,1,1,0,1000,0
15572021,29,798,8,7,7948.44,3,4,0,80204.11,0
15637461,35,758,7,9,34229.42,2,2,1,1000,0
15620577,45,715,4,3,39375.62,4,2,1,1000,0
15609643,32,752,9,15,6826.65,2,5,0,115587.49,0
15785358,46,586,8,34,13624.58,1,3,1,106968.96,1
15603883,36,818,4,36,8963.86,0,1,1,1000,0
15782550,41,490,0,10,13850.23,1,1,1,139659.04,0
15775761,69,610,5,34,36263.17,5,3,1,86038.21,1
15680201,24,627,5,11,47314.57,3,3,0,102773.2,1
15767594,35,533,8,19,32589.78,2,5,1,1000,0
15591985,51,708,8,28,49072.74,1,1,0,70754.18,1
15789339,59,681,4,8,43554.59,0,5,1,122781.51,0
15781530,21,690,8,22,20327.15,1,5,1,1000,0
15705174,68,656,7,46,23278.2,2,1,0,153545.11,0
15572114,40,673,1,13,37016.42,1,3,0,121629.22,0
15804009,36,806,8,48,32630.06,4,2,0,167983.17,0
15662698,43,648,7,50,12557.8,4,5,1,81153.82,1
15696047,35,501,6,5,23879.49,2,3,1,99760.84,0
15701160,43,556,4,5,13958.65,5,5,0,125890.72,0
15790093,27,627,2,6,10190.86,3,5,0,1000,0
15632143,31,652,2,48,16985.53,3,2,1,119148.55,0
15736778,60,807,1,28,21549.67,0,5,0,72948.58,0
15734917,21,708,8,43,46866.8,3,3,1,133974.36,0
15643903,27,619,1,38,32178,5,2,1,154483.98,0
15569526,40,601,10,2,25352.83,3,4,1,98627.13,0
15777067,64,445,2,16,36732.26,5,2,1,136770.67,0
15795511,39,800,4,39,21035.84,4,2,0,95252.72,0
15610419,33,554,3,18,8601.98,3,3,0,117413.95,0
15644994,54,714,4,40,28685.2,3,3,0,137986.58,1
15703707,44,656,10,18,12608.03,5,3,1,143571.52,0
15659327,49,520,5,35,48260.22,5,1,1,121197.64,1
15771323,39,480,5,9,31548.34,0,1,1,121626.9,0
15750549,30,660,1,37,2845.37,2,4,1,84440.1,0
15698462,36,532,4,27,40821.09,0,4,0,1000,0
15739692,42,679,1,41,37297.36,1,3,0,1000,0
15744041,26,780,3,44,47887.94,1,5,0,140356.7,0
15700714,29,747,7,38,47848.54,5,2,1,1000,0
15777743,39,705,3,13,8154.88,4,3,0,92224.56,0
15623143,43,732,9,15,46328.4,2,4,1,1000,0
15712568,40,515,10,11,14704.3,2,3,1,121355.99,0
15617432,40,816,9,36,48847.69,1,4,0,109003.26,0
15650424,48,641,3,2,26762.45,2,5,1,147341.43,1
15728829,18,509,7,45,25512.71,1,4,0,102983.91,0
15680430,49,601,4,5,39901.48,0,4,1,96252.98,0
15687626,39,527,4,27,24407.45,5,5,0,1000,1
15609187,27,455,5,2,42115.52,4,2,1,155879.09,0
15609521,34,803,4,29,8242.92,3,3,0,142929.16,0
15752626,32,553,7,8,6522.23,0,1,1,64082.09,0
15571756,28,724,5,29,9530.4,2,3,0,1000,0
15814040,45,610,1,24,46941.61,0,1,1,1000,0
15658211,39,559,2,15,40220.36,4,5,0,1000,0
15742091,35,825,6,14,23217.72,4,5,1,118336.95,1
15787168,28,819,8,12,32551.55,5,3,1,168253.21,0
15772363,42,772,0,28,31719.92,4,1,0,101979.16,0
15659364,23,685,5,47,36128.3,3,2,0,164902.43,0
15738980,43,506,2,14,47727.88,5,2,0,1000,0
15794236,22,642,10,24,14882.99,4,3,1,111812.52,0
15721383,40,627,10,14,43757.71,0,2,0,1000,0
15652981,30,600,2,49,47858.68,4,5,1,119755,0
15722731,46,653,0,22,46875.76,5,4,1,119556.1,1
15640507,35,762,3,11,11636.05,3,5,0,119349.69,1
15578878,30,569,3,48,28927.92,3,2,0,139528.23,0
15744295,40,756,1,8,43675.53,0,1,1,94773.11,0
15776558,31,673,1,5,40875.81,1,2,0,108345.22,0
15596136,36,637,9,27,35589.88,3,1,0,166939.88,0
15704597,33,644,7,25,39837.15,5,3,1,174571.36,0
15648272,35,658,9,47,7647.12,5,1,1,71829.34,0
15594915,36,649,8,6,21175.86,5,4,1,1000,0
15581115,39,603,9,42,32751.99,3,1,1,76769.68,0
15763907,39,820,1,5,49319.8,3,5,0,104614.29,1
15705994,27,712,10,14,18283.86,3,5,1,1000,0
15772421,31,645,1,36,474.27,2,3,0,128927.93,0
15711572,31,705,9,20,23597.26,0,3,0,110941.93,0
15691170,29,590,10,24,37436.67,4,1,1,99250.08,0
15600106,36,631,1,25,29632.84,1,4,1,1000,0
15745431,34,604,7,21,39237.66,0,1,1,1000,0
15649508,48,643,8,9,22378.99,4,2,0,1000,0
15812611,30,690,5,24,21495.01,3,1,0,1000,0
15619699,31,558,7,30,49600.27,1,1,1,1000,0
15813946,51,637,1,8,29714.92,1,2,1,104682.83,1
15762762,45,648,5,18,26491.66,1,2,1,118886.55,0
15629793,28,652,8,42,12661.66,0,1,1,156823.7,0
15781298,39,808,3,22,41282.12,1,4,0,124216.93,0
15622658,26,551,2,11,18446.03,4,5,1,144258.52,0
15658980,26,711,9,41,33407.56,0,5,0,128793.63,0
15701936,28,467,10,16,9248.43,1,5,1,126315.26,1
15686917,40,789,4,9,38067.26,1,1,1,1000,0
15807312,33,602,5,22,21059.58,2,2,0,1000,0
15574523,39,576,1,13,32700.41,1,3,0,1000,0
15724200,38,584,1,14,28494.24,2,2,1,115341.55,0
15738224,32,593,6,39,3861.6,3,3,1,99162.29,0
15593283,48,705,1,43,25917.75,0,3,0,156848.13,1
15814690,64,595,2,19,17580.69,3,5,1,105736.32,1
15807245,41,699,1,12,195.35,2,1,0,200117.76,0
15799358,46,516,6,29,843.96,1,3,0,62212.29,1
15616172,31,838,2,29,28358.38,0,1,1,1000,0
15777958,39,587,10,5,27469.53,2,5,0,1000,0
15809124,38,750,5,50,46709.14,1,3,0,151532.4,0
15616367,39,581,1,35,36247.31,0,4,0,121523.51,1
15687385,41,484,5,8,6498.94,1,2,0,1000,0
15607877,26,576,8,36,23934.71,2,1,1,1000,0
15736327,46,567,1,42,21486.96,0,2,1,68238.51,0
15746704,30,638,9,41,17672.19,2,2,1,136808.53,0
15778304,24,646,0,37,35515.71,4,2,1,92398.08,0
15588456,40,658,5,49,41998.3,0,5,1,143566.12,0
15664035,38,590,9,28,32471.58,5,2,0,1000,0
15596405,25,546,7,19,34200.41,2,1,1,127728.24,0
15815097,34,603,9,33,7134.14,0,3,1,1000,0
15762708,38,619,10,43,26858.18,1,3,0,119658.49,0
15776211,34,678,6,48,6173.61,3,1,1,1000,0
15626012,26,459,4,11,11310.6,1,2,1,149879.66,0
15792077,28,671,8,6,14868.74,4,4,0,119859.52,0
15718765,43,501,6,34,23522.64,3,2,0,104533.24,1
15576615,37,719,10,36,10233.35,5,5,0,145382.61,0
15752650,37,681,6,19,1534.2,5,3,1,121231.39,0
15797502,24,706,2,10,15478.53,3,1,0,141078.57,0
15687329,32,763,1,35,2183.17,0,5,0,108465.65,1
15779423,39,716,1,11,45814.37,2,3,0,70657.61,0
15619514,40,507,3,31,33748.13,3,3,0,120105.43,1
15615430,55,678,4,6,24824.65,5,3,1,129646.91,1
15716431,30,775,10,37,26935.01,2,3,1,191091.74,0
15798341,38,544,8,15,47447.84,3,1,1,1000,0
15651958,27,756,8,27,40038.92,5,5,0,1000,0
15726179,43,757,5,16,6178.13,5,1,1,131433.33,1
15652999,33,742,1,39,34080.01,4,2,0,137937.95,0
15691950,49,591,3,40,16262.81,1,4,1,1000,0
15632446,24,667,4,48,2572.57,5,4,0,1000,0
15620936,32,787,4,6,18333.13,2,4,1,1000,0
15587640,43,718,0,41,12436.92,2,3,0,93143.39,0
15782231,38,521,6,25,37098.12,2,4,0,1000,0
15580462,40,607,1,21,28529.63,5,2,0,112544.45,0
15736371,34,633,3,45,28268.16,4,5,1,123034.43,0
15648032,37,588,2,41,28556.8,5,3,0,1000,0
15610454,33,724,9,1,3958.61,0,2,1,119278.44,0
15671358,44,720,4,1,17186.5,2,5,0,1000,0
15747130,39,521,7,9,46659.87,4,5,0,1000,0
15578374,36,620,7,23,35251.99,5,2,0,169312.72,0
15572182,33,505,3,28,35905.44,3,3,0,106506.77,1
15770041,43,728,8,48,31537.56,5,2,1,128412.61,0
15669414,62,486,9,32,19476.38,4,3,1,118356.89,1
15777054,42,584,3,28,47863.78,3,5,0,137479.13,0
15621021,40,687,1,26,29973.65,2,4,0,1000,0
15785490,50,771,3,25,27584.33,0,5,0,105229.72,1
15577695,41,678,2,44,27665.76,4,1,1,148088.11,0
15686974,48,751,4,6,16074.61,5,4,1,1000,1
15574584,33,670,8,22,22176.05,3,1,1,126679.69,0
15719541,31,675,2,31,26659.85,4,2,0,90826.27,0
15646310,24,684,8,18,40282.93,0,1,0,143582.89,0
15697606,21,637,10,26,36863.36,5,3,0,125712.2,0
15711489,32,760,2,19,43191.41,2,5,0,1000,0
15670427,37,662,4,43,16323.45,0,4,1,155187.3,0
15731755,49,680,10,46,49185.22,4,4,0,1000,0
15796370,40,604,5,38,25503.11,2,4,1,155455.43,0
15598331,40,764,9,5,11042.98,4,5,0,100480.53,0
15704795,77,521,6,25,16650.06,3,4,1,1000,0
15796764,56,684,3,9,13628.11,0,2,1,127585.98,1
15589420,40,795,2,42,49557.04,0,4,0,101891.1,0
15810563,61,678,8,2,12687.36,3,1,0,1000,0
15746569,38,589,4,32,34509.39,3,1,0,1000,1
15811594,28,660,3,16,42730.06,2,5,0,128929.88,0
15645896,39,646,6,29,46441.73,5,2,0,121681.91,0
15802909,56,706,3,12,21897.93,3,5,0,139603.22,0
15797665,27,730,7,22,6290.43,4,1,0,1000,0
15778959,36,606,10,8,20572.87,2,3,0,1000,0
15722532,36,690,10,46,16924.92,2,2,1,91760.11,0
15784124,41,645,2,24,29897.29,5,5,1,93925.3,1
15776518,38,579,4,25,21863.57,1,2,1,175739.36,0
15611247,28,481,10,23,17644.71,5,5,1,1000,0
15721469,45,492,9,44,6524.08,5,2,1,170295.04,0
15773338,58,739,2,36,15710.4,2,4,1,101579.28,0
15784042,55,624,7,26,49133.74,0,4,1,118793.6,1
15776229,44,682,3,38,6771.55,3,1,0,115282.3,0
15655903,34,701,6,4,7159.21,3,5,0,107980.37,0
15590177,44,718,1,9,45938.57,3,5,0,133866.22,0
15568876,34,496,1,3,20665.06,0,1,1,102723.35,0
15813140,41,543,5,9,24267.86,2,5,1,1000,0
15770516,44,616,7,7,42162.24,4,4,0,193213.02,0
15755731,53,635,8,16,28132.89,2,2,0,117005.55,1
15574480,31,652,1,7,44847.6,3,4,1,132862.59,0
15798084,26,688,0,24,4576.24,5,2,0,1000,0
15673020,49,678,3,9,11530.62,4,3,1,204510.94,1
15643575,36,757,1,7,48976.65,4,1,0,65349.71,0
15596811,36,667,8,50,10274.65,4,2,0,139753.35,0
15786789,29,725,6,4,2835.94,0,3,0,1000,0
15578865,50,632,5,48,7809.89,2,1,0,107959.39,1
15605672,38,694,5,28,11512.4,0,2,0,195926.39,0
15603674,36,803,1,33,34334.31,1,5,1,1000,0
15759915,31,814,6,23,31351.17,4,1,0,87772.52,0
15686219,38,611,4,40,14711.76,4,5,0,71018.6,0
15696388,38,755,4,23,40388.87,3,2,1,111096.91,0
15713604,40,425,9,35,7022.14,4,3,1,166776.6,0
15647800,34,850,6,8,14722.27,5,4,1,101266.51,0
15813451,18,677,8,45,35806.37,1,3,1,134796.87,0
15765375,46,797,8,46,34525.21,2,5,1,1000,0
15774586,43,692,10,4,21067.74,5,5,1,118588.83,1
15603454,28,735,5,10,18110.41,2,3,0,160454.15,0
15653037,77,609,1,2,10891.5,4,2,0,1000,0
15782475,42,700,8,45,31730.92,2,4,1,1000,0
15593496,36,526,5,37,23285.59,2,1,0,91132.18,0
15808971,57,693,9,21,24171.48,4,5,1,1000,0
15791972,20,748,7,13,38303.46,5,4,0,1000,0
15676869,36,657,8,47,27087.25,3,5,0,1000,0
15683007,25,739,5,8,28613.3,5,3,0,113113.12,0
15659495,23,784,2,22,6623.44,5,2,0,1000,0
15703923,41,744,7,29,49311.34,4,3,0,190409.34,0
15674000,44,645,10,27,2783.28,2,1,1,1000,0
15618171,33,669,9,2,36140.57,3,4,1,1000,0
15732202,34,615,1,43,41949.77,2,1,1,83503.11,1
15735078,53,724,1,8,42074.44,3,1,1,139687.66,0
15798615,47,850,9,49,30136.18,5,2,0,137301.87,0
15638494,39,625,10,13,767.04,1,5,0,129845.26,0
15763874,46,635,8,46,8135.03,2,4,1,1000,0
15696355,37,724,6,40,9954.11,3,4,1,125489.4,0
15655952,47,550,2,20,48034.11,3,4,1,1000,0
15739850,45,645,6,26,24330.1,4,5,1,155417.61,0
15611338,29,714,4,17,46068.45,1,1,0,1000,0
15707861,46,520,10,35,8643.23,1,5,1,85216.61,1
15672237,25,633,1,2,928.92,1,2,0,1000,0
15657771,37,537,6,33,44848.19,3,1,0,1000,0
15677783,38,764,4,9,12856.55,4,3,0,113607.47,0
15681026,33,795,9,42,41233.66,4,4,0,104552.72,1
15566543,44,573,9,29,12093.89,1,4,1,1000,0
15594612,44,702,9,19,3296.07,2,1,1,1000,1
15814664,33,740,2,20,20108.05,4,2,0,126524.11,0
15642785,34,479,5,24,23950.84,5,1,1,117593.48,0
15690164,33,627,4,23,22060.02,4,5,0,83199.05,0
15590213,35,479,4,21,395.44,4,3,0,125920.98,0
15603794,48,623,5,9,36647.53,2,1,0,118469.38,0
15733491,40,512,8,12,9734.23,2,4,0,153537.57,0
15806360,41,609,6,14,24145.1,5,2,0,1000,0
15587133,42,518,7,24,49298.33,2,1,1,151027.05,0
15721377,34,833,3,19,19148.98,2,3,1,144751.81,0
15747927,26,758,4,8,42669.4,1,1,1,155739.76,0
15806455,27,611,7,50,22760.07,3,4,0,1000,0
15695474,33,583,7,13,33987.9,2,4,0,122531.86,0
15666295,50,610,1,39,12900.96,1,3,0,113957.01,1
15656062,33,637,7,43,34846.67,1,4,1,103377.81,0
15579969,32,683,9,21,427.79,4,3,0,1000,0
15703563,40,774,9,32,33660.94,5,5,1,93017.47,0
15692664,58,677,1,41,44955.21,4,3,0,90022.85,0
15719276,35,741,6,37,28853.05,0,4,1,74371.49,0
15672754,42,498,3,23,41707.59,5,3,1,152039.7,1
15768163,46,655,7,11,8642.38,5,2,0,137145.12,1
15656710,40,613,4,36,46240.38,4,4,0,1000,0
15696175,35,602,7,8,15361.83,2,4,1,90602.42,0
15586914,36,659,6,25,25466.97,2,5,1,123841.49,0
15581736,47,673,1,21,2826.31,4,1,0,183579.54,0
15588839,30,606,8,21,3951.75,0,5,0,180307.73,0
15589329,30,775,4,11,35150.86,5,4,1,1000,0
15605622,28,841,4,8,46057.1,5,4,0,1000,0
15798964,33,714,3,23,38586.4,0,1,1,35016.6,0
15769959,53,597,4,50,36949,4,4,0,88381.21,1
15657105,36,726,2,28,43900.62,2,4,1,1000,0
15569266,28,644,7,4,9817.61,0,5,1,155060.41,0
15719294,29,800,2,22,17937.24,0,2,0,1000,0
15606229,39,771,5,37,42451.83,3,5,1,1000,0
15569892,35,516,10,5,16329.62,4,5,0,57369.61,0
15584532,36,709,7,39,46510.58,5,1,0,1000,1
15682355,42,772,3,31,4439.61,3,3,1,75075.31,1
15628319,28,792,4,14,5192.29,3,3,1,130142.79,0
